序号,区划层级,省份区划编码,地市区划编码,地市区划名称,区县区划编码,区县区划名称,机构层级,省份机构名称,地市机构编码,地市机构名称,区县机构编码,区县机构名称,网点机构编码,网点机构名称,主码,法定客户名称,子码,协议客户名称,业务关系码,业务关系名称,行业一级,行业二级,行业三级,客户等级,注册日期,客户经理编码,客户经理名称,首席客户经理编码,首席客户经理名称,团队编码,团队名称,统计期业务量_万件,统计期收入_万元,统计期重量_kg,对比期业务量_万件,对比期收入_万元,对比期重量_kg,col_38,col_39
1,420000,湖北省,420100,武汉市,420100,市直属,43000600,湖北省寄递事业部,43001800,武汉市寄递事业部,43000307,武汉市寄递事业部本部,43000258,武汉市寄递事业部本部商企客户营销中心,43000258,武汉市寄递事业部本部商企客户营销中心,C0000000529444,中国邮政储蓄银行股份有限公司湖北省分行,91100507409984,湖北省分行-中国邮政储蓄银行股份有限公司武汉市二桥营业所,1100160130047,湖北省分行(中国邮政储蓄银行股份有限公司湖北省分行单证包),商企类,金融类,其他,钻石,2023-06-28,"04149230,04108662","邓君鑫,罗婧",4003356186,马丽,"04108662,04149230","罗婧,邓君鑫",0.0276,18.2264151084001,5520,5.7242,107.999564151,0
2,420000,湖北省,420100,武汉市,420100,市直属,43000600,湖北省寄递事业部,43001800,武汉市寄递事业部,43000307,武汉市寄递事业部本部,43000258,武汉市寄递事业部本部商企客户营销中心,43000258,武汉市寄递事业部本部商企客户营销中心,C1103381454055,南京鸿牛科技有限公司,91101206872705,南京鸿牛-阳逻仓,1100246727257,南京鸿牛(极速鲜),商企类,生鲜特产,冷鲜类,,2026-06-24,"03917229,04235867","王良彬,胡栋",,,04235867,胡栋,0.0001,0.0003396226,1.618,0,0,0
3,420000,湖北省,420100,武汉市,420100,市直属,43000600,湖北省寄递事业部,43001800,武汉市寄递事业部,43000307,武汉市寄递事业部本部,43000257,武汉市寄递事业部本部快包部,43000550,武汉市径河揽投部,C1100405930216,合肥乐一乐文化传媒有限公司,91100362743568,合肥乐一乐文化传媒有限公司,1100055019608,乐一乐(快递包裹),商企类,其他,其他,铂金,2020-06-18,"04244444,04297034","柯南星,刘文涛",,,,,0,0,0,0.0004,0.0060167041,0.86
4,420000,湖北省,420100,武汉市,420100,市直属,43000600,湖北省寄递事业部,43001800,武汉市寄递事业部,43000307,武汉市寄递事业部本部,43000257,武汉市寄递事业部本部快包部,43000550,武汉市径河揽投部,C1101554105171,武汉市欧赛雅文服饰有限公司,91101055599387,武汉市欧赛雅文服饰有限公司,1100201659702,武汉市欧赛雅文服饰有限公司(电商标快),商企类,生鲜特产,其他类,铂金,2024-09-26,01613500,罗霄,,,,,0,0,0,0.1417,0.4214603708,1660.35
5,420000,湖北省,420100,武汉市,420100,市直属,43000600,湖北省寄递事业部,43001800,武汉市寄递事业部,43000307,武汉市寄递事业部本部,43000257,武汉市寄递事业部本部快包部,43000551,武汉市天河北揽投部,C1100867966891,湖北菲寻塑业有限公司,91101121066504,湖北菲寻塑业有限公司-快递包裹,1100224084923,湖北菲寻塑业有限公司(快递包裹),商企类,生鲜特产,特产类,,2025-08-06,"04101564,04235889,04017737","冯一阳,戢杏娥,杨彬",4008060475,蒋思成,T42010020260410496,东山团队,0.1517,1.1607877264,7104.348,0,0,0
6,420000,湖北省,420100,武汉市,420100,市直属,43000600,湖北省寄递事业部,43001800,武汉市寄递事业部,43000307,武汉市寄递事业部本部,43000257,武汉市寄递事业部本部快包部,43000551,武汉市天河北揽投部,C1103772437522,孝南区东山头洁康纸塑制品加工厂,91101108742689,孝南区东山头洁康纸塑制品加工厂,1100219700359,孝南区东山头洁康纸塑制品加工厂(标快+快包),商企类,生鲜特产,特产类,铂金,2025-06-09,"01605050,04235889,04017737","魏磊,戢杏娥,杨彬",4008060475,蒋思成,T42010020260410496,东山团队,0.7451,2.97131129719999,19950.19,0,0,0
7,420000,湖北省,420100,武汉市,420100,市直属,43000600,湖北省寄递事业部,43001800,武汉市寄递事业部,43000307,武汉市寄递事业部本部,43000257,武汉市寄递事业部本部快包部,43000552,武汉市东山揽投部,C1100977503665,湖北瑞屹宠业科技有限公司,91100904430428,湖北瑞屹宠业科技有限公司,1100188584792,湖北瑞屹宠业科技有限公司(快递包裹、电商标快),商企类,生鲜特产,其他类,钻石,2024-03-21,"04101564,04235889,04017737","冯一阳,戢杏娥,杨彬",4008060475,蒋思成,T42010020260410496,东山团队,0.2717,1.9964905624,11058.902,0,0,0
8,420000,湖北省,420100,武汉市,420100,市直属,43000600,湖北省寄递事业部,43001800,武汉市寄递事业部,43000307,武汉市寄递事业部本部,43000257,武汉市寄递事业部本部快包部,43000552,武汉市东山揽投部,C1101130395611,湖北书包包新材料科技有限公司,91101032377117,湖北书包包新材料科技有限公司-武汉仓,1100194019938,湖北书包包新材料科技有限公司(快递包裹、电商标快),商企类,生鲜特产,特产类,钻石,2024-06-17,"04101564,04235889,04017737","冯一阳,戢杏娥,杨彬",4008060475,蒋思成,T42010020260410496,东山团队,0.0008,0.0026037736,10.8,0,0,0
9,420000,湖北省,420100,武汉市,420100,市直属,43000600,湖北省寄递事业部,43001800,武汉市寄递事业部,43000307,武汉市寄递事业部本部,43000257,武汉市寄递事业部本部快包部,43000552,武汉市东山揽投部,C1101146705871,深圳市微尔供应链管理有限公司,91100936353382,深圳市微尔供应链管理有限公司,1100161164269,深圳市微尔供应链管理有限公司(寄递),商企类,生鲜特产,其他类,钻石,2023-07-05,"03883930,04235889,04017737","宋紫昱,戢杏娥,杨彬",4008060475,蒋思成,T42010020260410496,东山团队,2.0669,8.51054714669999,62545.224,0,0,0
10,420000,湖北省,420100,武汉市,420100,市直属,43000600,湖北省寄递事业部,43001800,武汉市寄递事业部,43000307,武汉市寄递事业部本部,43000257,武汉市寄递事业部本部快包部,43000553,武汉市天河西揽投部,C1100954268848,湖北烈焰电子商务有限公司,91100890446430,湖北烈焰电子商务有限公司,1100160099951,湖北烈焰电子商务有限公司(快递包裹),商企类,生鲜特产,其他类,钻石,2023-06-28,"01613532,04235889,04017737","黄文娟,戢杏娥,杨彬",4008060475,蒋思成,T42010020260410496,东山团队,0.004,-0.1329151161,-804.465,0,0,0
11,420000,湖北省,420100,武汉市,420100,市直属,43000600,湖北省寄递事业部,43001800,武汉市寄递事业部,43001508,武汉市银墩路揽投部,-1,直属,43001508,武汉市银墩路揽投部,C1100509593777,北京明苑风华文化传媒有限公司,91101065162485,北京明苑风华文化传媒有限公司-武汉仓储,1100205963175,北京明苑风华文化传媒有限公司(快递包裹),商企类,生鲜特产,特产类,钻石,2024-11-19,"03405532,04017744","赵伟领,胡辉映",5012888164,凌琳,"03405532,04017744","赵伟领,胡辉映",0.0466,0.2436462407,1145.471,0,0,0
12,420000,湖北省,420100,武汉市,420102,江岸区,43000600,湖北省寄递事业部,43001800,武汉市寄递事业部,43006100,武汉市江岸区寄递事业部,43000437,武汉市江岸金银潭揽投部,43000437,武汉市江岸金银潭揽投部,C0000000531649,康稳移动供电设备（武汉）有限公司,81100410034600,康稳移动供电设备（武汉）有限公司-康稳移动供电设备（武汉）有限公司2020,1100066084556,康稳移动供电设备（武汉）有限公司(特快),商企类,生产加工制造业,大型设备、机电设备、重工业,普通,2020-09-17,03883930,宋紫昱,,,,,0,0,0,0.0003,0.004043751,0.26
14,420000,湖北省,420100,武汉市,420102,江岸区,43000600,湖北省寄递事业部,43001800,武汉市寄递事业部,43006100,武汉市江岸区寄递事业部,43000437,武汉市江岸金银潭揽投部,43000437,武汉市江岸金银潭揽投部,C1100202301707,武汉梦想特区实业发展有限公司,91100202318176,武汉梦想特区实业发展有限公司,1100146756236,武汉梦想特区实业发展有限公司(国内EMS),商企类,商业服务类,行政寄递,普通,2023-02-17,01611052,郭蕾,,,01611052,郭蕾,0.0013,0.0162169813,0.91,0.0007,0.0068700103,0.62
15,420000,湖北省,420100,武汉市,420102,江岸区,43000600,湖北省寄递事业部,43001800,武汉市寄递事业部,43006100,武汉市江岸区寄递事业部,43000437,武汉市江岸金银潭揽投部,43000437,武汉市江岸金银潭揽投部,C1100416184332,武汉加贝消防工程有限公司,91101058120773,武汉加贝消防工程有限公司-武汉加贝消防工程有限公司,1100202924753,武汉加贝消防工程有限公司(武汉加贝消防工程有限公司),商企类,其他,其他,普通,2024-10-11,04274759,荆梦,,,04274759,荆梦,0.001,0.0193396229,1.44,0.0012,0.0195416303,3.9
16,420000,湖北省,420100,武汉市,420102,江岸区,43000600,湖北省寄递事业部,43001800,武汉市寄递事业部,43006100,武汉市江岸区寄递事业部,43000437,武汉市江岸金银潭揽投部,43000437,武汉市江岸金银潭揽投部,C1100689136959,湖北诺肯药业有限公司,91100641478114,湖北诺肯药业有限公司,1100152678843,湖北诺肯药业有限公司(特快),商企类,生鲜特产,特产类,黄金,2023-05-04,03883930,宋紫昱,,,03883930,宋紫昱,0.0566,0.3465754734,1224.921,0.1269,0.7411275548,2521.315
19,420000,湖北省,420100,武汉市,420102,江岸区,43000600,湖北省寄递事业部,43001800,武汉市寄递事业部,43006100,武汉市江岸区寄递事业部,43000437,武汉市江岸金银潭揽投部,43000437,武汉市江岸金银潭揽投部,C1101164924582,湖北云速通信息技术有限公司,91100945121868,湖北云速通信息技术有限公司,1100166202234,湖北云速通信息技术有限公司,商企类,IT通讯类,IT服务类,普通,2023-08-07,04065524,吴松,4009535495,张赵文,,,0,0,0,0.0001,0.0009433962,0.06
20,420000,湖北省,420100,武汉市,420102,江岸区,43000600,湖北省寄递事业部,43001800,武汉市寄递事业部,43006100,武汉市江岸区寄递事业部,43000437,武汉市江岸金银潭揽投部,43000437,武汉市江岸金银潭揽投部,C1101827339421,柯维法律咨询（武汉）有限公司,91101075771741,柯维法律咨询（武汉）有限公司,1100207957675,柯维法律咨询（武汉）有限公司(寄递),商企类,商业服务类,专业服务、咨询（财会、法律、人力资源等）,普通,2024-12-16,04274759,荆梦,,,04274759,荆梦,0.0001,0.0009433962,0.1,0,0,0
21,420000,湖北省,420100,武汉市,420102,江岸区,43000600,湖北省寄递事业部,43001800,武汉市寄递事业部,43006100,武汉市江岸区寄递事业部,43000437,武汉市江岸金银潭揽投部,43000437,武汉市江岸金银潭揽投部,C1102844086532,武汉市雀娱网络科技有限公司,91101131004350,武汉市雀娱网络科技有限公司,1100229728338,武汉市雀娱网络科技有限公司(寄递),商企类,IT通讯类,IT服务类,,2025-09-10,01605034,陈宏,,,01605034,陈宏,0.0008,0.0038490564,13.439,0,0,0
22,420000,湖北省,420100,武汉市,420102,江岸区,43000600,湖北省寄递事业部,43001800,武汉市寄递事业部,43006100,武汉市江岸区寄递事业部,43000437,武汉市江岸金银潭揽投部,43000437,武汉市江岸金银潭揽投部,C1103738916885,武汉佰乐通信有限公司,91101093477586,武汉佰乐通信有限公司,1100214639726,武汉佰乐通信有限公司(寄递),商企类,IT通讯类,行政寄递,普通,2025-03-13,01605034,陈宏,,,,,0,0,0,0.0018,0.0236189285,17.1
23,420000,湖北省,420100,武汉市,420102,江岸区,43000600,湖北省寄递事业部,43001800,武汉市寄递事业部,43006100,武汉市江岸区寄递事业部,43001007,武汉市江岸长春街揽投部,43001007,武汉市江岸长春街揽投部,C0000000516192,中国长江三峡集团有限公司,91100992872380,中国长江三峡集团有限公司-江岸2,1100183487452,中国长江三峡集团有限公司(生态工程中心),商企类,能源、矿产、环保,电气、电力、煤气、水利,普通,2024-01-15,01612011,乐云,,,,,0,0,0,0.0009,0.016171499,6.42
24,420000,湖北省,420100,武汉市,420102,江岸区,43000600,湖北省寄递事业部,43001800,武汉市寄递事业部,43006100,武汉市江岸区寄递事业部,43001007,武汉市江岸长春街揽投部,43001007,武汉市江岸长春街揽投部,C0000000531065,中国建设银行股份有限公司武汉江岸支行,91100997853676,中国建设银行股份有限公司武汉江岸支行-中国建设银行股份有限公司武汉江岸支行（法务部）,1100185125307,中国建设银行股份有限公司武汉江岸支行(（法务部）),商企类,金融类,行政办公,白银,2024-02-06,01613145,陈英,,,,,0,0,0,0.0062,0.063344814,6.2
25,420000,湖北省,420100,武汉市,420102,江岸区,43000600,湖北省寄递事业部,43001800,武汉市寄递事业部,43006100,武汉市江岸区寄递事业部,43001007,武汉市江岸长春街揽投部,43001007,武汉市江岸长春街揽投部,C0000002439581,百特（中国）投资有限公司,91100003768051,百特（中国）投资有限公司-X-中信泰富大厦-百特（中国）投资有限公司武汉分公司,1030002060181,百特（中国）投资有限公司(X-中信泰富大厦-百特（中国）投资有限公司武汉分公司),商企类,商业服务类,专业服务、咨询（财会、法律、人力资源等）,普通,2018-08-09,01612164,朱立军,,,,,0,0,0,0.0083,0.13066356,94.39
26,420000,湖北省,420100,武汉市,420102,江岸区,43000600,湖北省寄递事业部,43001800,武汉市寄递事业部,43006100,武汉市江岸区寄递事业部,43001007,武汉市江岸长春街揽投部,43001007,武汉市江岸长春街揽投部,C0000004535557,武汉三源特种建材有限责任公司,90000005787771,武汉三源特种建材有限责任公司,1100057474425,武汉三源特种建材有限责任公司(特快),商企类,能源、矿产、环保,能源、矿产、采掘、冶炼,白银,2020-07-07,01612726,叶青,,,,,0,0,0,0.0012,0.0148879351,1.2
27,420000,湖北省,420100,武汉市,420102,江岸区,43000600,湖北省寄递事业部,43001800,武汉市寄递事业部,43006100,武汉市江岸区寄递事业部,43001007,武汉市江岸长春街揽投部,43001007,武汉市江岸长春街揽投部,C0000005071081,中石化长江燃料有限公司,90000006620914,中石化长江燃料有限公司,1030002027274,中石化长江燃料有限公司(特快),商企类,能源、矿产、环保,能源、矿产、采掘、冶炼,白银,2016-03-09,03524361,孟秋,,,,,0,0,0,0.0045,0.0591102899,5.1
28,420000,湖北省,420100,武汉市,420102,江岸区,43000600,湖北省寄递事业部,43001800,武汉市寄递事业部,43006100,武汉市江岸区寄递事业部,43001007,武汉市江岸长春街揽投部,43001007,武汉市江岸长春街揽投部,C0000005994085,渣打银行（中国）有限公司武汉分行,90000007680854,渣打银行（中国）有限公司武汉分行-J渣打银行武汉分行,1030001737765,渣打银行（中国）有限公司武汉分行(特快),商企类,金融类,对账单寄递,白银,2016-08-10,01612164,朱立军,,,,,0,0,0,0.0028,0.0513214464,46.548
29,420000,湖北省,420100,武汉市,420102,江岸区,43000600,湖北省寄递事业部,43001800,武汉市寄递事业部,43006100,武汉市江岸区寄递事业部,43001007,武汉市江岸长春街揽投部,43001007,武汉市江岸长春街揽投部,C0000007235883,中国长江电力股份有限公司,90000009063851,中国长江电力股份有限公司,1100127587091,长江电力股份有限公司(特快),商企类,能源、矿产、环保,电气、电力、煤气、水利,白银,2022-09-13,01612726,叶青,,,,,0,0,0,0.0084,0.1318354231,16.1
30,420000,湖北省,420100,武汉市,420102,江岸区,43000600,湖北省寄递事业部,43001800,武汉市寄递事业部,43006100,武汉市江岸区寄递事业部,43001007,武汉市江岸长春街揽投部,43001007,武汉市江岸长春街揽投部,C0000007690721,上海罗氏制药有限公司,80000002289988,上海罗氏制药有限公司,1030000826875,上海罗氏制药有限公司(X新世界-Y上海罗氏制药有限公司新世界中心店),商企类,医药类,药品生产、医疗器械,普通,2015-11-23,03949503,王曦,,,,,0,0,0,0.0014,0.0176814176,3
31,420000,湖北省,420100,武汉市,420102,江岸区,43000600,湖北省寄递事业部,43001800,武汉市寄递事业部,43006100,武汉市江岸区寄递事业部,43001007,武汉市江岸长春街揽投部,43001007,武汉市江岸长春街揽投部,C0000007895010,国华人寿保险股份有限公司湖北分公司,90000009820975,国华人寿保险股份有限公司湖北分公司,1100031623973,国华人寿保险股份有限公司湖北分公司(特快),商企类,保险类,行政寄递,白银,2019-08-01,01610903,任珊,,,,,0,0,0,0.0085,0.1461470028,290.3
32,420000,湖北省,420100,武汉市,420102,江岸区,43000600,湖北省寄递事业部,43001800,武汉市寄递事业部,43006100,武汉市江岸区寄递事业部,43001007,武汉市江岸长春街揽投部,43001007,武汉市江岸长春街揽投部,C0000009418338,湖北商贸物流集团有限公司,91100835624819,湖北商贸物流集团有限公司,1100125696528,湖北商贸物流集团有限公司(特快),商企类,生鲜特产,特产类,黄金,2022-08-26,01612163,魏罡,,,,,0,0,0,0.0049,0.0592695005,4.9
33,420000,湖北省,420100,武汉市,420102,江岸区,43000600,湖北省寄递事业部,43001800,武汉市寄递事业部,43006100,武汉市江岸区寄递事业部,43001007,武汉市江岸长春街揽投部,43001007,武汉市江岸长春街揽投部,C1100099476625,中信银行股份有限公司武汉分行,91101068738555,中信银行股份有限公司武汉分行-江汉2,1100207412198,中信银行股份有限公司武汉分行(美签3),商企类,金融类,其他,黄金,2024-12-06,03736715,陈磊,,,,,0,0,0,0.0001,0.000754717,0.1
34,420000,湖北省,420100,武汉市,420102,江岸区,43000600,湖北省寄递事业部,43001800,武汉市寄递事业部,43006100,武汉市江岸区寄递事业部,43001007,武汉市江岸长春街揽投部,43001007,武汉市江岸长春街揽投部,C1100399024458,武汉天象置业有限公司,91100355405082,武汉天象置业有限公司,1100052609846,武汉天象置业有限公司(特快),商企类,房产建筑,房地产、建筑建材、工程,普通,2020-05-29,03988531,丁勇,,,03988531,丁勇,0.0014,0.0185849056,3.14,0,0,0
35,420000,湖北省,420100,武汉市,420102,江岸区,43000600,湖北省寄递事业部,43001800,武汉市寄递事业部,43006100,武汉市江岸区寄递事业部,43001007,武汉市江岸长春街揽投部,43001007,武汉市江岸长春街揽投部,C1100485099467,三峡高科信息技术有限责任公司,91100445416297,三峡高科信息技术有限责任公司,1100175068458,三峡高科信息技术有限责任公司,商企类,IT通讯类,IT服务类,普通,2023-10-24,01613145,陈英,,,,,0,0,0,0.0003,0.0033822051,0.3
36,420000,湖北省,420100,武汉市,420102,江岸区,43000600,湖北省寄递事业部,43001800,武汉市寄递事业部,43006100,武汉市江岸区寄递事业部,43001007,武汉市江岸长春街揽投部,43001007,武汉市江岸长春街揽投部,C1100492779101,捷银国际旅行社（上海）有限公司,91100589522272,捷银国际-武汉寄递,1100099615743,捷银国际旅行社（上海）有限公司(捷银项目-武汉),商企类,贸易、消费品、调换货,其他,普通,2021-10-29,01617306,刘婷婷,,,,,0,0,0,0.0001,0.0009433962,0.1
37,420000,湖北省,420100,武汉市,420102,江岸区,43000600,湖北省寄递事业部,43001800,武汉市寄递事业部,43006100,武汉市江岸区寄递事业部,43001007,武汉市江岸长春街揽投部,43001007,武汉市江岸长春街揽投部,C1100569123301,武汉小竹物业管理有限公司,80000002307024,武汉小竹物业管理有限公司,1030002294584,武汉小竹物业管理有限公司(江岸寄递),商企类,房产建筑,物业管理、商业中心,普通,2015-11-23,04033740,张成,,,,,0,0,0,0.0005,0.0055551324,1.5
38,420000,湖北省,420100,武汉市,420102,江岸区,43000600,湖北省寄递事业部,43001800,武汉市寄递事业部,43006100,武汉市江岸区寄递事业部,43001007,武汉市江岸长春街揽投部,43001007,武汉市江岸长春街揽投部,C1100579009237,湖北南德经济发展集团有限公司,91100536819138,湖北南德经济发展集团有限公司,1100089607002,湖北南德经济发展集团有限公司(特快),商企类,房产建筑,房地产、建筑建材、工程,普通,2021-06-01,04101601,张天,,,,,0,0,0,0,-0.0009433962,0
39,420000,湖北省,420100,武汉市,420102,江岸区,43000600,湖北省寄递事业部,43001800,武汉市寄递事业部,43006100,武汉市江岸区寄递事业部,43001007,武汉市江岸长春街揽投部,43001007,武汉市江岸长春街揽投部,C1100620700232,武汉润雪房地产开发有限公司,91101078608192,润雪-寄递,1100209733916,润雪(寄递),商企类,房产建筑,物业管理、商业中心,白银,2024-12-31,04108668,许颖,,,,,0,0,0,0.0002,0.0009433962,0.2
40,420000,湖北省,420100,武汉市,420102,江岸区,43000600,湖北省寄递事业部,43001800,武汉市寄递事业部,43006100,武汉市江岸区寄递事业部,43001007,武汉市江岸长春街揽投部,43001007,武汉市江岸长春街揽投部,C1100660409041,长江三峡实业有限公司武汉分公司,91100614805578,长江三峡实业有限公司武汉分公司,1100103944092,长江三峡实业有限公司武汉分公司(特快),商企类,能源、矿产、环保,电气、电力、煤气、水利,白银,2022-01-05,01612011,乐云,,,,,0,0,0,0.0054,0.0987765813,36.7
41,420000,湖北省,420100,武汉市,420102,江岸区,43000600,湖北省寄递事业部,43001800,武汉市寄递事业部,43006100,武汉市江岸区寄递事业部,43001007,武汉市江岸长春街揽投部,43001007,武汉市江岸长春街揽投部,C1100707006811,武汉叶开泰药业连锁有限公司,91101113318561,武汉叶开泰药业-寄递,1100221368510,武汉叶开泰药业(寄递),商企类,医药类,药品销售,普通,2025-06-30,03110325,张喆,,,,,0,0,0,0.0001,0.0009433962,0.1
42,420000,湖北省,420100,武汉市,420102,江岸区,43000600,湖北省寄递事业部,43001800,武汉市寄递事业部,43006100,武汉市江岸区寄递事业部,43001007,武汉市江岸长春街揽投部,43001007,武汉市江岸长春街揽投部,C1100880237347,武汉岱家山瞪羚企业加速器有限公司,91100835602589,武汉岱家山瞪羚企业加速器有限公司,1100125523718,武汉岱家山科技企业加速器有限公司,商企类,生产加工制造业,印刷、包装、造纸、办公设备、轻工业,普通,2022-08-25,03949503,王曦,,,,,0,0,0,0.0001,0.0004716981,0.1
43,420000,湖北省,420100,武汉市,420102,江岸区,43000600,湖北省寄递事业部,43001800,武汉市寄递事业部,43006100,武汉市江岸区寄递事业部,43001007,武汉市江岸长春街揽投部,43001007,武汉市江岸长春街揽投部,C1100902304639,上海灰熵企业管理服务有限公司,91100854682049,上海灰熵企业管理服务有限公司,1100131795299,上海灰熵企业管理服务有限公司,商企类,商业服务类,其他,普通,2022-10-18,03883930,宋紫昱,,,,,0,0,0,0,-0.0009433962,0
45,420000,湖北省,420100,武汉市,420102,江岸区,43000600,湖北省寄递事业部,43001800,武汉市寄递事业部,43006100,武汉市江岸区寄递事业部,43001007,武汉市江岸长春街揽投部,43001007,武汉市江岸长春街揽投部,C1101316087749,武汉华力商业管理有限公司,91101067970822,武汉华力商业管理有限公司,1100207131028,武汉华力商业管理有限公司(寄递),商企类,商业服务类,广告、会展、公关、中介,普通,2024-12-03,01612099,高智,,,,,0,0,0,0.0001,0.000754717,0.1
46,420000,湖北省,420100,武汉市,420102,江岸区,43000600,湖北省寄递事业部,43001800,武汉市寄递事业部,43006100,武汉市江岸区寄递事业部,43001007,武汉市江岸长春街揽投部,43001007,武汉市江岸长春街揽投部,C1101378939585,武汉国荣置业有限公司,91101053701380,武汉国荣置业有限公司-寄递,1100200831815,武汉国荣置业有限公司(寄递),商企类,房产建筑,房地产、建筑建材、工程,普通,2024-09-14,03811836,吴尚高,,,,,0,0,0,0.0004,0.0058326986,0.4
47,420000,湖北省,420100,武汉市,420102,江岸区,43000600,湖北省寄递事业部,43001800,武汉市寄递事业部,43006100,武汉市江岸区寄递事业部,43001007,武汉市江岸长春街揽投部,43001007,武汉市江岸长春街揽投部,C1101514904297,湖北华阳建设有限公司,91101199354172,湖北华阳建设有限公司,1100245696307,湖北华阳建设有限公司(寄递),商企类,房产建筑,房地产、建筑建材、工程,,2026-05-13,01612066,殷花,,,01612066,殷花,0.0001,0.0009433962,0.05,0,0,0
49,420000,湖北省,420100,武汉市,420102,江岸区,43000600,湖北省寄递事业部,43001800,武汉市寄递事业部,43006100,武汉市江岸区寄递事业部,43001102,武汉市江岸堤角揽投部,43001102,武汉市江岸堤角揽投部,C1101151589822,快宝(上海)网络技术有限公司,91101016932925,快宝(上海)网络技术有限公司-快宝上门取件武汉市,1100189814441,快宝(上海)网络技术有限公司(上海)网络技术有限公司(快宝上门取件武汉市),商企类,退换货（商企）,快宝退换货（商企）,普通,2024-04-10,"03916800,03881828","徐玉婷,申莉莉",,,03916800,徐玉婷,0.0001,0.0011320755,0.1,0,0,0
50,420000,湖北省,420100,武汉市,420102,江岸区,43000600,湖北省寄递事业部,43001800,武汉市寄递事业部,43006100,武汉市江岸区寄递事业部,43001102,武汉市江岸堤角揽投部,43001102,武汉市江岸堤角揽投部,C1103738916908,武汉鑫欣聚建筑工程有限公司,91101093477621,武汉鑫欣聚建筑工程有限公司,1100214639760,武汉鑫欣聚建筑工程有限公司(寄递),商企类,房产建筑,房地产、建筑建材、工程,普通,2025-03-13,04271831,孙博文,,,,,0,0,0,0.0001,0.0009433962,0.6
51,420000,湖北省,420100,武汉市,420102,江岸区,43000600,湖北省寄递事业部,43001800,武汉市寄递事业部,43006100,武汉市江岸区寄递事业部,43001206,武汉市江岸二七揽投部,43001206,武汉市江岸二七揽投部,C0000005256648,新八建设集团有限公司,90000006848747,新八建设集团有限公司,1100101613396,新八建设集团有限公司(寄递),商企类,房产建筑,房地产、建筑建材、工程,普通,2021-12-02,01613191,彭唯物,,,,,0,0,0,0.0001,0.0009433962,0.1
52,420000,湖北省,420100,武汉市,420102,江岸区,43000600,湖北省寄递事业部,43001800,武汉市寄递事业部,43006100,武汉市江岸区寄递事业部,43001206,武汉市江岸二七揽投部,43001206,武汉市江岸二七揽投部,C1100206481586,武汉泰富二零四九滨江房地产开发有限公司,91100206501220,武汉泰富二零四九滨江房地产开发有限公司,1100109821744,武汉泰富二零四九滨江房地产开发有限公司(特快),商企类,房产建筑,房地产、建筑建材、工程,普通,2022-03-16,01613191,彭唯物,,,,,0,0,0,0.0001,0.0009433962,0.1
53,420000,湖北省,420100,武汉市,420102,江岸区,43000600,湖北省寄递事业部,43001800,武汉市寄递事业部,43006100,武汉市江岸区寄递事业部,43001206,武汉市江岸二七揽投部,43001206,武汉市江岸二七揽投部,C1100353963236,内蒙古伊利实业集团股份有限公司,91101199747875,内蒙古伊利实业集团股份有限公司-武汉分公司,1100245754290,内蒙古伊利实业集团股份有限公司(特快),商企类,贸易、消费品、调换货,快速消费品（食品、饮料、烟酒、日化）,,2026-05-15,01612099,高智,4003356186,马丽,04108662,罗婧,0.0003,0.0023396226,0.16,0,0,0
54,420000,湖北省,420100,武汉市,420102,江岸区,43000600,湖北省寄递事业部,43001800,武汉市寄递事业部,43006100,武汉市江岸区寄递事业部,43001206,武汉市江岸二七揽投部,43001206,武汉市江岸二七揽投部,C1100393509584,武汉鼎天伟业商贸有限公司,91101131004215,武汉鼎天伟业商贸有限公司,1100229728035,武汉鼎天伟业商贸有限公司(寄递),商企类,商业服务类,其他,,2025-09-10,01612099,高智,,,01612099,高智,0.0003,0.0040188679,27.92,0,0,0
55,420000,湖北省,420100,武汉市,420102,江岸区,43000600,湖北省寄递事业部,43001800,武汉市寄递事业部,43006100,武汉市江岸区寄递事业部,43001206,武汉市江岸二七揽投部,43001206,武汉市江岸二七揽投部,C1100450329959,武汉武商超市管理有限公司,91100409319941,武汉武商超市管理有限公司,1100151447767,武商超市(武汉武商超市管理有限公司),商企类,贸易、消费品、调换货,零售、批发,普通,2023-04-18,03832658,彭峰,,,,,0,0,0,0.0001,0.0009433962,0.1
56,420000,湖北省,420100,武汉市,420102,江岸区,43000600,湖北省寄递事业部,43001800,武汉市寄递事业部,43006100,武汉市江岸区寄递事业部,43001206,武汉市江岸二七揽投部,43001206,武汉市江岸二七揽投部,C1100490185481,上海禹璨信息技术有限公司,91100450451562,上海禹璨信息技术有限公司,1100176630421,上海禹璨信息技术有限公司(上海禹璨(息技术有限公司(上海禹璨(上海禹璨(信息技术有限公司(武汉江岸多多买菜社区团购项目1仓))))),商企类,生鲜特产,其他类,钻石,2023-11-08,01613713,黄欢,4003356186,马丽,01613713,黄欢,1.5043,16.3035896480002,7521.5,2.1312,21.7680283019,0
57,420000,湖北省,420100,武汉市,420102,江岸区,43000600,湖北省寄递事业部,43001800,武汉市寄递事业部,43006100,武汉市江岸区寄递事业部,43001206,武汉市江岸二七揽投部,43001206,武汉市江岸二七揽投部,C1100491889719,武汉市烟草学会,91100452153507,武汉市烟草学会,1100074354544,武汉市烟草学会(特快),商企类,生鲜特产,其他类,普通,2020-12-04,03949503,王曦,5013031424,赵辉,03949503,王曦,0.0001,0.0009433962,0.04,0,0,0
58,420000,湖北省,420100,武汉市,420102,江岸区,43000600,湖北省寄递事业部,43001800,武汉市寄递事业部,43006100,武汉市江岸区寄递事业部,43001206,武汉市江岸二七揽投部,43001206,武汉市江岸二七揽投部,C1100566439375,湖北益丰大药房连锁有限公司,91100973091955,湖北益丰大药房连锁有限公司,1100212142778,湖北益丰大药房连锁有限公司(特快),商企类,医药类,药品销售,普通,2025-02-06,01612922,张国华,,,,,0,0,0,0.0001,0.0005660377,0.08
59,420000,湖北省,420100,武汉市,420102,江岸区,43000600,湖北省寄递事业部,43001800,武汉市寄递事业部,43006100,武汉市江岸区寄递事业部,43001206,武汉市江岸二七揽投部,43001206,武汉市江岸二七揽投部,C1100914053509,武汉市不一堂大药房有限公司,91100863455665,武汉市不一堂大药房有限公司,1100135170177,武汉市不一堂大药房有限公司(寄递),商企类,医药类,药品销售,普通,2022-11-14,03832658,彭峰,,,,,0,0,0,0,-0.0009433962,0
62,420000,湖北省,420100,武汉市,420102,江岸区,43000600,湖北省寄递事业部,43001800,武汉市寄递事业部,43006100,武汉市江岸区寄递事业部,43001206,武汉市江岸二七揽投部,43001206,武汉市江岸二七揽投部,C1101130092378,武汉利宁互通信息技术有限公司,91100928749562,武汉利宁互通信息技术有限公司,1100157123595,武汉利宁互通信息技术有限公司(特快),商企类,IT通讯类,IT服务类,普通,2023-06-07,03832658,彭峰,,,,,0,0,0,0.0002,0.0018867924,0.2
63,420000,湖北省,420100,武汉市,420102,江岸区,43000600,湖北省寄递事业部,43001800,武汉市寄递事业部,43006100,武汉市江岸区寄递事业部,43001206,武汉市江岸二七揽投部,43001206,武汉市江岸二七揽投部,C1101686454668,武汉鸿腾雅和商贸有限公司,91101053089132,武汉鸿腾雅和商贸有限公司,1100200318242,武汉鸿腾雅和商贸有限公司(寄递),商企类,生鲜特产,特产类,普通,2024-09-10,03800063,宋哲威,,,03800063,宋哲威,0.0024,0.0387783015,221.34,0,0,0
64,420000,湖北省,420100,武汉市,420102,江岸区,43000600,湖北省寄递事业部,43001800,武汉市寄递事业部,43006100,武汉市江岸区寄递事业部,43001206,武汉市江岸二七揽投部,43001206,武汉市江岸二七揽投部,C1102407784521,松下汽车电子系统有限公司,91101066657148,松下汽车电子系统有限公司,1100206797160,松下汽车电子系统有限公司(寄递),商企类,贸易、消费品、调换货,零售、批发,普通,2024-11-27,01612066,殷花,,,01612066,殷花,0.0001,0.0009433962,0.04,0.0001,0.0009433962,0.1
66,420000,湖北省,420100,武汉市,420102,江岸区,43000600,湖北省寄递事业部,43001800,武汉市寄递事业部,43006100,武汉市江岸区寄递事业部,43001211,武汉市江岸大兴路揽投部,43001211,武汉市江岸大兴路揽投部,C1100238638125,武汉市泓锦瑞科技发展有限公司,91100226935021,武汉市泓锦瑞科技发展有限公司,1100031467193,鸿锦瑞工贸(武汉市鸿锦瑞工贸有限公司),商企类,生产加工制造业,其他,普通,2019-07-24,03988531,丁勇,,,,,0,0,0,0,-0.0064150943,0
68,420000,湖北省,420100,武汉市,420102,江岸区,43000600,湖北省寄递事业部,43001800,武汉市寄递事业部,43006100,武汉市江岸区寄递事业部,43001211,武汉市江岸大兴路揽投部,43001211,武汉市江岸大兴路揽投部,C1101151589822,快宝(上海)网络技术有限公司,91101016932925,快宝(上海)网络技术有限公司-快宝上门取件武汉市,1100189814441,快宝(上海)网络技术有限公司(上海)网络技术有限公司(快宝上门取件武汉市),商企类,退换货（商企）,快宝退换货（商企）,普通,2024-04-10,"03916800,03881828","徐玉婷,申莉莉",,,03916800,徐玉婷,0.0006,0.0059433961,3.102,0,0,0
70,420000,湖北省,420100,武汉市,420102,江岸区,43000600,湖北省寄递事业部,43001800,武汉市寄递事业部,43006100,武汉市江岸区寄递事业部,43001305,武汉市江岸后湖揽投部,43001305,武汉市江岸后湖揽投部,C1100546829781,武汉邦信财税智能科技有限公司,91100506206427,武汉邦信财税智能科技有限公司,1100152986946,武汉邦信财税智能科技有限公司(特快),商企类,商业服务类,专业服务、咨询（财会、法律、人力资源等）,普通,2023-05-08,03469192,王健,,,03469192,王健,0.0017,0.0174528299,3.05,0.0013,0.0122641506,1.3
73,420000,湖北省,420100,武汉市,420102,江岸区,43000600,湖北省寄递事业部,43001800,武汉市寄递事业部,43006100,武汉市江岸区寄递事业部,43001305,武汉市江岸后湖揽投部,43001305,武汉市江岸后湖揽投部,C1101113109963,武汉周弘堂健康咨询有限公司,91100924974838,武汉周弘堂健康咨询有限公司,1100155014828,武汉周弘堂健康咨询有限公司,商企类,医药类,药品销售,普通,2023-05-24,01611052,郭蕾,,,,,0,0,0,0.0001,0.0009433962,0.1
74,420000,湖北省,420100,武汉市,420102,江岸区,43000600,湖北省寄递事业部,43001800,武汉市寄递事业部,43006100,武汉市江岸区寄递事业部,43001305,武汉市江岸后湖揽投部,43001305,武汉市江岸后湖揽投部,C1101151589822,快宝(上海)网络技术有限公司,91101016932925,快宝(上海)网络技术有限公司-快宝上门取件武汉市,1100189814441,快宝(上海)网络技术有限公司(上海)网络技术有限公司(快宝上门取件武汉市),商企类,退换货（商企）,快宝退换货（商企）,普通,2024-04-10,"03916800,03881828","徐玉婷,申莉莉",,,03916800,徐玉婷,0.0001,0.0009433962,0.1,0,0,0
75,420000,湖北省,420100,武汉市,420102,江岸区,43000600,湖北省寄递事业部,43001800,武汉市寄递事业部,43006100,武汉市江岸区寄递事业部,43001305,武汉市江岸后湖揽投部,43001305,武汉市江岸后湖揽投部,C1101353284288,武汉京容科技集团有限公司,91101063729763,武汉京容科技集团有限公司,1100205254617,武汉京容科技集团有限公司(寄递),商企类,生产加工制造业,加工制造,普通,2024-11-11,01612011,乐云,,,,,0,0,0,0.0001,0.0009433962,0.1
76,420000,湖北省,420100,武汉市,420102,江岸区,43000600,湖北省寄递事业部,43001800,武汉市寄递事业部,43006100,武汉市江岸区寄递事业部,43001402,武汉市江岸上海路揽投部,43001402,武汉市江岸上海路揽投部,C0000000531054,中国银行股份有限公司武汉市直支行,80000003898626,中国银行股份有限公司武汉市直支行-J中国银行花桥营业部,1030001894231,中国银行股份有限公司武汉市直支行(中国银行花桥支行),商企类,金融类,票据、凭证包,普通,2016-07-18,03789534,熊博弘,4003356186,马丽,03789534,熊博弘,0.0255,0.3638679217,309.859,0.0071,0.117637094,101.893
77,420000,湖北省,420100,武汉市,420102,江岸区,43000600,湖北省寄递事业部,43001800,武汉市寄递事业部,43006100,武汉市江岸区寄递事业部,43001402,武汉市江岸上海路揽投部,43001402,武汉市江岸上海路揽投部,C0000000531065,中国建设银行股份有限公司武汉江岸支行,90000010696462,中国建设银行股份有限公司武汉江岸支行-J-中国建设银行股份有限公司武汉江岸支行,1030001357235,中国建设银行股份有限公司武汉江岸支行(中国建设银行股份有限公司武汉江岸支行),商企类,金融类,对账单寄递,白银,2017-10-16,01611051,文媛,5013031424,赵辉,01611051,文媛,0.0123,0.1285849035,18.471,0.0126,0.1377383557,23.133
78,420000,湖北省,420100,武汉市,420102,江岸区,43000600,湖北省寄递事业部,43001800,武汉市寄递事业部,43006100,武汉市江岸区寄递事业部,43001402,武汉市江岸上海路揽投部,43001402,武汉市江岸上海路揽投部,C0000000531379,东亚银行（中国）有限公司武汉分行,91100357168473,东亚银行（中国）有限公司武汉分行,1100053663803,东亚银行（中国）有限公司武汉分行(特快),商企类,金融类,基金、证券、期货、投资,普通,2020-06-04,01611051,文媛,,,,,0,0,0,0.0002,0.0018867924,0.09
79,420000,湖北省,420100,武汉市,420102,江岸区,43000600,湖北省寄递事业部,43001800,武汉市寄递事业部,43006100,武汉市江岸区寄递事业部,43001402,武汉市江岸上海路揽投部,43001402,武汉市江岸上海路揽投部,C0000000540436,湖北盐业集团有限公司,81100003767971,湖北盐业集团有限公司-湖北盐业集团有限公司（上海路）,1030001834730,湖北盐业集团有限公司(特快),商企类,生鲜特产,其他类,普通,2018-08-09,03789534,熊博弘,,,,,0,0,0,0.0042,0.0424112318,9.377
80,420000,湖北省,420100,武汉市,420102,江岸区,43000600,湖北省寄递事业部,43001800,武汉市寄递事业部,43006100,武汉市江岸区寄递事业部,43001402,武汉市江岸上海路揽投部,43001402,武汉市江岸上海路揽投部,C0000003823668,通用电气医疗投资(中国)有限公司,80000002592581,通用电气医疗投资(中国)有限公司-通用电气,1030002373290,通用电气医疗投资(中国)有限公司(特快),商企类,能源、矿产、环保,电气、电力、煤气、水利,普通,2015-12-04,03881837,敖茜,,,,,0,0,0,0.0001,0.0009433962,0.125
81,420000,湖北省,420100,武汉市,420102,江岸区,43000600,湖北省寄递事业部,43001800,武汉市寄递事业部,43006100,武汉市江岸区寄递事业部,43001402,武汉市江岸上海路揽投部,43001402,武汉市江岸上海路揽投部,C0000006529068,中国银行股份有限公司武汉江汉支行,81100447880003,中国银行股份有限公司江汉支行-中国银行江汉支行国际部,1100073489890,中国银行股份有限公司江汉支行(中国银行江汉支行国际部),商企类,金融类,其他,普通,2020-11-25,03789534,熊博弘,,,,,0,0,0,0.0134,0.1928877847,256.789
82,420000,湖北省,420100,武汉市,420102,江岸区,43000600,湖北省寄递事业部,43001800,武汉市寄递事业部,43006100,武汉市江岸区寄递事业部,43001402,武汉市江岸上海路揽投部,43001402,武汉市江岸上海路揽投部,C0000006530318,中国光大银行股份有限公司武汉分行,81100343938383,中国光大银行股份有限公司武汉分行-寄递商企光大银行GDYH,1100088339665,中国光大银行股份有限公司武汉分行(光大银行GDYH),商企类,金融类,基金、证券、期货、投资,白银,2021-05-08,04108687,陈梦园,4003356186,马丽,04108687,陈梦园,0.0255,0.3478301897,194.63,0.0208,0.2690895305,95.408
83,420000,湖北省,420100,武汉市,420102,江岸区,43000600,湖北省寄递事业部,43001800,武汉市寄递事业部,43006100,武汉市江岸区寄递事业部,43001402,武汉市江岸上海路揽投部,43001402,武汉市江岸上海路揽投部,C0000006530318,中国光大银行股份有限公司武汉分行,91100940173411,中国光大银行股份有限公司武汉分行-江岸光大银行设备部,1100163354396,中国光大银行股份有限公司武汉分行(设备部),商企类,金融类,行政办公,普通,2023-07-20,01611060,罗晶,,,,,0,0,0,0.0002,0.0029163493,0.106
84,420000,湖北省,420100,武汉市,420102,江岸区,43000600,湖北省寄递事业部,43001800,武汉市寄递事业部,43006100,武汉市江岸区寄递事业部,43001402,武汉市江岸上海路揽投部,43001402,武汉市江岸上海路揽投部,C0000006538002,渤海银行股份有限公司武汉分行,90000008278847,渤海银行股份有限公司武汉分行,1100060656308,渤海银行股份有限公司武汉分行(特快),商企类,金融类,行政办公,白银,2020-08-06,04108687,陈梦园,,,04108687,陈梦园,0.0024,0.0294339621,2.772,0.0019,0.0234403233,1.976
85,420000,湖北省,420100,武汉市,420102,江岸区,43000600,湖北省寄递事业部,43001800,武汉市寄递事业部,43006100,武汉市江岸区寄递事业部,43001402,武汉市江岸上海路揽投部,43001402,武汉市江岸上海路揽投部,C0000007838130,家利物业管理（深圳）有限公司武汉江汉南分公司,90000009752250,家利物业管理（深圳）有限公司武汉江汉南分公司,1100151838323,家利物业管理（深圳）有限公司武汉江汉南分公司(特快),商企类,房产建筑,物业管理、商业中心,白银,2023-04-23,01611051,文媛,5013031424,赵辉,01611051,文媛,0.0202,0.1973584857,11.186,0.0011,0.0105613637,0.72
86,420000,湖北省,420100,武汉市,420102,江岸区,43000600,湖北省寄递事业部,43001800,武汉市寄递事业部,43006100,武汉市江岸区寄递事业部,43001402,武汉市江岸上海路揽投部,43001402,武汉市江岸上海路揽投部,C0000007838141,家利物业管理（深圳）有限公司武汉江汉北分公司,90000009752261,家利物业管理（深圳）有限公司武汉江汉北分公司,1030001445222,家利物业管理（深圳）有限公司武汉江汉北分公司(特快),商企类,房产建筑,物业管理、商业中心,普通,2017-04-02,01611051,文媛,5013031424,赵辉,01611051,文媛,0.003,0.0303773578,1.67,0.0032,0.0315862463,2.404
88,420000,湖北省,420100,武汉市,420102,江岸区,43000600,湖北省寄递事业部,43001800,武汉市寄递事业部,43006100,武汉市江岸区寄递事业部,43001402,武汉市江岸上海路揽投部,43001402,武汉市江岸上海路揽投部,C1100409908990,和谐健康保险股份有限公司湖北分公司,91100366927443,和谐健康保险股份有限公司湖北分公司,1100057041201,和谐健康保险股份有限公司湖北分公司(保险股份有限公司湖北分公司2020),商企类,保险类,其他,白银,2020-07-02,01611051,文媛,4003355949,文媛,01611051,文媛,0.02,0.2052924451,87.335,0.0292,0.3116636326,137.893
89,420000,湖北省,420100,武汉市,420102,江岸区,43000600,湖北省寄递事业部,43001800,武汉市寄递事业部,43006100,武汉市江岸区寄递事业部,43001402,武汉市江岸上海路揽投部,43001402,武汉市江岸上海路揽投部,C1100429929131,湖北人福诺生药业有限责任公司,91100387952792,湖北人福诺生药业有限责任公司,1100061830314,湖北人福诺生药业有限责任公司(特快),商企类,医药类,药品销售,普通,2020-08-14,03988531,丁勇,,,03988531,丁勇,0.0034,0.0511981111,3.35,0.0012,0.0131608094,1.157
90,420000,湖北省,420100,武汉市,420102,江岸区,43000600,湖北省寄递事业部,43001800,武汉市寄递事业部,43006100,武汉市江岸区寄递事业部,43001402,武汉市江岸上海路揽投部,43001402,武汉市江岸上海路揽投部,C1100454376012,中国工商银行股份有限公司武汉分行,91100413549761,中国工商银行股份有限公司武汉分行,1100066848789,中国工商银行股份有限公司武汉分行(中国工商银行股份有限公司武汉分行),商企类,金融类,其他,铂金,2020-09-24,01611051,文媛,5013031424,赵辉,01611051,文媛,0.159,1.4168302099,111.095,0.0801,0.8568589537,65.656
91,420000,湖北省,420100,武汉市,420102,江岸区,43000600,湖北省寄递事业部,43001800,武汉市寄递事业部,43006100,武汉市江岸区寄递事业部,43001402,武汉市江岸上海路揽投部,43001402,武汉市江岸上海路揽投部,C1100454376012,中国工商银行股份有限公司武汉分行,91101094535076,中国工商银行股份有限公司武汉分行-江岸支行,1100215046741,中国工商银行股份有限公司武汉分行(江岸支行),商企类,金融类,行政办公,普通,2025-03-19,03789534,熊博弘,,,,,0,0,0,0.0004,0.0055469534,3.1
92,420000,湖北省,420100,武汉市,420102,江岸区,43000600,湖北省寄递事业部,43001800,武汉市寄递事业部,43006100,武汉市江岸区寄递事业部,43001402,武汉市江岸上海路揽投部,43001402,武汉市江岸上海路揽投部,C1100566439375,湖北益丰大药房连锁有限公司,91100973091955,湖北益丰大药房连锁有限公司,1100212142778,湖北益丰大药房连锁有限公司(特快),商企类,医药类,药品销售,普通,2025-02-06,01612922,张国华,,,,,0,0,0,0.0003,0.019280907,31.988
93,420000,湖北省,420100,武汉市,420102,江岸区,43000600,湖北省寄递事业部,43001800,武汉市寄递事业部,43006100,武汉市江岸区寄递事业部,43001402,武汉市江岸上海路揽投部,43001402,武汉市江岸上海路揽投部,C1100713277098,湖北银丰棉花股份有限公司,80000002212658,湖北银丰棉花股份有限公司,1030000856373,湖北银丰棉花股份有限公司(特快),商企类,贸易、消费品、调换货,零售、批发,白银,2015-11-23,04294194,吴雄,,,04294194,吴雄,0.0007,0.0131132074,0.561,0.0007,0.0102561449,0.66
94,420000,湖北省,420100,武汉市,420102,江岸区,43000600,湖北省寄递事业部,43001800,武汉市寄递事业部,43006100,武汉市江岸区寄递事业部,43001402,武汉市江岸上海路揽投部,43001402,武汉市江岸上海路揽投部,C1100922600012,华泰财产保险有限公司湖北省分公司,91101044720640,华泰财产保险有限公司湖北省分公司-江岸寄递,1100197561809,华泰财产保险有限公司湖北省分公司(特快),商企类,保险类,产险保单配送,普通,2024-08-13,01611051,文媛,5013031424,赵辉,01611051,文媛,0.004,0.0461132083,76.664,0.0055,0.0562387059,30.831
97,420000,湖北省,420100,武汉市,420102,江岸区,43000600,湖北省寄递事业部,43001800,武汉市寄递事业部,43006100,武汉市江岸区寄递事业部,43001402,武汉市江岸上海路揽投部,43001402,武汉市江岸上海路揽投部,P0000001904789,王成刚,80000002232942,王成刚,1030001006078,王成刚(邮政公事寄递),商企类,其他,其他,白银,2015-11-23,19601021,寄递武汉市,4012140468,寄递武汉市,,,0,0,0,0.0002,0.000754717,0.096
98,420000,湖北省,420100,武汉市,420102,江岸区,43000600,湖北省寄递事业部,43001800,武汉市寄递事业部,43006100,武汉市江岸区寄递事业部,43001407,武汉市江岸一元路揽投部,43001407,武汉市江岸一元路揽投部,C0000000516192,中国长江三峡集团有限公司,91100992872380,中国长江三峡集团有限公司-江岸2,1100183487452,中国长江三峡集团有限公司(生态工程中心),商企类,能源、矿产、环保,电气、电力、煤气、水利,普通,2024-01-15,01612011,乐云,,,01612011,乐云,0.0039,0.0675471706,15,0.007,0.1368190669,42.007
99,420000,湖北省,420100,武汉市,420102,江岸区,43000600,湖北省寄递事业部,43001800,武汉市寄递事业部,43006100,武汉市江岸区寄递事业部,43001407,武汉市江岸一元路揽投部,43001407,武汉市江岸一元路揽投部,C0000000531065,中国建设银行股份有限公司武汉江岸支行,91100997853676,中国建设银行股份有限公司武汉江岸支行-中国建设银行股份有限公司武汉江岸支行（法务部）,1100185125307,中国建设银行股份有限公司武汉江岸支行(（法务部）),商企类,金融类,行政办公,白银,2024-02-06,01613145,陈英,4003356186,马丽,01613145,陈英,0.0125,0.1426415077,12.799,0.0124,0.1552981624,16.494
100,420000,湖北省,420100,武汉市,420102,江岸区,43000600,湖北省寄递事业部,43001800,武汉市寄递事业部,43006100,武汉市江岸区寄递事业部,43001407,武汉市江岸一元路揽投部,43001407,武汉市江岸一元路揽投部,C0000001994092,湖北中邮物流有限责任公司,91100986812589,湖北中邮物流有限责任公司-武汉市移动小件业务（政企客户部）,1100180717264,湖北中邮物流有限责任公司(武汉市移动小件业务（政企客户部）),商企类,IT通讯类,通讯运营商,普通,2023-12-22,04196911,李萌,,,,,0,0,0,0.0003,0.0025292453,1.4
101,420000,湖北省,420100,武汉市,420102,江岸区,43000600,湖北省寄递事业部,43001800,武汉市寄递事业部,43006100,武汉市江岸区寄递事业部,43001407,武汉市江岸一元路揽投部,43001407,武汉市江岸一元路揽投部,C0000002439581,万益特（中国）投资有限公司,91100003768051,万益特（中国）投资有限公司-X-中信泰富大厦-百特（中国）投资有限公司武汉分公司,1030002060181,万益特（中国）投资有限公司(X-中信泰富大厦-百特（中国）投资有限公司武汉分公司),商企类,商业服务类,专业服务、咨询（财会、法律、人力资源等）,普通,2018-08-09,01612164,朱立军,4003356186,马丽,01612164,朱立军,0.0044,0.0608773587,19.75,0.0046,0.0783209257,30.675
102,420000,湖北省,420100,武汉市,420102,江岸区,43000600,湖北省寄递事业部,43001800,武汉市寄递事业部,43006100,武汉市江岸区寄递事业部,43001407,武汉市江岸一元路揽投部,43001407,武汉市江岸一元路揽投部,C0000003935886,尤妮佳生活用品（中国）有限公司武汉分公司,80000002592772,尤妮佳生活用品（中国）有限公司武汉分公司-x新世界?尤妮佳,1030001876635,尤妮佳生活用品（中国）有限公司武汉分公司(特快),商企类,贸易、消费品、调换货,快速消费品（食品、饮料、烟酒、日化）,普通,2015-12-04,03988531,丁勇,,,03988531,丁勇,0.0024,0.0406226421,3.198,0,0,0
103,420000,湖北省,420100,武汉市,420102,江岸区,43000600,湖北省寄递事业部,43001800,武汉市寄递事业部,43006100,武汉市江岸区寄递事业部,43001407,武汉市江岸一元路揽投部,43001407,武汉市江岸一元路揽投部,C0000004535557,武汉三源特种建材有限责任公司,90000005787771,武汉三源特种建材有限责任公司,1100057474425,武汉三源特种建材有限责任公司(特快),商企类,能源、矿产、环保,能源、矿产、采掘、冶炼,白银,2020-07-07,04108687,陈梦园,,,04108687,陈梦园,0.0076,0.101132078,8.955,0.0085,0.1196077914,8.5
104,420000,湖北省,420100,武汉市,420102,江岸区,43000600,湖北省寄递事业部,43001800,武汉市寄递事业部,43006100,武汉市江岸区寄递事业部,43001407,武汉市江岸一元路揽投部,43001407,武汉市江岸一元路揽投部,C0000005071081,中石化长江燃料有限公司,90000006620914,中石化长江燃料有限公司,1030002027274,中石化长江燃料有限公司(特快),商企类,能源、矿产、环保,能源、矿产、采掘、冶炼,白银,2016-03-09,03524361,孟秋,5013031424,赵辉,03524361,孟秋,0.1205,1.0154717231,129.201,0,0,0
105,420000,湖北省,420100,武汉市,420102,江岸区,43000600,湖北省寄递事业部,43001800,武汉市寄递事业部,43006100,武汉市江岸区寄递事业部,43001407,武汉市江岸一元路揽投部,43001407,武汉市江岸一元路揽投部,C0000005994085,渣打银行（中国）有限公司武汉分行,90000007680854,渣打银行（中国）有限公司武汉分行-J渣打银行武汉分行,1030001737765,渣打银行（中国）有限公司武汉分行(特快),商企类,金融类,对账单寄递,白银,2016-08-10,01612066,殷花,,,01612066,殷花,0.0045,0.0512830201,5.398,0.0065,0.0734306721,6.5
106,420000,湖北省,420100,武汉市,420102,江岸区,43000600,湖北省寄递事业部,43001800,武汉市寄递事业部,43006100,武汉市江岸区寄递事业部,43001407,武汉市江岸一元路揽投部,43001407,武汉市江岸一元路揽投部,C0000007235883,中国长江电力股份有限公司,90000009063851,中国长江电力股份有限公司,1100127587091,长江电力股份有限公司(特快),商企类,能源、矿产、环保,电气、电力、煤气、水利,白银,2022-09-13,04108687,陈梦园,,,04108687,陈梦园,0.0074,0.1152830199,36.85,0,0,0
107,420000,湖北省,420100,武汉市,420102,江岸区,43000600,湖北省寄递事业部,43001800,武汉市寄递事业部,43006100,武汉市江岸区寄递事业部,43001407,武汉市江岸一元路揽投部,43001407,武汉市江岸一元路揽投部,C0000007690721,上海罗氏制药有限公司,80000002289988,上海罗氏制药有限公司,1030000826875,上海罗氏制药有限公司(X新世界-Y上海罗氏制药有限公司新世界中心店),商企类,医药类,药品生产、医疗器械,普通,2015-11-23,04294194,吴雄,,,04294194,吴雄,0.0035,0.0532830187,12.15,0.0031,0.0900799202,82.849
111,420000,湖北省,420100,武汉市,420102,江岸区,43000600,湖北省寄递事业部,43001800,武汉市寄递事业部,43006100,武汉市江岸区寄递事业部,43001407,武汉市江岸一元路揽投部,43001407,武汉市江岸一元路揽投部,C0000009418338,湖北商贸物流集团有限公司,91100835624819,湖北商贸物流集团有限公司,1100125696528,湖北商贸物流集团有限公司(特快),商企类,生鲜特产,特产类,黄金,2022-08-26,01613351,蔡淑真,,,01613351,蔡淑真,0.0062,0.0466415112,8,0.0207,0.2352914004,20.962
112,420000,湖北省,420100,武汉市,420102,江岸区,43000600,湖北省寄递事业部,43001800,武汉市寄递事业部,43006100,武汉市江岸区寄递事业部,43001407,武汉市江岸一元路揽投部,43001407,武汉市江岸一元路揽投部,C1100099476625,中信银行股份有限公司武汉分行,91101068738555,中信银行股份有限公司武汉分行-江汉2,1100207412198,中信银行股份有限公司武汉分行(美签3),商企类,金融类,其他,黄金,2024-12-06,03736715,陈磊,4012401312,吴涛,03736715,陈磊,0.0002,0.001509434,0.2,0,0,0
113,420000,湖北省,420100,武汉市,420102,江岸区,43000600,湖北省寄递事业部,43001800,武汉市寄递事业部,43006100,武汉市江岸区寄递事业部,43001407,武汉市江岸一元路揽投部,43001407,武汉市江岸一元路揽投部,C1100406001025,湖北通用药业有限公司,91101199129071,湖北通用药业-江岸,1100245658732,湖北通用药业(寄递),商企类,医药类,药品生产、医疗器械,,2026-05-12,04016255,熊志鸿,,,04016255,熊志鸿,0.0195,0.2008867886,51.4,0,0,0
114,420000,湖北省,420100,武汉市,420102,江岸区,43000600,湖北省寄递事业部,43001800,武汉市寄递事业部,43006100,武汉市江岸区寄递事业部,43001407,武汉市江岸一元路揽投部,43001407,武汉市江岸一元路揽投部,C1100485099467,三峡高科信息技术有限责任公司,91100445416297,三峡高科信息技术有限责任公司,1100175068458,三峡高科信息技术有限责任公司(寄递),商企类,IT通讯类,IT服务类,普通,2023-10-24,01613351,蔡淑真,,,01613351,蔡淑真,0.003,0.0494339629,3,0.0031,0.0477305686,3.6
115,420000,湖北省,420100,武汉市,420102,江岸区,43000600,湖北省寄递事业部,43001800,武汉市寄递事业部,43006100,武汉市江岸区寄递事业部,43001407,武汉市江岸一元路揽投部,43001407,武汉市江岸一元路揽投部,C1100569123301,武汉小竹物业管理有限公司,80000002307024,武汉小竹物业管理有限公司,1030002294584,武汉小竹物业管理有限公司(江岸寄递),商企类,房产建筑,物业管理、商业中心,普通,2015-11-23,04033740,张成,,,04033740,张成,0.0055,0.0632075473,15.599,0.002,0.0225912665,12.496
116,420000,湖北省,420100,武汉市,420102,江岸区,43000600,湖北省寄递事业部,43001800,武汉市寄递事业部,43006100,武汉市江岸区寄递事业部,43001407,武汉市江岸一元路揽投部,43001407,武汉市江岸一元路揽投部,C1100569123301,武汉小竹物业管理有限公司,91100662659523,武汉小竹物业管理有限公司,1100115224557,武汉小竹物业管理有限公司(寄递),商企类,商业服务类,专业服务、咨询（财会、法律、人力资源等）,普通,2022-05-30,01611052,郭蕾,,,,,0,0,0,0.0006,0.0062123937,0.6
117,420000,湖北省,420100,武汉市,420102,江岸区,43000600,湖北省寄递事业部,43001800,武汉市寄递事业部,43006100,武汉市江岸区寄递事业部,43001407,武汉市江岸一元路揽投部,43001407,武汉市江岸一元路揽投部,C1100620700232,武汉润雪房地产开发有限公司,91101078608192,润雪-寄递,1100209733916,润雪(寄递),商企类,房产建筑,物业管理、商业中心,白银,2024-12-31,04108668,许颖,,,,,0,0,0,0.0741,0.4228176186,74.899
118,420000,湖北省,420100,武汉市,420102,江岸区,43000600,湖北省寄递事业部,43001800,武汉市寄递事业部,43006100,武汉市江岸区寄递事业部,43001407,武汉市江岸一元路揽投部,43001407,武汉市江岸一元路揽投部,C1100660409041,长江三峡实业有限公司武汉分公司,91100614805578,长江三峡实业有限公司武汉分公司,1100103944092,长江三峡实业有限公司武汉分公司(特快),商企类,能源、矿产、环保,电气、电力、煤气、水利,白银,2022-01-05,03883930,宋紫昱,,,03883930,宋紫昱,0.0152,0.3027641555,159.65,0.01,0.2008031441,92.8
119,420000,湖北省,420100,武汉市,420102,江岸区,43000600,湖北省寄递事业部,43001800,武汉市寄递事业部,43006100,武汉市江岸区寄递事业部,43001407,武汉市江岸一元路揽投部,43001407,武汉市江岸一元路揽投部,C1101316087749,武汉华力商业管理有限公司,91101067970822,武汉华力商业管理有限公司,1100207131028,武汉华力商业管理有限公司(寄递),商企类,商业服务类,广告、会展、公关、中介,普通,2024-12-03,01612099,高智,,,01612099,高智,0.0004,0.0046792454,0.4,0,0,0
120,420000,湖北省,420100,武汉市,420102,江岸区,43000600,湖北省寄递事业部,43001800,武汉市寄递事业部,43006100,武汉市江岸区寄递事业部,43001407,武汉市江岸一元路揽投部,43001407,武汉市江岸一元路揽投部,C1101378939585,武汉国荣置业有限公司,91101053701380,武汉国荣置业有限公司-寄递,1100200831815,武汉国荣置业有限公司(寄递),商企类,房产建筑,房地产、建筑建材、工程,普通,2024-09-14,03811836,吴尚高,,,,,0,0,0,0.0011,0.0149653366,2.4
121,420000,湖北省,420100,武汉市,420102,江岸区,43000600,湖北省寄递事业部,43001800,武汉市寄递事业部,43006100,武汉市江岸区寄递事业部,43001407,武汉市江岸一元路揽投部,43001407,武汉市江岸一元路揽投部,P8101374465773,刘文国,81100387951690,刘文国,1100061807194,刘文国(同城银行包配送),商企类,金融类,票据、凭证包,钻石,2020-08-14,"04108662,04149230","罗婧,邓君鑫",4003356186,马丽,"04149230,04108662","邓君鑫,罗婧",0.006,3.396226416,72,0.6077,15.2867924528,0
122,420000,湖北省,420100,武汉市,420102,江岸区,43000600,湖北省寄递事业部,43001800,武汉市寄递事业部,43006100,武汉市江岸区寄递事业部,43001408,武汉市江岸万松园揽投部,43001408,武汉市江岸万松园揽投部,C0000001614800,安利（中国）日用品有限公司,80000002598532,安利（中国）日用品有限公司-安利,1100040483168,安利（中国）日用品有限公司(寄递),商企类,贸易、消费品、调换货,贸易、进出口,白银,2019-12-20,01612066,殷花,,,01612066,殷花,0.0051,0.0725754699,72.958,0.0055,0.1124903767,102.73
123,420000,湖北省,420100,武汉市,420102,江岸区,43000600,湖北省寄递事业部,43001800,武汉市寄递事业部,43006100,武汉市江岸区寄递事业部,43001408,武汉市江岸万松园揽投部,43001408,武汉市江岸万松园揽投部,C0000003823668,通用电气医疗投资(中国)有限公司,80000002592581,通用电气医疗投资(中国)有限公司-通用电气,1030002373290,通用电气医疗投资(中国)有限公司(特快),商企类,能源、矿产、环保,电气、电力、煤气、水利,普通,2015-12-04,03881837,敖茜,,,,,0,0,0,0.0001,0.0019729531,0.25
124,420000,湖北省,420100,武汉市,420102,江岸区,43000600,湖北省寄递事业部,43001800,武汉市寄递事业部,43006100,武汉市江岸区寄递事业部,43001408,武汉市江岸万松园揽投部,43001408,武汉市江岸万松园揽投部,C0000003902969,华夏银行股份有限公司武汉分行,90000011392152,华夏银行股份有限公司武汉分行-华夏银行股份有限公司武汉汉口支行,1030001130908,华夏银行股份有限公司武汉分行(华夏银行汉口支行),商企类,金融类,对账单寄递,白银,2018-04-26,04108687,陈梦园,,,04108687,陈梦园,0.0063,0.0958490568,102.003,0.009,0.131549419,153.674
125,420000,湖北省,420100,武汉市,420102,江岸区,43000600,湖北省寄递事业部,43001800,武汉市寄递事业部,43006100,武汉市江岸区寄递事业部,43001408,武汉市江岸万松园揽投部,43001408,武汉市江岸万松园揽投部,C0000004258784,芬欧汇川（中国）有限公司,80000002592873,芬欧汇川（中国）有限公司-x新世界?芬欧汇川,1030000935258,芬欧汇川（中国）有限公司(特快),商企类,贸易、消费品、调换货,贸易、进出口,普通,2015-12-04,04294194,吴雄,,,04294194,吴雄,0.0007,0.0146226417,4.296,0.0035,0.0665416307,27.575
126,420000,湖北省,420100,武汉市,420102,江岸区,43000600,湖北省寄递事业部,43001800,武汉市寄递事业部,43006100,武汉市江岸区寄递事业部,43001408,武汉市江岸万松园揽投部,43001408,武汉市江岸万松园揽投部,C0000008021630,上海浦东发展银行股份有限公司武汉分行,80000002592682,上海浦东发展银行股份有限公司武汉分行-上海浦发银行,1100062263607,上海浦东发展银行股份有限公司武汉分行(特快),商企类,金融类,行政办公,铂金,2020-08-17,01613713,黄欢,,,01613713,黄欢,0.1323,1.3209056801,560.641,0,0,0
129,420000,湖北省,420100,武汉市,420102,江岸区,43000600,湖北省寄递事业部,43001800,武汉市寄递事业部,43006100,武汉市江岸区寄递事业部,43001408,武汉市江岸万松园揽投部,43001408,武汉市江岸万松园揽投部,C0000009223107,德勤华永会计师事务所（特殊普通合伙）武汉分所,91100336265434,德勤华永会计师事务所（特殊普通合伙）武汉分所,1100048449494,德勤华永会计事务所（特殊普通合伙）武汉分所(特快),商企类,金融类,行政办公,普通,2020-04-27,01611060,罗晶,,,,,0,0,0,0.0008,0.0090755838,2.495
130,420000,湖北省,420100,武汉市,420102,江岸区,43000600,湖北省寄递事业部,43001800,武汉市寄递事业部,43006100,武汉市江岸区寄递事业部,43001408,武汉市江岸万松园揽投部,43001408,武汉市江岸万松园揽投部,C1100232331848,西门子医疗系统有限公司,91101056345343,西门子医疗系统有限公司-江岸,1100202053521,西门子医疗系统有限公司(寄递),商企类,贸易、消费品、调换货,贸易、进出口,普通,2024-09-30,03110325,张喆,,,,,0,0,0,0.0009,0.0213266835,0.9
131,420000,湖北省,420100,武汉市,420102,江岸区,43000600,湖北省寄递事业部,43001800,武汉市寄递事业部,43006100,武汉市江岸区寄递事业部,43001408,武汉市江岸万松园揽投部,43001408,武汉市江岸万松园揽投部,C1100405911765,前锦网络信息技术（上海）有限公司武汉分公司,91100362724118,前锦网络信息技术（上海）有限公司武汉分公司,1100054821305,前锦网络信息技术（上海）有限公司武汉分公司(特快),商企类,IT通讯类,互联网,普通,2020-06-17,03110325,张喆,,,03110325,张喆,0.001,0.0087735851,1.252,0.0005,0.005081487,0.5
132,420000,湖北省,420100,武汉市,420102,江岸区,43000600,湖北省寄递事业部,43001800,武汉市寄递事业部,43006100,武汉市江岸区寄递事业部,43001408,武汉市江岸万松园揽投部,43001408,武汉市江岸万松园揽投部,C1100476981399,汇丰银行（中国）有限公司武汉分行,80000002206314,汇丰银行（中国）有限公司武汉分行,1100054311040,汇丰银行（中国）有限公司武汉分行(特快),商企类,金融类,基金、证券、期货、投资,普通,2020-06-08,03988531,丁勇,,,03988531,丁勇,0.003,0.0309433973,14.107,0.0035,0.0361052204,8.805
133,420000,湖北省,420100,武汉市,420102,江岸区,43000600,湖北省寄递事业部,43001800,武汉市寄递事业部,43006100,武汉市江岸区寄递事业部,43001408,武汉市江岸万松园揽投部,43001408,武汉市江岸万松园揽投部,C1100689136959,湖北诺肯药业有限公司,91100641478114,湖北诺肯药业有限公司,1100152678843,湖北诺肯药业有限公司(特快),商企类,生鲜特产,特产类,黄金,2023-05-04,03883930,宋紫昱,,,03883930,宋紫昱,0.0097,0.03292453,11.478,0,0,0
134,420000,湖北省,420100,武汉市,420102,江岸区,43000600,湖北省寄递事业部,43001800,武汉市寄递事业部,43006100,武汉市江岸区寄递事业部,43001408,武汉市江岸万松园揽投部,43001408,武汉市江岸万松园揽投部,C1100706689581,上海三菱电梯有限公司湖北分公司,91100657594031,上海三菱电梯有限公司湖北分公司,1100112325455,上海三菱电梯有限公司湖北分公司(特快),商企类,生产加工制造业,大型设备、机电设备、重工业,普通,2022-04-25,04294194,吴雄,,,04294194,吴雄,0.0012,0.016320755,1.2,0,0,0
135,420000,湖北省,420100,武汉市,420102,江岸区,43000600,湖北省寄递事业部,43001800,武汉市寄递事业部,43006100,武汉市江岸区寄递事业部,43001408,武汉市江岸万松园揽投部,43001408,武汉市江岸万松园揽投部,C1100707006811,武汉叶开泰药业连锁有限公司,91101113318561,武汉叶开泰药业-寄递,1100221368510,武汉叶开泰药业(寄递),商企类,医药类,药品销售,普通,2025-06-30,03110325,张喆,,,03110325,张喆,0.002,0.020660377,3.541,0,0,0
138,420000,湖北省,420100,武汉市,420102,江岸区,43000600,湖北省寄递事业部,43001800,武汉市寄递事业部,43006100,武汉市江岸区寄递事业部,43001408,武汉市江岸万松园揽投部,43001408,武汉市江岸万松园揽投部,C1101151589822,快宝(上海)网络技术有限公司,91101016932925,快宝(上海)网络技术有限公司-快宝上门取件武汉市,1100189814441,快宝(上海)网络技术有限公司(上海)网络技术有限公司(快宝上门取件武汉市),商企类,退换货（商企）,快宝退换货（商企）,普通,2024-04-10,"03916800,03881828","徐玉婷,申莉莉",,,03916800,徐玉婷,0.0002,0.0029245283,0.2,0,0,0
139,420000,湖北省,420100,武汉市,420102,江岸区,43000600,湖北省寄递事业部,43001800,武汉市寄递事业部,43006100,武汉市江岸区寄递事业部,43001408,武汉市江岸万松园揽投部,43001408,武汉市江岸万松园揽投部,C1101410647465,上海凯泉泵业(集团)有限公司武汉分公司,91101192376944,上海凯泉泵业(集团)有限公司武汉分公司,1100245006795,上海凯泉泵业(集团)有限公司武汉分公司(寄递),商企类,生产加工制造业,大型设备、机电设备、重工业,,2026-04-03,01611060,罗晶,,,01611060,罗晶,0.003,0.0255566035,4.998,0,0,0
140,420000,湖北省,420100,武汉市,420102,江岸区,43000600,湖北省寄递事业部,43001800,武汉市寄递事业部,43006100,武汉市江岸区寄递事业部,43001408,武汉市江岸万松园揽投部,43001408,武汉市江岸万松园揽投部,C1101479441114,富士胶片实业发展（上海）有限公司武汉分公司,91101120771438,富士胶片实业发展（上海）有限公司武汉分公司,1100223998768,富士胶片实业发展（上海）有限公司武汉分公司(寄递),商企类,贸易、消费品、调换货,零售、批发,,2025-08-05,01611060,罗晶,,,01611060,罗晶,0.0026,0.0409245287,12.523,0,0,0
141,420000,湖北省,420100,武汉市,420102,江岸区,43000600,湖北省寄递事业部,43001800,武汉市寄递事业部,43006100,武汉市江岸区寄递事业部,43001408,武汉市江岸万松园揽投部,43001408,武汉市江岸万松园揽投部,C1101500409708,武汉融煌信息咨询有限公司,91101191702205,武汉融煌信息咨询有限公司,1100244924557,武汉融煌信息咨询有限公司(寄递),商企类,商业服务类,其他,,2026-03-31,01611060,罗晶,,,01611060,罗晶,0.0054,0.070726413,6.907,0,0,0
142,420000,湖北省,420100,武汉市,420102,江岸区,43000600,湖北省寄递事业部,43001800,武汉市寄递事业部,43006100,武汉市江岸区寄递事业部,43001408,武汉市江岸万松园揽投部,43001408,武汉市江岸万松园揽投部,C1101966241832,唐人汇国际供应链管理（武汉）有限公司,91100988299704,唐人汇国际供应链管理（武汉）有限公司,1100181294276,唐人汇国际供应链管理（武汉）有限公司(特快),商企类,商业服务类,专业服务、咨询（财会、法律、人力资源等）,白银,2023-12-28,01611060,罗晶,,,,,0,0,0,0.0125,0.2191380423,242.283
143,420000,湖北省,420100,武汉市,420102,江岸区,43000600,湖北省寄递事业部,43001800,武汉市寄递事业部,43006100,武汉市江岸区寄递事业部,43001408,武汉市江岸万松园揽投部,43001408,武汉市江岸万松园揽投部,C1102043491601,武汉李济堂生物科技有限公司武汉分公司,91101028137048,武汉李济堂生物科技有限公司武汉分公司,1100192797726,武汉李济堂生物科技有限公司武汉分公司(特快),商企类,医药类,药品生产、医疗器械,普通,2024-05-28,01611060,罗晶,,,,,0,0,0,0.0024,0.0861522851,65.099
144,420000,湖北省,420100,武汉市,420102,江岸区,43000600,湖北省寄递事业部,43001800,武汉市寄递事业部,43006100,武汉市江岸区寄递事业部,43001408,武汉市江岸万松园揽投部,43001408,武汉市江岸万松园揽投部,C1102505517243,武汉市江岸区刘氏炸炸饮食店,91101078502779,武汉市江岸区刘氏炸炸饮食店-寄递,1100209678217,武汉市江岸区刘氏炸炸饮食店(寄递),商企类,生鲜特产,特产类,普通,2024-12-30,01611060,罗晶,,,,,0,0,0,0.0001,0.0011274017,0.645
145,420000,湖北省,420100,武汉市,420102,江岸区,43000600,湖北省寄递事业部,43001800,武汉市寄递事业部,43006100,武汉市江岸区寄递事业部,43001408,武汉市江岸万松园揽投部,43001408,武汉市江岸万松园揽投部,C1103340413033,孝感市财嘉佳商务信息服务有限公司,91101199349794,孝感市财嘉佳商务信息服务有限公司,1100245688319,孝感市财嘉佳商务信息服务有限公司(寄递),商企类,商业服务类,专业服务、咨询（财会、法律、人力资源等）,,2026-05-13,04294194,吴雄,,,04294194,吴雄,0.0123,0.163443391,26.971,0,0,0
146,420000,湖北省,420100,武汉市,420102,江岸区,43000600,湖北省寄递事业部,43001800,武汉市寄递事业部,43006100,武汉市江岸区寄递事业部,43001910,武汉市江岸百步亭揽投部,43001910,武汉市江岸百步亭揽投部,C0000005003491,浙商银行股份有限公司武汉分行,90000006534682,浙商银行股份有限公司武汉分行,1030001894747,浙商银行股份有限公司武汉分行(浙商银行武汉分行),商企类,金融类,对账单寄递,普通,2016-01-22,03469518,张涛,,,03469518,张涛,0.004,0.0492452834,75.088,0.0018,0.025962567,14.842
147,420000,湖北省,420100,武汉市,420102,江岸区,43000600,湖北省寄递事业部,43001800,武汉市寄递事业部,43006100,武汉市江岸区寄递事业部,43001910,武汉市江岸百步亭揽投部,43001910,武汉市江岸百步亭揽投部,C0000005256648,新八建设集团有限公司,90000006848747,新八建设集团有限公司,1100101613396,新八建设集团有限公司(寄递),商企类,房产建筑,房地产、建筑建材、工程,普通,2021-12-02,01613191,彭唯物,,,,,0,0,0,0.0013,0.0151516786,3.378
149,420000,湖北省,420100,武汉市,420102,江岸区,43000600,湖北省寄递事业部,43001800,武汉市寄递事业部,43006100,武汉市江岸区寄递事业部,43001910,武汉市江岸百步亭揽投部,43001910,武汉市江岸百步亭揽投部,C1100206481586,武汉泰富二零四九滨江房地产开发有限公司,91100206501220,武汉泰富二零四九滨江房地产开发有限公司,1100109821744,武汉泰富二零四九滨江房地产开发有限公司(特快),商企类,房产建筑,房地产、建筑建材、工程,普通,2022-03-16,01613191,彭唯物,,,,,0,0,0,0.0011,0.0140273929,4.461
150,420000,湖北省,420100,武汉市,420102,江岸区,43000600,湖北省寄递事业部,43001800,武汉市寄递事业部,43006100,武汉市江岸区寄递事业部,43001910,武汉市江岸百步亭揽投部,43001910,武汉市江岸百步亭揽投部,C1100566439375,湖北益丰大药房连锁有限公司,91100973091955,湖北益丰大药房连锁有限公司,1100212142778,湖北益丰大药房连锁有限公司(特快),商企类,医药类,药品销售,普通,2025-02-06,01612922,张国华,,,,,0,0,0,0.0001,0.0005660377,0.1
153,420000,湖北省,420100,武汉市,420102,江岸区,43000600,湖北省寄递事业部,43001800,武汉市寄递事业部,43006100,武汉市江岸区寄递事业部,43001910,武汉市江岸百步亭揽投部,43001910,武汉市江岸百步亭揽投部,C1101151589822,快宝(上海)网络技术有限公司,91101016932925,快宝(上海)网络技术有限公司-快宝上门取件武汉市,1100189814441,快宝(上海)网络技术有限公司(上海)网络技术有限公司(快宝上门取件武汉市),商企类,退换货（商企）,快宝退换货（商企）,普通,2024-04-10,"03916800,03881828","徐玉婷,申莉莉",,,03916800,徐玉婷,0.0002,0.0039622642,0.2,0,0,0
154,420000,湖北省,420100,武汉市,420102,江岸区,43000600,湖北省寄递事业部,43001800,武汉市寄递事业部,43006100,武汉市江岸区寄递事业部,43001910,武汉市江岸百步亭揽投部,43001910,武汉市江岸百步亭揽投部,C1101676899570,湖北中楚辉盛建设工程有限公司,91101039508851,湖北中楚辉盛建设工程有限公司,1100196079756,湖北中楚辉盛建设工程有限公司(特快),商企类,房产建筑,房地产、建筑建材、工程,普通,2024-07-19,03952629,郑宝林,,,03952629,郑宝林,0.0001,0.0009433962,0.08,0,0,0
155,420000,湖北省,420100,武汉市,420102,江岸区,43000600,湖北省寄递事业部,43001800,武汉市寄递事业部,43006100,武汉市江岸区寄递事业部,43001910,武汉市江岸百步亭揽投部,43001910,武汉市江岸百步亭揽投部,C1103947811500,武汉诚品网络科技有限公司,91101163746011,武汉诚品网络科技有限公司,1100238065567,武汉诚品网络科技有限公司(寄递),商企类,生鲜特产,其他类,,2025-12-08,03952629,郑宝林,,,03952629,郑宝林,0.001,0.0043584905,31.082,0,0,0
156,420000,湖北省,420100,武汉市,420102,江岸区,43000600,湖北省寄递事业部,43001800,武汉市寄递事业部,43006100,武汉市江岸区寄递事业部,43001910,武汉市江岸百步亭揽投部,43001910,武汉市江岸百步亭揽投部,C1104108230066,上海高瓴盛科技有限公司武汉分公司,91101163746088,上海高瓴盛科技有限公司武汉分公司,1100238065657,上海高瓴盛科技有限公司武汉分公司(寄递),商企类,IT通讯类,IT服务类,,2025-12-08,03952629,郑宝林,,,03952629,郑宝林,0.002,0.031698114,2,0,0,0
157,420000,湖北省,420100,武汉市,420102,江岸区,43000600,湖北省寄递事业部,43001800,武汉市寄递事业部,43006100,武汉市江岸区寄递事业部,43001910,武汉市江岸百步亭揽投部,43001910,武汉市江岸百步亭揽投部,C1104199343173,四川镇铭企业管理咨询有限公司武汉分公司,91101195542054,四川镇铭企业管理咨询有限公司武汉分公司,1100245278235,四川镇铭企业管理咨询有限公司武汉分公司(寄递),商企类,商业服务类,专业服务、咨询（财会、法律、人力资源等）,,2026-04-21,01612066,殷花,,,01612066,殷花,0.0043,0.0405660366,4.3,0,0,0
158,420000,湖北省,420100,武汉市,420102,江岸区,43000600,湖北省寄递事业部,43001800,武汉市寄递事业部,43006100,武汉市江岸区寄递事业部,43002212,武汉市江岸双洞门揽投部,43002212,武汉市江岸双洞门揽投部,C0000000401128,上海凯泉泵业（集团）有限公司,91100896475900,上海凯泉泵业（集团）有限公司-上海凯泉泵业（集团）有限公司武汉分公司,1100145824433,上海凯泉泵业（集团）有限公司(特快),商企类,商业服务类,行政寄递,普通,2023-02-14,03110325,张喆,,,,,0,0,0,0.0051,0.0488911723,13.655
159,420000,湖北省,420100,武汉市,420102,江岸区,43000600,湖北省寄递事业部,43001800,武汉市寄递事业部,43006100,武汉市江岸区寄递事业部,43002212,武汉市江岸双洞门揽投部,43002212,武汉市江岸双洞门揽投部,C0000000529455,泰康人寿保险有限责任公司湖北分公司,90000000645476,泰康人寿保险有限责任公司湖北分公司,1100201620250,泰康人寿保险有限责任公司湖北分公司(特快),商企类,保险类,其他,普通,2024-09-25,01611199,马丽,,,,,0,0,0,0.0001,0.0009433962,0.1
160,420000,湖北省,420100,武汉市,420102,江岸区,43000600,湖北省寄递事业部,43001800,武汉市寄递事业部,43006100,武汉市江岸区寄递事业部,43002212,武汉市江岸双洞门揽投部,43002212,武汉市江岸双洞门揽投部,C0000000535205,中国农业银行股份有限公司武汉分行,80000003985117,中国农业银行股份有限公司武汉分行-J中国农业银行股份有限公司武汉江汉支行,1030000989044,中国农业银行武汉分行(特快),商企类,金融类,对账单寄递,普通,2016-08-04,03782402,余敦喜,,,,,0,0,0,0.0008,0.0173994719,19.04
161,420000,湖北省,420100,武汉市,420102,江岸区,43000600,湖北省寄递事业部,43001800,武汉市寄递事业部,43006100,武汉市江岸区寄递事业部,43002212,武汉市江岸双洞门揽投部,43002212,武汉市江岸双洞门揽投部,C0000003943694,葛洲坝能源重工有限公司,91100949455840,葛洲坝能源重工有限公司-911103020855243634,1100168406513,731700(葛洲坝能源重工有限公司),商企类,能源、矿产、环保,能源、矿产、采掘、冶炼,普通,2023-08-21,04101592,赵鹏,,,,,0,0,0,0.0001,0.0009433962,0.1
162,420000,湖北省,420100,武汉市,420102,江岸区,43000600,湖北省寄递事业部,43001800,武汉市寄递事业部,43006100,武汉市江岸区寄递事业部,43002212,武汉市江岸双洞门揽投部,43002212,武汉市江岸双洞门揽投部,C0000005050897,柒牌有限公司武汉分公司,90000006596163,柒牌-厦门柒牌电子商务有限公司湖北,1030001427266,柒牌(厦门柒牌电子商务有限公司湖北),商企类,贸易、消费品、调换货,零售、批发,白银,2016-02-29,03828430,夏菁,,,,,0,0,0,0.0057,0.0477721489,29.357
163,420000,湖北省,420100,武汉市,420102,江岸区,43000600,湖北省寄递事业部,43001800,武汉市寄递事业部,43006100,武汉市江岸区寄递事业部,43002212,武汉市江岸双洞门揽投部,43002212,武汉市江岸双洞门揽投部,C0000005063891,湖北正控医药有限公司,90000006612128,湖北正控医药有限公司,1030002170161,湖北正控医药有限公司(特快),商企类,医药类,药品销售,普通,2016-03-04,03110325,张喆,,,,,0,0,0,0.0033,0.0416939149,5.382
164,420000,湖北省,420100,武汉市,420102,江岸区,43000600,湖北省寄递事业部,43001800,武汉市寄递事业部,43006100,武汉市江岸区寄递事业部,43002212,武汉市江岸双洞门揽投部,43002212,武汉市江岸双洞门揽投部,C0000005224520,中华联合财产保险股份有限公司上海分公司,90000011659338,中华联合财产保险股份有限公司上海分公司,1100150675691,中华联合财产保险股份有限公司(特快),商企类,保险类,行政寄递,普通,2023-04-06,04101592,赵鹏,,,,,0,0,0,0.0001,0.0009433962,0.1
165,420000,湖北省,420100,武汉市,420102,江岸区,43000600,湖北省寄递事业部,43001800,武汉市寄递事业部,43006100,武汉市江岸区寄递事业部,43002212,武汉市江岸双洞门揽投部,43002212,武汉市江岸双洞门揽投部,C0000008365877,武汉耀飞出入境服务有限公司,90000010370269,武汉耀飞出入境服务有限公司,1030001763124,武汉耀飞出入境服务有限公司(特快),商企类,商业服务类,专业服务、咨询（财会、法律、人力资源等）,普通,2017-08-24,04196911,李萌,,,,,0,0,0,0.0001,0.0009433962,0.1
166,420000,湖北省,420100,武汉市,420102,江岸区,43000600,湖北省寄递事业部,43001800,武汉市寄递事业部,43006100,武汉市江岸区寄递事业部,43002212,武汉市江岸双洞门揽投部,43002212,武汉市江岸双洞门揽投部,C0000009343605,湖北恒隆房地产开发有限公司,81100427334005,湖北恒隆房地产开发有限公司,1100069465541,湖北恒隆房地产开发有限公司(特快),商企类,房产建筑,房地产、建筑建材、工程,普通,2020-10-22,03988531,丁勇,,,,,0,0,0,0.0012,0.0164685389,1.2
167,420000,湖北省,420100,武汉市,420102,江岸区,43000600,湖北省寄递事业部,43001800,武汉市寄递事业部,43006100,武汉市江岸区寄递事业部,43002212,武汉市江岸双洞门揽投部,43002212,武汉市江岸双洞门揽投部,C1100099476625,中信银行股份有限公司武汉分行,91101068738555,中信银行股份有限公司武汉分行-江汉2,1100207412198,中信银行股份有限公司武汉分行(美签3),商企类,金融类,其他,黄金,2024-12-06,03736715,陈磊,,,,,0,0,0,0.0002,0.001509434,0.2
168,420000,湖北省,420100,武汉市,420102,江岸区,43000600,湖北省寄递事业部,43001800,武汉市寄递事业部,43006100,武汉市江岸区寄递事业部,43002212,武汉市江岸双洞门揽投部,43002212,武汉市江岸双洞门揽投部,C1100232331848,西门子医疗系统有限公司,91101056345343,西门子医疗系统有限公司-江岸,1100202053521,西门子医疗系统有限公司(寄递),商企类,贸易、消费品、调换货,贸易、进出口,普通,2024-09-30,03110325,张喆,,,,,0,0,0,0.0001,0.0019729531,0.1
169,420000,湖北省,420100,武汉市,420102,江岸区,43000600,湖北省寄递事业部,43001800,武汉市寄递事业部,43006100,武汉市江岸区寄递事业部,43002212,武汉市江岸双洞门揽投部,43002212,武汉市江岸双洞门揽投部,C1100405911765,前锦网络信息技术（上海）有限公司武汉分公司,91100362724118,前锦网络信息技术（上海）有限公司武汉分公司,1100054821305,前锦网络信息技术（上海）有限公司武汉分公司(特快),商企类,IT通讯类,互联网,普通,2020-06-17,03110325,张喆,,,,,0,0,0,0.0002,0.0018867924,0.2
170,420000,湖北省,420100,武汉市,420102,江岸区,43000600,湖北省寄递事业部,43001800,武汉市寄递事业部,43006100,武汉市江岸区寄递事业部,43002212,武汉市江岸双洞门揽投部,43002212,武汉市江岸双洞门揽投部,C1100405911765,前锦网络信息技术（上海）有限公司武汉分公司,91100827341861,前锦网络信息技术（上海）有限公司武汉分公司-行政处,1100123118503,前锦网络信息技术（上海）有限公司武汉分公司(行政处),商企类,IT通讯类,行政寄递,普通,2022-08-05,03110325,张喆,,,,,0,0,0,0.0031,0.0258581,3.1
171,420000,湖北省,420100,武汉市,420102,江岸区,43000600,湖北省寄递事业部,43001800,武汉市寄递事业部,43006100,武汉市江岸区寄递事业部,43002212,武汉市江岸双洞门揽投部,43002212,武汉市江岸双洞门揽投部,C1100434552724,武汉华中新世纪人才股份有限公司,91100392803388,武汉华中新世纪人才股份有限公司,1100062880758,武汉华中新世纪人才股份有限公司(特快),商企类,其他,其他,普通,2020-08-22,03110325,张喆,,,03110325,张喆,0.0016,0.0172641509,1.6,0.0019,0.0205356581,1.9
172,420000,湖北省,420100,武汉市,420102,江岸区,43000600,湖北省寄递事业部,43001800,武汉市寄递事业部,43006100,武汉市江岸区寄递事业部,43002212,武汉市江岸双洞门揽投部,43002212,武汉市江岸双洞门揽投部,C1100689136959,湖北诺肯药业有限公司,91100641478114,湖北诺肯药业有限公司,1100152678843,湖北诺肯药业有限公司(特快),商企类,生鲜特产,特产类,黄金,2023-05-04,03952629,郑宝林,,,,,0,0,0,0.0115,0.0386044931,12.637
175,420000,湖北省,420100,武汉市,420102,江岸区,43000600,湖北省寄递事业部,43001800,武汉市寄递事业部,43006100,武汉市江岸区寄递事业部,43006172,武汉市江岸科技馆揽投部,43006172,武汉市江岸科技馆揽投部,C0000000531065,中国建设银行股份有限公司武汉江岸支行,91101198469055,中国建设银行股份有限公司武汉江岸支行-信贷经营中心,1100245567595,中国建设银行股份有限公司武汉江岸支行(个贷资料传递服务合同),商企类,金融类,票据、凭证包,,2026-05-08,04108662,罗婧,,,04108662,罗婧,0.0006,0.3113207544,7.2,0,0,0
176,420000,湖北省,420100,武汉市,420102,江岸区,43000600,湖北省寄递事业部,43001800,武汉市寄递事业部,43006100,武汉市江岸区寄递事业部,43006172,武汉市江岸科技馆揽投部,43006172,武汉市江岸科技馆揽投部,C1100478134201,武汉市人力资源和社会保障局,91100223334560,武汉市人力资源和社会保障局-江岸,1100031381019,武汉市人力资源和社会保障局(社保局2019),商企类,其他,其他,普通,2019-07-18,03883930,宋紫昱,,,03883930,宋紫昱,0.0024,0.0228301881,7.2,0,0,0
179,420000,湖北省,420100,武汉市,420102,江岸区,43000600,湖北省寄递事业部,43001800,武汉市寄递事业部,43006100,武汉市江岸区寄递事业部,43006172,武汉市江岸科技馆揽投部,43006172,武汉市江岸科技馆揽投部,C1101077142037,湖北智楚律师事务所,91100915573697,湖北智楚律师事务所,1100151486096,湖北智楚律师事务所,商企类,商业服务类,专业服务、咨询（财会、法律、人力资源等）,普通,2023-04-19,01605072,姜威,,,,,0,0,0,0,-0.0081132075,0
180,420000,湖北省,420100,武汉市,420102,江岸区,43000600,湖北省寄递事业部,43001800,武汉市寄递事业部,43006100,武汉市江岸区寄递事业部,43006172,武汉市江岸科技馆揽投部,43006172,武汉市江岸科技馆揽投部,C1101321241983,武汉宏达世通商贸有限公司,91101078506065,武汉宏达世通商贸有限公司,1100209683583,武汉宏达世通商贸有限公司(寄递),商企类,房产建筑,物业管理、商业中心,普通,2024-12-30,01611052,郭蕾,,,01611052,郭蕾,0.0001,0.0009433962,0.1,0,0,0
181,420000,湖北省,420100,武汉市,420102,江岸区,43000600,湖北省寄递事业部,43001800,武汉市寄递事业部,43006100,武汉市江岸区寄递事业部,43006172,武汉市江岸科技馆揽投部,43006172,武汉市江岸科技馆揽投部,C1102022103529,华城投资资产管理（湖北）有限公司,91101015010482,华城投资资产管理（湖北）有限公司,1100189132220,华城投资资产管理（湖北）有限公司(特快),商企类,商业服务类,专业服务、咨询（财会、法律、人力资源等）,普通,2024-04-01,01611979,熊欢,,,01611979,熊欢,0.0001,0.0009433962,0.1,0.0003,0.0047350875,0.3
182,420000,湖北省,420100,武汉市,420102,江岸区,43000600,湖北省寄递事业部,43001800,武汉市寄递事业部,43006100,武汉市江岸区寄递事业部,43007400,武汉市江岸多福路揽投部,43007400,武汉市江岸多福路揽投部,C0000000531278,武汉开元知识产权代理有限公司,80000010642418,武汉开元知识产权代理有限公司,1100000889579,武汉开元知识产权代理有限公司(特快),商企类,商业服务类,专业服务、咨询（财会、法律、人力资源等）,普通,2019-05-20,03883930,宋紫昱,,,,,0,0,0,0.0011,0.0105613637,1.1
183,420000,湖北省,420100,武汉市,420102,江岸区,43000600,湖北省寄递事业部,43001800,武汉市寄递事业部,43006100,武汉市江岸区寄递事业部,43007400,武汉市江岸多福路揽投部,43007400,武汉市江岸多福路揽投部,C0000001994092,湖北中邮物流有限责任公司,91100986810699,湖北中邮物流有限责任公司-武汉市移动小件业务（仓储中心）,1100180714575,湖北中邮物流有限责任公司(武汉市移动小件业务（仓储中心）),商企类,IT通讯类,通讯运营商,铂金,2023-12-22,04108687,陈梦园,,,,,0,0,0,0.1153,3.2733596465,6780.797
184,420000,湖北省,420100,武汉市,420102,江岸区,43000600,湖北省寄递事业部,43001800,武汉市寄递事业部,43006100,武汉市江岸区寄递事业部,43007400,武汉市江岸多福路揽投部,43007400,武汉市江岸多福路揽投部,C0000003914827,中国民生银行股份有限公司武汉分行,80000002298359,中国民生银行股份有限公司武汉分行-民生银行烟草部,1100054651339,中国民生银行股份有限公司武汉分行(烟草部),商企类,金融类,其他,白银,2020-06-16,04088084,刘艳,,,,,0,0,0,0.014,0.2770589852,14
185,420000,湖北省,420100,武汉市,420102,江岸区,43000600,湖北省寄递事业部,43001800,武汉市寄递事业部,43006100,武汉市江岸区寄递事业部,43007400,武汉市江岸多福路揽投部,43007400,武汉市江岸多福路揽投部,C0000005050897,柒牌有限公司武汉分公司,90000006596163,柒牌有限公司武汉分公司,1030001427266,柒牌有限公司武汉分公司(厦门柒牌电子商务有限公司湖北),商企类,贸易、消费品、调换货,零售、批发,白银,2016-02-29,03828430,夏菁,,,03828430,夏菁,0.0014,0.0125471703,1.42,0,0,0
186,420000,湖北省,420100,武汉市,420102,江岸区,43000600,湖北省寄递事业部,43001800,武汉市寄递事业部,43006100,武汉市江岸区寄递事业部,43007400,武汉市江岸多福路揽投部,43007400,武汉市江岸多福路揽投部,C0000005243992,中石油燃料油有限责任公司华中销售分公司,80000002325529,中石油燃料油有限责任公司华中销售分公司,1100035972389,中石油燃料油有限责任公司华中销售分公司(沿江一号中石油燃料油有限责任公司华中销售分公司),商企类,能源、矿产、环保,石油、石化、化工,普通,2019-09-10,03949503,王曦,,,,,0,0,0,0.0007,0.0109060065,0.88
187,420000,湖北省,420100,武汉市,420102,江岸区,43000600,湖北省寄递事业部,43001800,武汉市寄递事业部,43006100,武汉市江岸区寄递事业部,43007400,武汉市江岸多福路揽投部,43007400,武汉市江岸多福路揽投部,C0000005243992,中石油燃料油有限责任公司华中销售分公司,80000003672301,中石油燃料油有限责任公司华中销售分公司-QY中石油武汉市分公司,1030001844573,中石油燃料油有限责任公司华中销售分公司(QY中石油武汉市分公司),商企类,能源、矿产、环保,石油、石化、化工,白银,2016-05-24,03524361,孟秋,,,,,0,0,0,0.0137,0.1739829458,35.042
188,420000,湖北省,420100,武汉市,420102,江岸区,43000600,湖北省寄递事业部,43001800,武汉市寄递事业部,43006100,武汉市江岸区寄递事业部,43007400,武汉市江岸多福路揽投部,43007400,武汉市江岸多福路揽投部,C0000008021630,上海浦东发展银行股份有限公司武汉分行,80000002592682,上海浦东发展银行股份有限公司武汉分行-上海浦发银行,1100062263607,上海浦东发展银行股份有限公司武汉分行(特快),商企类,金融类,行政办公,铂金,2020-08-17,04088084,刘艳,,,,,0,0,0,0.0786,0.8807480194,718.828
192,420000,湖北省,420100,武汉市,420102,江岸区,43000600,湖北省寄递事业部,43001800,武汉市寄递事业部,43006100,武汉市江岸区寄递事业部,43007400,武汉市江岸多福路揽投部,43007400,武汉市江岸多福路揽投部,C1100399024458,武汉天象置业有限公司,91100355405082,武汉天象置业有限公司,1100052609846,武汉天象置业有限公司(特快),商企类,房产建筑,房地产、建筑建材、工程,普通,2020-05-29,04274759,荆梦,,,,,0,0,0,0.0018,0.023158473,1.8
193,420000,湖北省,420100,武汉市,420102,江岸区,43000600,湖北省寄递事业部,43001800,武汉市寄递事业部,43006100,武汉市江岸区寄递事业部,43007400,武汉市江岸多福路揽投部,43007400,武汉市江岸多福路揽投部,C1100478134201,武汉市人力资源和社会保障局,91100223334560,武汉市人力资源和社会保障局-江岸,1100031381019,武汉市人力资源和社会保障局(社保局2019),商企类,其他,其他,普通,2019-07-18,03883930,宋紫昱,,,03883930,宋紫昱,0.0053,0.0513207534,6.7,0,0,0
194,420000,湖北省,420100,武汉市,420102,江岸区,43000600,湖北省寄递事业部,43001800,武汉市寄递事业部,43006100,武汉市江岸区寄递事业部,43007400,武汉市江岸多福路揽投部,43007400,武汉市江岸多福路揽投部,C1100706689581,上海三菱电梯有限公司湖北分公司,91100657594031,上海三菱电梯有限公司湖北分公司,1100112325455,上海三菱电梯有限公司湖北分公司(特快),商企类,生产加工制造业,大型设备、机电设备、重工业,普通,2022-04-25,03224803,王柳,,,,,0,0,0,0.0034,0.0436406868,3.4
197,420000,湖北省,420100,武汉市,420102,江岸区,43000600,湖北省寄递事业部,43001800,武汉市寄递事业部,43006100,武汉市江岸区寄递事业部,43007400,武汉市江岸多福路揽投部,43007400,武汉市江岸多福路揽投部,C1101151589822,快宝(上海)网络技术有限公司,91101016932925,快宝(上海)网络技术有限公司-快宝上门取件武汉市,1100189814441,快宝(上海)网络技术有限公司(上海)网络技术有限公司(快宝上门取件武汉市),商企类,退换货（商企）,快宝退换货（商企）,普通,2024-04-10,"03916800,03881828","徐玉婷,申莉莉",,,03916800,徐玉婷,0.0001,0.0009433962,0.1,0,0,0
198,420000,湖北省,420100,武汉市,420102,江岸区,43000600,湖北省寄递事业部,43001800,武汉市寄递事业部,43006100,武汉市江岸区寄递事业部,43007400,武汉市江岸多福路揽投部,43007400,武汉市江岸多福路揽投部,C1101434608198,常州阿喜电子商务有限公司,91101149093717,常州阿喜电子商务有限公司,1100232492521,常州阿喜电子商务有限公司(寄递),商企类,贸易、消费品、调换货,零售、批发,,2025-10-10,04274759,荆梦,,,04274759,荆梦,0.0407,0.1246792533,279,0,0,0
199,420000,湖北省,420100,武汉市,420103,江汉区,43000600,湖北省寄递事业部,43001800,武汉市寄递事业部,43002311,武汉市江汉区寄递事业部,43000239,武汉市江汉塔子湖揽投部,43000239,武汉市江汉塔子湖揽投部,C0000006501282,武汉市商务局（武汉市人民政府口岸办公室、武汉市招商局）,90000008240486,武汉市商务局（武汉市人民政府口岸办公室、武汉市招商局）,1100040669344,武汉市商务局(特快),商企类,商业服务类,其他,普通,2019-12-24,04017754,魏家圣,4012401312,吴涛,04017754,魏家圣,0.0084,0.0899999961,8.4,0.0026,0.0300686333,3.03
200,420000,湖北省,420100,武汉市,420103,江汉区,43000600,湖北省寄递事业部,43001800,武汉市寄递事业部,43002311,武汉市江汉区寄递事业部,43000239,武汉市江汉塔子湖揽投部,43000239,武汉市江汉塔子湖揽投部,C0000008278443,中国铁建港航局集团有限公司,91100923133351,中铁建港航局集团有限公司-中国铁建港航局集团有限公司JH,1100154170864,6116(中国铁建港航局集团有限公司),商企类,交通运输、物流仓储,交通运输,普通,2023-05-18,03403845,周国,,,,,0,0,0,0.0002,0.0020707979,1.28
205,420000,湖北省,420100,武汉市,420103,江汉区,43000600,湖北省寄递事业部,43001800,武汉市寄递事业部,43002311,武汉市江汉区寄递事业部,43000239,武汉市江汉塔子湖揽投部,43000239,武汉市江汉塔子湖揽投部,C1100121808596,武汉商启网络信息有限公司,91100917112317,商启网络-武汉商启网络信息有限公司JH,1100151933149,商启网络(武汉商启网络信息有限公司),商企类,IT通讯类,互联网,普通,2023-04-24,03782400,曾卓,,,,,0,0,0,0.0001,0.0009433962,0.05
206,420000,湖北省,420100,武汉市,420103,江汉区,43000600,湖北省寄递事业部,43001800,武汉市寄递事业部,43002311,武汉市江汉区寄递事业部,43000239,武汉市江汉塔子湖揽投部,43000239,武汉市江汉塔子湖揽投部,C1100388587696,武汉汉利物料搬运机械有限公司,91100344378113,武汉汉利物料搬运机械有限公司,1100048889571,汉利物料(武汉汉利物料搬运机械有限公司1),商企类,其他,其他,普通,2020-05-11,03881837,敖茜,,,,,0,0,0,0.0001,0.0009433962,0.05
207,420000,湖北省,420100,武汉市,420103,江汉区,43000600,湖北省寄递事业部,43001800,武汉市寄递事业部,43002311,武汉市江汉区寄递事业部,43000239,武汉市江汉塔子湖揽投部,43000239,武汉市江汉塔子湖揽投部,C1100566439375,湖北益丰大药房连锁有限公司,91100973091955,湖北益丰大药房连锁有限公司,1100212142778,湖北益丰大药房连锁有限公司(特快),商企类,医药类,药品销售,普通,2025-02-06,01612922,张国华,,,,,0,0,0,0.0002,0.0023698805,7.07
208,420000,湖北省,420100,武汉市,420103,江汉区,43000600,湖北省寄递事业部,43001800,武汉市寄递事业部,43002311,武汉市江汉区寄递事业部,43000239,武汉市江汉塔子湖揽投部,43000239,武汉市江汉塔子湖揽投部,C1100899477725,武汉铭创石油化工有限公司,91100852509427,武汉铭创石油化工有限公司,1100131056109,武汉铭创石油化工有限公司(武汉名创石油化工有限公司),商企类,能源、矿产、环保,石油、石化、化工,普通,2022-10-11,03881837,敖茜,,,,,0,0,0,0.0001,0.0009433962,0.1
209,420000,湖北省,420100,武汉市,420103,江汉区,43000600,湖北省寄递事业部,43001800,武汉市寄递事业部,43002311,武汉市江汉区寄递事业部,43000239,武汉市江汉塔子湖揽投部,43000239,武汉市江汉塔子湖揽投部,C1100899477725,武汉铭创石油化工有限公司,91100852509427,武汉铭创石油化工有限公司,1100215046774,武汉铭创石油化工有限公司(特快),商企类,生产加工制造业,其他,普通,2025-03-19,03832658,彭峰,4012401312,吴涛,03832658,彭峰,0.0001,0.0009433962,0.1,0.0014,0.0235031158,1.77
212,420000,湖北省,420100,武汉市,420103,江汉区,43000600,湖北省寄递事业部,43001800,武汉市寄递事业部,43002311,武汉市江汉区寄递事业部,43000239,武汉市江汉塔子湖揽投部,43000239,武汉市江汉塔子湖揽投部,C1101111979562,湖北华天国际旅行社有限公司,91101104344964,湖北华天国际旅行社有限公司,1100218357389,湖北华天国际旅行社有限公司(特快),商企类,传媒、娱乐、体育、旅游,娱乐、体育、休闲,普通,2025-05-16,03881837,敖茜,,,,,0,0,0,0.0001,0.0009433962,0.1
213,420000,湖北省,420100,武汉市,420103,江汉区,43000600,湖北省寄递事业部,43001800,武汉市寄递事业部,43002311,武汉市江汉区寄递事业部,43000239,武汉市江汉塔子湖揽投部,43000239,武汉市江汉塔子湖揽投部,C1101151589822,快宝(上海)网络技术有限公司,91101016932925,快宝(上海)网络技术有限公司-快宝上门取件武汉市,1100189814441,快宝(上海)网络技术有限公司(上海)网络技术有限公司(快宝上门取件武汉市),商企类,退换货（商企）,快宝退换货（商企）,普通,2024-04-10,"03916800,03881828","徐玉婷,申莉莉",,,03916800,徐玉婷,0.0001,0.0019811321,0.4,0,0,0
214,420000,湖北省,420100,武汉市,420103,江汉区,43000600,湖北省寄递事业部,43001800,武汉市寄递事业部,43002311,武汉市江汉区寄递事业部,43000239,武汉市江汉塔子湖揽投部,43000239,武汉市江汉塔子湖揽投部,C1101162596754,湖北天创丽景置业有限公司,91100944008670,湖北天创丽景置业有限公司,1100165693709,天创丽景(湖北天创丽景置业有限公司),商企类,房产建筑,房地产、建筑建材、工程,普通,2023-08-03,03782400,曾卓,,,,,0,0,0,0.0001,0.0009433962,0.1
215,420000,湖北省,420100,武汉市,420103,江汉区,43000600,湖北省寄递事业部,43001800,武汉市寄递事业部,43002311,武汉市江汉区寄递事业部,43000239,武汉市江汉塔子湖揽投部,43000239,武汉市江汉塔子湖揽投部,C1101525483976,武汉市时空园林景观建筑工程有限公司,91101095432129,武汉市时空园林景观建筑工程有限公司,1100215448444,武汉市时空园林景观建筑工程有限公司(特快),商企类,能源、矿产、环保,其他,普通,2025-03-24,03881837,敖茜,,,,,0,0,0,0.0001,0.0009433962,0.1
216,420000,湖北省,420100,武汉市,420103,江汉区,43000600,湖北省寄递事业部,43001800,武汉市寄递事业部,43002311,武汉市江汉区寄递事业部,43000239,武汉市江汉塔子湖揽投部,43000239,武汉市江汉塔子湖揽投部,C1102007550573,岚图汽车销售服务有限公司,91101118689310,岚图汽车销售服务有限公司,1100223319541,岚图汽车销售服务有限公司(特快),商企类,贸易、消费品、调换货,其他,,2025-07-28,03832658,彭峰,4012401312,吴涛,03832658,彭峰,0.0016,0.0156603773,19.49,0,0,0
217,420000,湖北省,420100,武汉市,420103,江汉区,43000600,湖北省寄递事业部,43001800,武汉市寄递事业部,43002311,武汉市江汉区寄递事业部,43000239,武汉市江汉塔子湖揽投部,43000239,武汉市江汉塔子湖揽投部,C1102449465860,武汉麦卡戴汽车销售有限公司,91101067962137,武汉麦卡戴汽车销售有限公司,1100207117729,武汉麦卡戴汽车销售有限公司(特快),商企类,其他,其他,普通,2024-12-03,03782400,曾卓,,,,,0,0,0,0.0001,0.0009433962,0.1
218,420000,湖北省,420100,武汉市,420103,江汉区,43000600,湖北省寄递事业部,43001800,武汉市寄递事业部,43002311,武汉市江汉区寄递事业部,43000239,武汉市江汉塔子湖揽投部,43000239,武汉市江汉塔子湖揽投部,C1103743629264,中资环电器电子循环利用（深圳）有限公司,91101095761427,中资环电器电子循环利用（深圳）有限公司,1100216100068,中资环电器电子循环利用(湖北),商企类,贸易、消费品、调换货,零售、批发,普通,2025-04-01,,,,,,,0,0,0,0.0001,0.0009433962,0.1
221,420000,湖北省,420100,武汉市,420103,江汉区,43000600,湖北省寄递事业部,43001800,武汉市寄递事业部,43002311,武汉市江汉区寄递事业部,43001302,武汉市江汉三阳路揽投部,43001302,武汉市江汉三阳路揽投部,C0000009003732,武汉新闻传媒有限公司,91101060560707,武汉新闻传媒有限公司-江汉,1100203964994,武汉新闻传媒有限公司(特快),商企类,传媒、娱乐、体育、旅游,出版、影视、文化传播,普通,2024-10-25,03687482,丁富安,4012401312,吴涛,03687482,丁富安,0.001,0.0171698113,15.193,0.0014,0.0271515926,4.686
222,420000,湖北省,420100,武汉市,420103,江汉区,43000600,湖北省寄递事业部,43001800,武汉市寄递事业部,43002311,武汉市江汉区寄递事业部,43001302,武汉市江汉三阳路揽投部,43001302,武汉市江汉三阳路揽投部,C1100104646474,优尚和越环境科技有限公司,91101066450958,优尚和越环境科技有限公司,1100206678607,优尚和越环境科技有限公司(特快),商企类,能源、矿产、环保,其他,普通,2024-11-26,01605025,刘小林,,,,,0,0,0,0.0003,0.0036393888,0.3
223,420000,湖北省,420100,武汉市,420103,江汉区,43000600,湖北省寄递事业部,43001800,武汉市寄递事业部,43002311,武汉市江汉区寄递事业部,43001302,武汉市江汉三阳路揽投部,43001302,武汉市江汉三阳路揽投部,C1100361692010,山东佰泰丰信息科技有限公司,91100316023524,山东佰泰丰信息科技有限公司,1100217812777,佰泰丰信息科技(特快),商企类,商业服务类,其他,普通,2025-05-07,03687482,丁富安,,,,,0,0,0,0.0045,0.0353101268,10.954
224,420000,湖北省,420100,武汉市,420103,江汉区,43000600,湖北省寄递事业部,43001800,武汉市寄递事业部,43002311,武汉市江汉区寄递事业部,43001302,武汉市江汉三阳路揽投部,43001302,武汉市江汉三阳路揽投部,C1100418845271,中国电信股份有限公司湖北财务共享服务中心,91100376289568,中国电信股份有限公司湖北财务共享服务中心,1100060469995,中国电信股份有限公司湖北财务共享服务中心(武汉电信会计凭证),商企类,IT通讯类,通讯运营商,白银,2020-08-04,04143834,万仲瑾,4012401312,吴涛,04143834,万仲瑾,0.0002,0.0027018868,1.907,0.0003,0.0057820755,6.191
225,420000,湖北省,420100,武汉市,420103,江汉区,43000600,湖北省寄递事业部,43001800,武汉市寄递事业部,43002311,武汉市江汉区寄递事业部,43001302,武汉市江汉三阳路揽投部,43001302,武汉市江汉三阳路揽投部,C1100540046966,湖北腾龙物业管理有限公司,91100500725416,湖北腾龙物业管理有限公司,1100083431034,湖北腾龙物业管理有限公司(湖北腾龙物业管理有限公司),商企类,能源、矿产、环保,石油、石化、化工,普通,2021-03-03,03687482,丁富安,4012401312,吴涛,03687482,丁富安,0.0029,0.0362264153,30.21,0.0031,0.0369403223,22.93
226,420000,湖北省,420100,武汉市,420103,江汉区,43000600,湖北省寄递事业部,43001800,武汉市寄递事业部,43002311,武汉市江汉区寄递事业部,43001302,武汉市江汉三阳路揽投部,43001302,武汉市江汉三阳路揽投部,C1100614037126,中通服供应链股份有限公司,91100960841583,中通服供应链股份有限公司-中通服供应链管理有限公司JH,1100173521494,中通服供应链股份有限公司(中通服供应链管理有限公司),商企类,IT通讯类,通讯运营商,普通,2023-09-28,01611075,刘磊,4012401312,吴涛,01611075,刘磊,0.0006,0.0035518868,0.6,0,0,0
227,420000,湖北省,420100,武汉市,420103,江汉区,43000600,湖北省寄递事业部,43001800,武汉市寄递事业部,43002311,武汉市江汉区寄递事业部,43001302,武汉市江汉三阳路揽投部,43001302,武汉市江汉三阳路揽投部,C1100876450765,湖北好药师正和大药房连锁有限公司,91101051607181,湖北好药师正和大药房连锁有限公司-JH,1100199870455,湖北好药师正和大药房连锁有限公司(电商标快),商企类,医药类,药品销售,普通,2024-09-04,03687482,丁富安,4012401312,吴涛,03687482,丁富安,0.0148,0.0606886796,37.191,0.0035,0.0146574689,26.007
230,420000,湖北省,420100,武汉市,420103,江汉区,43000600,湖北省寄递事业部,43001800,武汉市寄递事业部,43002311,武汉市江汉区寄递事业部,43001302,武汉市江汉三阳路揽投部,43001302,武汉市江汉三阳路揽投部,C1101151589822,快宝(上海)网络技术有限公司,91101016932925,快宝(上海)网络技术有限公司-快宝上门取件武汉市,1100189814441,快宝(上海)网络技术有限公司(上海)网络技术有限公司(快宝上门取件武汉市),商企类,退换货（商企）,快宝退换货（商企）,普通,2024-04-10,"03916800,03881828","徐玉婷,申莉莉",,,03916800,徐玉婷,0.0003,0.0030188679,1.16,0,0,0
231,420000,湖北省,420100,武汉市,420103,江汉区,43000600,湖北省寄递事业部,43001800,武汉市寄递事业部,43002311,武汉市江汉区寄递事业部,43001302,武汉市江汉三阳路揽投部,43001302,武汉市江汉三阳路揽投部,C1101171608905,湖北帮帮有害生物防治服务有限公司,91100945652564,湖北帮帮有害生物防治服务有限公司,1100166626751,帮帮有害生物防治(湖北帮帮有害生物防治服务有限公司),商企类,贸易、消费品、调换货,其他,普通,2023-08-09,03881837,敖茜,,,,,0,0,0,0.0045,0.0372144974,10.898
232,420000,湖北省,420100,武汉市,420103,江汉区,43000600,湖北省寄递事业部,43001800,武汉市寄递事业部,43002311,武汉市江汉区寄递事业部,43001302,武汉市江汉三阳路揽投部,43001302,武汉市江汉三阳路揽投部,C1101354593417,华人创新物业管理武汉有限公司,91101205288086,华人创新物业管理武汉有限公司,1100246526849,华人创新物业管理武汉有限公司(特快),商企类,商业服务类,其他,,2026-06-16,03881837,敖茜,,,03687482,丁富安,0.0432,0.4241981065,43.2,0,0,0
233,420000,湖北省,420100,武汉市,420103,江汉区,43000600,湖北省寄递事业部,43001800,武汉市寄递事业部,43002311,武汉市江汉区寄递事业部,43001302,武汉市江汉三阳路揽投部,43001302,武汉市江汉三阳路揽投部,C1101366544214,武汉城建建设工程有限公司,91100958560915,武汉城建建设工程有限公司,1100172463038,武汉城建建设工程有限公司(武汉城建建设工程有限公司),商企类,房产建筑,房地产、建筑建材、工程,普通,2023-09-19,03881837,敖茜,,,,,0,0,0,0.0001,0.0009433962,0.1
234,420000,湖北省,420100,武汉市,420103,江汉区,43000600,湖北省寄递事业部,43001800,武汉市寄递事业部,43002311,武汉市江汉区寄递事业部,43001302,武汉市江汉三阳路揽投部,43001302,武汉市江汉三阳路揽投部,C1101366544214,武汉城建建设工程有限公司,91101066844135,武汉城建建设工程有限公司-江汉,1100206853017,武汉城建建设工程有限公司(特快),商企类,房产建筑,房地产、建筑建材、工程,普通,2024-11-28,03687482,丁富安,4012401312,吴涛,03687482,丁富安,0.0016,0.018735849,5.57,0.0037,0.054853063,4.41
235,420000,湖北省,420100,武汉市,420103,江汉区,43000600,湖北省寄递事业部,43001800,武汉市寄递事业部,43002311,武汉市江汉区寄递事业部,43001302,武汉市江汉三阳路揽投部,43001302,武汉市江汉三阳路揽投部,C1101401260545,武汉恒空物业服务有限责任公司,91100986180374,武汉恒空物业服务有限责任公司,1100246566225,武汉恒空物业服务有限责任公司(特快),商企类,商业服务类,其他,,2026-06-17,03881837,敖茜,,,03624641,彭啸,0.0001,0.0009433962,0.1,0,0,0
236,420000,湖北省,420100,武汉市,420103,江汉区,43000600,湖北省寄递事业部,43001800,武汉市寄递事业部,43002311,武汉市江汉区寄递事业部,43001302,武汉市江汉三阳路揽投部,43001302,武汉市江汉三阳路揽投部,C1102291163703,湖北星颜数字传媒科技有限公司,91101157441409,湖北星颜数字传媒科技有限公司,1100235357782,湖北星颜数字传媒科技有限公司(电标),商企类,传媒、娱乐、体育、旅游,出版、影视、文化传播,,2025-11-12,03687482,丁富安,4012401312,吴涛,03687482,丁富安,0.0001,0.0009433962,0.1,0,0,0
237,420000,湖北省,420100,武汉市,420103,江汉区,43000600,湖北省寄递事业部,43001800,武汉市寄递事业部,43002311,武汉市江汉区寄递事业部,43001302,武汉市江汉三阳路揽投部,43001302,武汉市江汉三阳路揽投部,C1102472178755,民太安保险公估有限公司湖北分公司,91101107619388,民太安保险公估有限公司湖北分公司,1100219311627,民太安保险公估有限公司湖北分公司(特快),商企类,保险类,行政寄递,白银,2025-06-03,03687482,丁富安,4012401312,吴涛,03687482,丁富安,0.002,0.0180943398,9.807,0.0135,0.1403090569,50.26
238,420000,湖北省,420100,武汉市,420103,江汉区,43000600,湖北省寄递事业部,43001800,武汉市寄递事业部,43002311,武汉市江汉区寄递事业部,43001302,武汉市江汉三阳路揽投部,43001302,武汉市江汉三阳路揽投部,C1102668172813,湖北佰年龄大药房有限公司,91101122058854,湖北佰年龄大药房有限公司,1100224397414,湖北佰年龄大药房有限公司(特快),商企类,医药类,药品销售,,2025-08-11,03687482,丁富安,,,03687482,丁富安,0.0001,0.0009433962,0.1,0,0,0
239,420000,湖北省,420100,武汉市,420103,江汉区,43000600,湖北省寄递事业部,43001800,武汉市寄递事业部,43002311,武汉市江汉区寄递事业部,43001406,武汉市江汉将军路揽投部,43001406,武汉市江汉将军路揽投部,C0000006505668,武汉新世界制冷工业有限公司,90000008245087,武汉新世界制冷工业有限公司,1100142297333,武汉新世界制冷工业有限公司,商企类,贸易、消费品、调换货,零售、批发,普通,2023-01-09,03456179,易政艳,,,,,0,0,0,0.0003,0.0038597455,0.25
241,420000,湖北省,420100,武汉市,420103,江汉区,43000600,湖北省寄递事业部,43001800,武汉市寄递事业部,43002311,武汉市江汉区寄递事业部,43001406,武汉市江汉将军路揽投部,43001406,武汉市江汉将军路揽投部,C1100410139189,武汉本然实业有限公司,91100367144322,武汉本然实业有限公司,1100246725323,武汉本然实业有限公司(特快),商企类,商业服务类,其他,,2026-06-24,03881837,敖茜,,,01605025,刘小林,0.0001,0.0009433962,0.05,0,0,0
242,420000,湖北省,420100,武汉市,420103,江汉区,43000600,湖北省寄递事业部,43001800,武汉市寄递事业部,43002311,武汉市江汉区寄递事业部,43001406,武汉市江汉将军路揽投部,43001406,武汉市江汉将军路揽投部,C1100476022069,湖北正和建设集团有限公司,91101031708248,湖北正和建设工程有限公司-湖北正和建设集团有限公司,1100193907540,湖北正和建设工程有限公司(特快),商企类,房产建筑,房地产、建筑建材、工程,普通,2024-06-14,03881837,黄红德,4012401312,吴涛,,黄红德,0.0001,0.0009433962,0.05,0.0008,0.0118494027,1.01
243,420000,湖北省,420100,武汉市,420103,江汉区,43000600,湖北省寄递事业部,43001800,武汉市寄递事业部,43002311,武汉市江汉区寄递事业部,43001406,武汉市江汉将军路揽投部,43001406,武汉市江汉将军路揽投部,C1100566439375,湖北益丰大药房连锁有限公司,91100973091955,湖北益丰大药房连锁有限公司,1100212142778,湖北益丰大药房连锁有限公司(特快),商企类,医药类,药品销售,普通,2025-02-06,01612922,张国华,,,,,0,0,0,0.0005,0.0236417519,27.04
244,420000,湖北省,420100,武汉市,420103,江汉区,43000600,湖北省寄递事业部,43001800,武汉市寄递事业部,43002311,武汉市江汉区寄递事业部,43001406,武汉市江汉将军路揽投部,43001406,武汉市江汉将军路揽投部,C1100587646974,武汉浩庆科技有限公司,91100545406501,武汉浩庆科技有限公司,1100091522359,武汉浩庆(科技有限公司),商企类,生产加工制造业,大型设备、机电设备、重工业,普通,2021-06-25,",03456179","黄红德,易政艳",4012401312,吴涛,",03456179","黄红德,易政艳",0.0005,0.0054339622,3.445,0.0094,0.1732678046,229.515
247,420000,湖北省,420100,武汉市,420103,江汉区,43000600,湖北省寄递事业部,43001800,武汉市寄递事业部,43002311,武汉市江汉区寄递事业部,43001406,武汉市江汉将军路揽投部,43001406,武汉市江汉将军路揽投部,C1101151589822,快宝(上海)网络技术有限公司,91101016932925,快宝(上海)网络技术有限公司-快宝上门取件武汉市,1100189814441,快宝(上海)网络技术有限公司(上海)网络技术有限公司(快宝上门取件武汉市),商企类,退换货（商企）,快宝退换货（商企）,普通,2024-04-10,"03916800,03881828","徐玉婷,申莉莉",,,03916800,徐玉婷,0.0001,0.0009433962,0.06,0,0,0
248,420000,湖北省,420100,武汉市,420103,江汉区,43000600,湖北省寄递事业部,43001800,武汉市寄递事业部,43002311,武汉市江汉区寄递事业部,43001406,武汉市江汉将军路揽投部,43001406,武汉市江汉将军路揽投部,C1102856580422,武汉伟泉科技有限公司,91101177395139,武汉伟泉科技有限公司,1100243315550,武汉伟泉科技有限公司(特快),商企类,商业服务类,行政寄递,,2026-02-09,01605025,刘小林,,,01605025,刘小林,0.0082,0.0998301878,117.545,0,0,0
249,420000,湖北省,420100,武汉市,420103,江汉区,43000600,湖北省寄递事业部,43001800,武汉市寄递事业部,43002311,武汉市江汉区寄递事业部,43001406,武汉市江汉将军路揽投部,43001406,武汉市江汉将军路揽投部,C1104212559291,武汉市特种设备检验检测研究院,91101201617538,武汉市特种设备检验检测研究院,1100246037352,武汉市特种设备检验检测研究院(特快),商企类,生产加工制造业,大型设备、机电设备、重工业,,2026-05-27,03881837,敖茜,,,01605025,刘小林,0.0042,0.0672169811,23.639,0,0,0
250,420000,湖北省,420100,武汉市,420103,江汉区,43000600,湖北省寄递事业部,43001800,武汉市寄递事业部,43002311,武汉市江汉区寄递事业部,43001504,武汉市江汉台北路揽投部,43001504,武汉市江汉台北路揽投部,C0000000350941,中国平安财产保险股份有限公司平果支公司,91100605365894,平安财险-武汉分公司,1100101905479,中国平安财产保险股份有限公司平果支公司(平安财险(中国平安财产保险股份有限公司白银中心支公司(平安财险武汉分公司))),商企类,保险类,其他,普通,2021-12-09,03305045,钟春艳,,,03305045,钟春艳,0.0001,0.0009433962,0.12,0.0002,0.0031003548,0.2
251,420000,湖北省,420100,武汉市,420103,江汉区,43000600,湖北省寄递事业部,43001800,武汉市寄递事业部,43002311,武汉市江汉区寄递事业部,43001504,武汉市江汉台北路揽投部,43001504,武汉市江汉台北路揽投部,C0000000529387,中国银行股份有限公司湖北省分行,91100881716328,中国银行股份有限公司湖北省分行-中国银行股份有限公司湖北省分行-行政部,1100143556141,中国银行股份有限公司湖北省分行(中国银行股份有限公司湖北省分行),商企类,金融类,卡函寄递,普通,2023-01-18,03469152,刘安勇,4012401312,吴涛,03469152,刘安勇,0.0006,0.0090566039,0.36,0.002,0.0323344295,5.43
252,420000,湖北省,420100,武汉市,420103,江汉区,43000600,湖北省寄递事业部,43001800,武汉市寄递事业部,43002311,武汉市江汉区寄递事业部,43001504,武汉市江汉台北路揽投部,43001504,武汉市江汉台北路揽投部,C0000000529387,中国银行股份有限公司湖北省分行,91100881716407,中国银行股份有限公司湖北省分行-中国银行股份有限公司湖北省分行-个金部,1100143556275,中国银行股份有限公司湖北省分行(中国银行股份有限公司湖北省分行),商企类,金融类,卡函寄递,普通,2023-01-18,03469152,刘安勇,4012401312,吴涛,03469152,刘安勇,0.0009,0.013773585,12.33,0.0026,0.0375616667,73.44
253,420000,湖北省,420100,武汉市,420103,江汉区,43000600,湖北省寄递事业部,43001800,武汉市寄递事业部,43002311,武汉市江汉区寄递事业部,43001504,武汉市江汉台北路揽投部,43001504,武汉市江汉台北路揽投部,C0000000529387,中国银行股份有限公司湖北省分行,91100881742226,中国银行股份有限公司湖北省分行-中国银行股份有限公司湖北省分行-营业部,1100143721000,中国银行股份有限公司湖北省分行(中国银行股份有限公司湖北省分行),商企类,金融类,卡函寄递,白银,2023-01-19,03351630,李敏,4012401312,吴涛,03351630,李敏,0.0161,0.1827358462,89.1,0.0235,0.3237519429,482.34
254,420000,湖北省,420100,武汉市,420103,江汉区,43000600,湖北省寄递事业部,43001800,武汉市寄递事业部,43002311,武汉市江汉区寄递事业部,43001504,武汉市江汉台北路揽投部,43001504,武汉市江汉台北路揽投部,C0000000529387,中国银行股份有限公司湖北省分行,91100889797965,中国银行股份有限公司湖北省分行-中国银行湖北省分行结算处出口科,1100144784482,中国银行股份有限公司湖北省分行(中国银行湖北省分行结算处出口科),商企类,金融类,其他,白银,2023-01-31,03469152,刘安勇,4012401312,吴涛,03469152,刘安勇,0.0097,0.1121698131,35.7,0.0075,0.086022802,7.14
255,420000,湖北省,420100,武汉市,420103,江汉区,43000600,湖北省寄递事业部,43001800,武汉市寄递事业部,43002311,武汉市江汉区寄递事业部,43001504,武汉市江汉台北路揽投部,43001504,武汉市江汉台北路揽投部,C0000000535205,中国农业银行股份有限公司武汉分行,91100438396050,中国农业银行股份有限公司武汉分行,1100112513555,中国农业银行股份有限公司武汉分行(中国农业银行股份有限公司武汉分行),商企类,金融类,对账单寄递,白银,2022-04-27,"03469152,01612135","刘安勇,李萍",4012401312,吴涛,"03469152,01612135","刘安勇,李萍",0.0057,0.0636792451,27.63,0.0101,0.1556136848,22.47
256,420000,湖北省,420100,武汉市,420103,江汉区,43000600,湖北省寄递事业部,43001800,武汉市寄递事业部,43002311,武汉市江汉区寄递事业部,43001504,武汉市江汉台北路揽投部,43001504,武汉市江汉台北路揽投部,C0000002814937,武汉农村商业银行股份有限公司,91100881577637,武汉农村商业银行股份有限公司-（营业部）,1100142722976,武汉农村商业银行股份有限公司,商企类,金融类,卡函寄递,普通,2023-01-12,03469152,刘安勇,4012401312,吴涛,03469152,刘安勇,0.0037,0.0370754709,2.84,0.0034,0.0331993674,3.12
257,420000,湖北省,420100,武汉市,420103,江汉区,43000600,湖北省寄递事业部,43001800,武汉市寄递事业部,43002311,武汉市江汉区寄递事业部,43001504,武汉市江汉台北路揽投部,43001504,武汉市江汉台北路揽投部,C0000003914333,安盛天平财产保险有限公司湖北分公司,91101001863630,安盛天平-财产保险有限公司湖北分公司jh,1100185686400,安盛天平(财产保险有限公司湖北分公司),商企类,保险类,产险保单配送,普通,2024-02-19,04172520,刘建,4012401312,吴涛,04172520,刘建,0.0023,0.0285849057,3.4,0.0034,0.0557474895,12.9
258,420000,湖北省,420100,武汉市,420103,江汉区,43000600,湖北省寄递事业部,43001800,武汉市寄递事业部,43002311,武汉市江汉区寄递事业部,43001504,武汉市江汉台北路揽投部,43001504,武汉市江汉台北路揽投部,C0000003914827,中国民生银行股份有限公司武汉分行,91100893560834,中国民生银行股份有限公司武汉分行,1100145501794,中国民生银行股份有限公司武汉分行(中国民生银行股份有限公司武汉分行),商企类,金融类,对账单寄递,白银,2023-02-07,04172520,刘建,4012401312,吴涛,04172520,刘建,0.0564,0.6397641426,82.3,0.0298,0.3576406371,55.6
259,420000,湖北省,420100,武汉市,420103,江汉区,43000600,湖北省寄递事业部,43001800,武汉市寄递事业部,43002311,武汉市江汉区寄递事业部,43001504,武汉市江汉台北路揽投部,43001504,武汉市江汉台北路揽投部,C0000003973440,交通银行股份有限公司湖北省分行,91100921624534,交通银行股份有限公司湖北省分行-交行营业部,1100153527577,交通银行股份有限公司湖北省分行(特快),商企类,金融类,行政办公,普通,2023-05-12,"03998588,04116725","蒋成仲,罗曼武",4012401312,吴涛,"03998588,04116725","蒋成仲,罗曼武",0.0051,0.0619811318,34.32,0.0043,0.0450604547,17.3
260,420000,湖北省,420100,武汉市,420103,江汉区,43000600,湖北省寄递事业部,43001800,武汉市寄递事业部,43002311,武汉市江汉区寄递事业部,43001504,武汉市江汉台北路揽投部,43001504,武汉市江汉台北路揽投部,C0000005003491,浙商银行股份有限公司武汉分行,90000006534682,浙商银行股份有限公司武汉分行,1100054396605,浙商银行股份有限公司武汉分行(浙商银行股份有限公司武汉分行),商企类,金融类,行政办公,黄金,2020-06-10,03523281,黄威,4012401312,吴涛,03523281,黄威,0.0292,0.3761283035,305.97,0.0275,0.330336284,36.85
261,420000,湖北省,420100,武汉市,420103,江汉区,43000600,湖北省寄递事业部,43001800,武汉市寄递事业部,43002311,武汉市江汉区寄递事业部,43001504,武汉市江汉台北路揽投部,43001504,武汉市江汉台北路揽投部,C0000005003491,浙商银行股份有限公司武汉分行,90000006534682,浙商银行股份有限公司武汉分行,1100212508426,浙商银行股份有限公司武汉分行(光谷分行),商企类,金融类,基金、证券、期货、投资,普通,2025-02-13,03523281,黄威,,,,,0,0,0,0.0001,0.0009433962,0.1
262,420000,湖北省,420100,武汉市,420103,江汉区,43000600,湖北省寄递事业部,43001800,武汉市寄递事业部,43002311,武汉市江汉区寄递事业部,43001504,武汉市江汉台北路揽投部,43001504,武汉市江汉台北路揽投部,C0000005003491,浙商银行股份有限公司武汉分行,91100939423631,浙商银行股份有限公司武汉分行-浙商银行股份有限公司武汉分行办公室,1100162813698,浙商银行股份有限公司武汉分行(浙商银行股份有限公司武汉分行),商企类,金融类,行政办公,白银,2023-07-17,03523281,黄威,4012401312,吴涛,03523281,黄威,0.0109,0.1027018892,11.72,0.0098,0.1011395596,9.8
263,420000,湖北省,420100,武汉市,420103,江汉区,43000600,湖北省寄递事业部,43001800,武汉市寄递事业部,43002311,武汉市江汉区寄递事业部,43001504,武汉市江汉台北路揽投部,43001504,武汉市江汉台北路揽投部,C0000005370791,华泰证券股份有限公司武汉新华路证券营业部,90000006986920,华泰证券股份有限公司武汉新华路证券营业部,1030002094920,华泰证券股份有限公司武汉新华路证券营业部(华泰证券),商企类,其他,其他,普通,2016-06-29,03523281,黄威,4012401312,吴涛,03523281,黄威,0.0015,0.0195283019,5.19,0.002,0.0286859526,2.42
264,420000,湖北省,420100,武汉市,420103,江汉区,43000600,湖北省寄递事业部,43001800,武汉市寄递事业部,43002311,武汉市江汉区寄递事业部,43001504,武汉市江汉台北路揽投部,43001504,武汉市江汉台北路揽投部,C0000006899888,长城证券股份有限公司武汉云林街证券营业部,91100881715215,长城证券-长城证券股份有限公司武汉云林街证券营业部-jh,1100143554633,长城证券(长城证券股份有限公司武汉云林街证券营业部),商企类,金融类,基金、证券、期货、投资,普通,2023-01-18,03881837,敖茜,,,03881837,敖茜,0.0001,0.0013207547,0.2,0.0001,0.0009433962,1
265,420000,湖北省,420100,武汉市,420103,江汉区,43000600,湖北省寄递事业部,43001800,武汉市寄递事业部,43002311,武汉市江汉区寄递事业部,43001504,武汉市江汉台北路揽投部,43001504,武汉市江汉台北路揽投部,C0000007640748,中国太平洋财产保险股份有限公司湖北分公司,91100881742462,STPYPC-中国太平洋财产保险股份有限公司湖北分公司-理赔部,1100143721448,STPYPC(中国太平洋财产保险股份有限公司湖北分公司),商企类,保险类,产险保单配送,普通,2023-01-19,04172520,刘建,,,,,0,0,0,0.0059,0.0670842962,13.05
266,420000,湖北省,420100,武汉市,420103,江汉区,43000600,湖北省寄递事业部,43001800,武汉市寄递事业部,43002311,武汉市江汉区寄递事业部,43001504,武汉市江汉台北路揽投部,43001504,武汉市江汉台北路揽投部,C0000007640748,中国太平洋财产保险股份有限公司湖北分公司,91100881742507,STPYPC-中国太平洋财产保险股份有限公司湖北分公司-办公室,1100143721527,STPYPC(中国太平洋财产保险股份有限公司湖北分公司),商企类,保险类,产险保单配送,普通,2023-01-19,04172520,刘建,,,,,0,0,0,0.0022,0.0297923658,9.4
267,420000,湖北省,420100,武汉市,420103,江汉区,43000600,湖北省寄递事业部,43001800,武汉市寄递事业部,43002311,武汉市江汉区寄递事业部,43001504,武汉市江汉台北路揽投部,43001504,武汉市江汉台北路揽投部,C0000007640748,中国太平洋财产保险股份有限公司湖北分公司,91100881742530,STPYPC-中国太平洋财产保险股份有限公司湖北分公司-非车险理赔部,1100143721561,STPYPC(中国太平洋财产保险股份有限公司湖北分公司),商企类,保险类,产险保单配送,普通,2023-01-19,04172520,刘建,,,,,0,0,0,0.0029,0.0340310705,18
268,420000,湖北省,420100,武汉市,420103,江汉区,43000600,湖北省寄递事业部,43001800,武汉市寄递事业部,43002311,武汉市江汉区寄递事业部,43001504,武汉市江汉台北路揽投部,43001504,武汉市江汉台北路揽投部,C0000007640748,中国太平洋财产保险股份有限公司湖北分公司,91100976679220,中国太平洋财产保险股份有限公司湖北分公司-太平洋保险,1100222933643,中国太平洋财产保险股份有限公司湖北分公司(特快),商企类,保险类,寿险保单配送,,2025-07-22,04172520,刘建,4012401312,吴涛,04172520,刘建,0.0093,0.0811320732,24.9,0,0,0
270,420000,湖北省,420100,武汉市,420103,江汉区,43000600,湖北省寄递事业部,43001800,武汉市寄递事业部,43002311,武汉市江汉区寄递事业部,43001504,武汉市江汉台北路揽投部,43001504,武汉市江汉台北路揽投部,C0000009166563,中国建设银行股份有限公司湖北省分行,91100913529900,中国建设银行股份有限公司湖北省分行-中国建设银行股份有限公司湖北省分行办公室,1100151050824,中国建设银行股份有限公司湖北省分行(特快),商企类,金融类,行政办公,白银,2023-04-12,03469152,刘安勇,4012401312,吴涛,03469152,刘安勇,0.0158,0.3084905578,39.56,0.0124,0.2544774109,51.63
271,420000,湖北省,420100,武汉市,420103,江汉区,43000600,湖北省寄递事业部,43001800,武汉市寄递事业部,43002311,武汉市江汉区寄递事业部,43001504,武汉市江汉台北路揽投部,43001504,武汉市江汉台北路揽投部,C1100406027630,有为致合文化传媒（武汉）有限公司,91101032797607,有为致合文化传媒（武汉）有限公司-江汉,1100194160586,有为致合(特快),商企类,其他,其他,普通,2024-06-19,03881837,敖茜,,,,,0,0,0,0.0001,0.0009433962,1
272,420000,湖北省,420100,武汉市,420103,江汉区,43000600,湖北省寄递事业部,43001800,武汉市寄递事业部,43002311,武汉市江汉区寄递事业部,43001504,武汉市江汉台北路揽投部,43001504,武汉市江汉台北路揽投部,C1100438580976,幸福人寿保险股份有限公司湖北分公司,91100397026896,幸福人寿保险股份有限公司湖北分公司,1100063861332,幸福人寿(保险股份有限公司湖北分公司1),商企类,保险类,寿险保单配送,普通,2020-08-28,03523281,黄威,4012401312,吴涛,03523281,黄威,0.0056,0.0617924518,46.96,0.0078,0.0767129971,9.55
273,420000,湖北省,420100,武汉市,420103,江汉区,43000600,湖北省寄递事业部,43001800,武汉市寄递事业部,43002311,武汉市江汉区寄递事业部,43001504,武汉市江汉台北路揽投部,43001504,武汉市江汉台北路揽投部,C1100467822786,大家人寿保险股份有限公司湖北分公司,91100893193319,大家人寿保险股份有限公司湖北分公司-股份有限公司湖北分公司办公室,1100145467650,大家人寿保险股份有限公司湖北分公司(股份有限公司湖北分公司),商企类,保险类,寿险保单配送,黄金,2023-02-06,03469152,刘安勇,4012401312,吴涛,03469152,刘安勇,0.0283,0.3600377334,310.64,0.0277,0.3795053094,644.52
274,420000,湖北省,420100,武汉市,420103,江汉区,43000600,湖北省寄递事业部,43001800,武汉市寄递事业部,43002311,武汉市江汉区寄递事业部,43001504,武汉市江汉台北路揽投部,43001504,武汉市江汉台北路揽投部,C1100492779101,捷银国际旅行社(上海)有限公司,91100589522272,捷银国际旅行社(上海)有限公司-武汉寄递,1100099615743,捷银国际旅行社(上海)有限公司(捷银国际(捷银项目-武汉)),商企类,贸易、消费品、调换货,其他,普通,2021-10-29,01617306,刘婷婷,,,01617306,刘婷婷,0.0001,0.0009433962,0.12,0,0,0
275,420000,湖北省,420100,武汉市,420103,江汉区,43000600,湖北省寄递事业部,43001800,武汉市寄递事业部,43002311,武汉市江汉区寄递事业部,43001504,武汉市江汉台北路揽投部,43001504,武汉市江汉台北路揽投部,C1100524617502,武汉城市东方物业服务有限公司,91100484884783,武汉城市东方物业服务有限公司,1100244715577,武汉城市东方物业(特快),商企类,商业服务类,行政寄递,,2026-03-26,03881837,敖茜,,,03748131,黄莹,0.0007,0.0072641513,7.7,0,0,0
276,420000,湖北省,420100,武汉市,420103,江汉区,43000600,湖北省寄递事业部,43001800,武汉市寄递事业部,43002311,武汉市江汉区寄递事业部,43001504,武汉市江汉台北路揽投部,43001504,武汉市江汉台北路揽投部,C1100524617692,武汉新世界百货有限公司,91100484884963,武汉新世界百货有限公司,1100080228394,新世界百货(武汉新世界百货有限公司),商企类,贸易、消费品、调换货,耐用消费品（皮革、家具、家电服饰、纺织）,普通,2021-02-02,03523281,黄威,4012401312,吴涛,03523281,黄威,0.0009,0.010566038,0.95,0.0079,0.0833668004,13.02
277,420000,湖北省,420100,武汉市,420103,江汉区,43000600,湖北省寄递事业部,43001800,武汉市寄递事业部,43002311,武汉市江汉区寄递事业部,43001504,武汉市江汉台北路揽投部,43001504,武汉市江汉台北路揽投部,C1100669649912,武汉市融资担保有限公司,91100623054473,武汉市融资担保有限公司,1100105534606,武汉市融资担保有限公司(武汉市融资担保有限公司),商企类,保险类,其他,白银,2022-01-26,04141445,刘丽,4012401312,吴涛,04141445,刘丽,0.0091,0.0880188657,10.4,0.0203,0.218565125,23.74
278,420000,湖北省,420100,武汉市,420103,江汉区,43000600,湖北省寄递事业部,43001800,武汉市寄递事业部,43002311,武汉市江汉区寄递事业部,43001504,武汉市江汉台北路揽投部,43001504,武汉市江汉台北路揽投部,C1100712080651,武汉晶玉堂整合营销顾问有限公司,91100661813298,武汉晶玉堂整合营销顾问有限公司,1100219704454,武汉晶玉堂整合营销顾问有限公司(特快),商企类,其他,其他,普通,2025-06-09,03748131,黄莹,,,,,0,0,0,0.0001,0.0009433962,0.1
279,420000,湖北省,420100,武汉市,420103,江汉区,43000600,湖北省寄递事业部,43001800,武汉市寄递事业部,43002311,武汉市江汉区寄递事业部,43001504,武汉市江汉台北路揽投部,43001504,武汉市江汉台北路揽投部,C1100910954347,武汉联投万科房地产有限公司,91100861228188,武汉联投万科房地产有限公司,1100134235538,LTWK(武汉联投万科房地产有限公司),商企类,房产建筑,房地产、建筑建材、工程,白银,2022-11-07,03881837,敖茜,4009737770,王京津,,,0,0,0,0.1374,1.4437773438,163.47
280,420000,湖北省,420100,武汉市,420103,江汉区,43000600,湖北省寄递事业部,43001800,武汉市寄递事业部,43002311,武汉市江汉区寄递事业部,43001504,武汉市江汉台北路揽投部,43001504,武汉市江汉台北路揽投部,C1100910954347,武汉联投万科房地产有限公司,91101041385981,联投万科-营销中心,1100196724236,联投万科(营销中心),商企类,房产建筑,物业管理、商业中心,白银,2024-07-30,03523805,鄢锐,4012401312,吴涛,03523805,鄢锐,0.0421,0.4272641426,51.34,0,0,0
281,420000,湖北省,420100,武汉市,420103,江汉区,43000600,湖北省寄递事业部,43001800,武汉市寄递事业部,43002311,武汉市江汉区寄递事业部,43001504,武汉市江汉台北路揽投部,43001504,武汉市江汉台北路揽投部,C1100922600179,武汉长江资产经营管理有限公司,91100869675171,武汉长江资产经营管理有限公司,1100246418333,武汉长江资产经营管理有限公司(特快),商企类,商业服务类,其他,,2026-06-11,03881837,敖茜,,,03677822,宋凯,0.1246,0.8495283476,124.6,0,0,0
282,420000,湖北省,420100,武汉市,420103,江汉区,43000600,湖北省寄递事业部,43001800,武汉市寄递事业部,43002311,武汉市江汉区寄递事业部,43001504,武汉市江汉台北路揽投部,43001504,武汉市江汉台北路揽投部,C1100933702770,中国石化财务有限责任公司武汉分公司,91100923135386,中国石化财务-有限责任公司武汉分公司JH,1100154174240,中国石化财务(有限责任公司武汉分公司),商企类,能源、矿产、环保,石油、石化、化工,普通,2023-05-18,03469152,刘安勇,4012401312,吴涛,03469152,刘安勇,0.0028,0.0387735854,1.72,0.0054,0.0761346717,5.86
283,420000,湖北省,420100,武汉市,420103,江汉区,43000600,湖北省寄递事业部,43001800,武汉市寄递事业部,43002311,武汉市江汉区寄递事业部,43001504,武汉市江汉台北路揽投部,43001504,武汉市江汉台北路揽投部,C1100945655185,中国太平洋财产保险股份有限公司武汉中心支公司,91100881742563,中国太平洋财产保险股份有限公司武汉中心支公司,1100143721628,TPYWH(中国太平洋财产保险股份有限公司武汉中心支公司),商企类,保险类,产险保单配送,白银,2023-01-19,04172520,刘建,4012401312,吴涛,04172520,刘建,0.0218,0.1783113223,24.4,0.0173,0.1899544708,18.2
284,420000,湖北省,420100,武汉市,420103,江汉区,43000600,湖北省寄递事业部,43001800,武汉市寄递事业部,43002311,武汉市江汉区寄递事业部,43001504,武汉市江汉台北路揽投部,43001504,武汉市江汉台北路揽投部,C1100988512870,武汉傲卓置业有限公司,91101077214183,武汉傲卓置业有限公司-江汉,1100208465951,武汉傲卓置业有限公司(特快),商企类,房产建筑,物业管理、商业中心,普通,2024-12-24,03748131,黄莹,4008127659,黄莹,,,0,0,0,0.0001,0.0009433962,0.1
287,420000,湖北省,420100,武汉市,420103,江汉区,43000600,湖北省寄递事业部,43001800,武汉市寄递事业部,43002311,武汉市江汉区寄递事业部,43001504,武汉市江汉台北路揽投部,43001504,武汉市江汉台北路揽投部,C1101107375871,湖北外服鑫中浩人力资源服务有限公司,91100923604893,湖北外服鑫中浩人力资源服务有限公司,1100154352439,外服(湖北外服鑫中浩人力资源服务公司),商企类,商业服务类,专业服务、咨询（财会、法律、人力资源等）,普通,2023-05-19,03523281,黄威,4012401312,吴涛,03523281,黄威,0.0031,0.0465094344,3.1,0.0013,0.0145072699,1.3
288,420000,湖北省,420100,武汉市,420103,江汉区,43000600,湖北省寄递事业部,43001800,武汉市寄递事业部,43002311,武汉市江汉区寄递事业部,43001504,武汉市江汉台北路揽投部,43001504,武汉市江汉台北路揽投部,C1101151589822,快宝(上海)网络技术有限公司,91101016932925,快宝(上海)网络技术有限公司-快宝上门取件武汉市,1100189814441,快宝(上海)网络技术有限公司(上海)网络技术有限公司(快宝上门取件武汉市),商企类,退换货（商企）,快宝退换货（商企）,普通,2024-04-10,"03916800,03881828","徐玉婷,申莉莉",,,03916800,徐玉婷,0.0002,0.0020754717,1.3,0,0,0
289,420000,湖北省,420100,武汉市,420103,江汉区,43000600,湖北省寄递事业部,43001800,武汉市寄递事业部,43002311,武汉市江汉区寄递事业部,43001504,武汉市江汉台北路揽投部,43001504,武汉市江汉台北路揽投部,C1101314194353,武汉元中润科技有限公司,91101094741086,武汉元中润科技有限公司,1100219128904,武汉元中润科技有限公司(特快),商企类,IT通讯类,其他,普通,2025-05-30,03881837,敖茜,,,,,0,0,0,0.0014,0.0113896835,1.4
290,420000,湖北省,420100,武汉市,420103,江汉区,43000600,湖北省寄递事业部,43001800,武汉市寄递事业部,43002311,武汉市江汉区寄递事业部,43001504,武汉市江汉台北路揽投部,43001504,武汉市江汉台北路揽投部,C1101403662419,武汉鑫圆达建材有限公司,91101201807304,武汉鑫圆达建材有限公司,1100246079235,武汉鑫圆达建材有限公司(特快),商企类,房产建筑,房地产、建筑建材、工程,,2026-05-28,03881837,敖茜,,,03523281,黄威,0.0026,0.0266037733,3.3,0,0,0
291,420000,湖北省,420100,武汉市,420103,江汉区,43000600,湖北省寄递事业部,43001800,武汉市寄递事业部,43002311,武汉市江汉区寄递事业部,43001504,武汉市江汉台北路揽投部,43001504,武汉市江汉台北路揽投部,C1101555632335,武汉忆休传媒科技有限公司,91101028755617,武汉忆休传媒科技有限公司-寄递事业部,1100217227047,武汉忆休传媒科技有限公司(特快),商企类,传媒、娱乐、体育、旅游,出版、影视、文化传播,普通,2025-04-24,04116725,罗曼武,4012401312,吴涛,04116725,罗曼武,0.0001,0.0009433962,0.1,0.0213,0.0792249949,75.39
292,420000,湖北省,420100,武汉市,420103,江汉区,43000600,湖北省寄递事业部,43001800,武汉市寄递事业部,43002311,武汉市江汉区寄递事业部,43001504,武汉市江汉台北路揽投部,43001504,武汉市江汉台北路揽投部,C1101600964671,湖北旭智建设有限公司,91101187723742,湖北旭智建设有限公司,1100244098638,湖北旭智建设有限公司(特快),商企类,商业服务类,专业服务、咨询（财会、法律、人力资源等）,,2026-03-13,03881837,敖茜,,,04172520,刘建,0.0002,0.001509434,0.2,0,0,0
293,420000,湖北省,420100,武汉市,420103,江汉区,43000600,湖北省寄递事业部,43001800,武汉市寄递事业部,43002311,武汉市江汉区寄递事业部,43001504,武汉市江汉台北路揽投部,43001504,武汉市江汉台北路揽投部,C1101606233216,武汉金穗环保科技发展有限公司,91101202528811,武汉金穗环保科技发展有限公司,1100246183499,武汉金穗环保科技发展有限公司(特快),商企类,能源、矿产、环保,其他,,2026-06-02,03881837,敖茜,,,03524366,桂剑,0.0001,0.0013207547,0.1,0,0,0
294,420000,湖北省,420100,武汉市,420103,江汉区,43000600,湖北省寄递事业部,43001800,武汉市寄递事业部,43002311,武汉市江汉区寄递事业部,43001504,武汉市江汉台北路揽投部,43001504,武汉市江汉台北路揽投部,C1101668648023,中国民生银行股份有限公司信用卡中心武汉分中心,91101118214022,中国民生银行股份有限公司信用卡中心武汉分中心,1100223100853,中国民生银行股份有限公司信用卡中心武汉分中心(特款),商企类,金融类,行政办公,,2025-07-24,04172520,刘建,4012401312,吴涛,04172520,刘建,0.0021,0.0383018872,4.5,0,0,0
295,420000,湖北省,420100,武汉市,420103,江汉区,43000600,湖北省寄递事业部,43001800,武汉市寄递事业部,43002311,武汉市江汉区寄递事业部,43001504,武汉市江汉台北路揽投部,43001504,武汉市江汉台北路揽投部,C1101736185597,太平养老保险股份有限公司湖北分公司,91100995972834,太平养老保险股份有限公司湖北分公司-jh,1100184603385,太平养老保险股份有限公司湖北分公司(标快),商企类,保险类,其他,白银,2024-01-30,04172520,刘建,4012401312,吴涛,04172520,刘建,0.0026,0.0201415098,25.2,0.0238,0.2194210315,64.36
296,420000,湖北省,420100,武汉市,420103,江汉区,43000600,湖北省寄递事业部,43001800,武汉市寄递事业部,43002311,武汉市江汉区寄递事业部,43001504,武汉市江汉台北路揽投部,43001504,武汉市江汉台北路揽投部,C1101975152631,中核汇能湖北新能源有限公司,91100992878184,中核汇能湖北新能源有限公司,1100216625453,中核汇能(特快),商企类,能源、矿产、环保,能源、矿产、采掘、冶炼,普通,2025-04-14,03881837,敖茜,,,,,0,0,0,0.0001,0.0009433962,0.1
297,420000,湖北省,420100,武汉市,420103,江汉区,43000600,湖北省寄递事业部,43001800,武汉市寄递事业部,43002311,武汉市江汉区寄递事业部,43001504,武汉市江汉台北路揽投部,43001504,武汉市江汉台北路揽投部,C1102124637300,武汉欣月诚商贸有限公司,91101205557119,武汉欣月诚商贸有限公司,1100246568980,武汉欣月诚商贸有限公司(特快),商企类,商业服务类,其他,,2026-06-17,03881837,敖茜,,,03748131,黄莹,0.0001,0.0013207547,0.2,0,0,0
298,420000,湖北省,420100,武汉市,420103,江汉区,43000600,湖北省寄递事业部,43001800,武汉市寄递事业部,43002311,武汉市江汉区寄递事业部,43001504,武汉市江汉台北路揽投部,43001504,武汉市江汉台北路揽投部,C1103101678323,武汉鹏勇飞凡物流服务有限公司,91101202735697,武汉鹏勇飞凡物流服务有限公司,1100246215394,武汉鹏勇飞凡物流服务有限公司(特快),商企类,交通运输、物流仓储,其他,,2026-06-03,03881837,敖茜,,,03523805,鄢锐,0.0001,0.0009433962,0.1,0,0,0
299,420000,湖北省,420100,武汉市,420103,江汉区,43000600,湖北省寄递事业部,43001800,武汉市寄递事业部,43002311,武汉市江汉区寄递事业部,43001504,武汉市江汉台北路揽投部,43001504,武汉市江汉台北路揽投部,C1103751357755,湖北沐昇阳信息咨询有限公司,91101099082832,湖北沐昇阳信息咨询有限公司,1100245868151,湖北沐昇阳信息咨询有限公司(特快),商企类,商业服务类,其他,,2026-05-20,03881837,敖茜,,,03469152,刘安勇,0.0013,0.0159433961,0.78,0,0,0
300,420000,湖北省,420100,武汉市,420103,江汉区,43000600,湖北省寄递事业部,43001800,武汉市寄递事业部,43002311,武汉市江汉区寄递事业部,43001504,武汉市江汉台北路揽投部,43001504,武汉市江汉台北路揽投部,C1103761828939,湖北楚量律师事务所,91101103892927,湖北楚量律师事务所,1100218181104,湖北楚量律师事务所(特快),商企类,商业服务类,其他,普通,2025-05-14,03881837,敖茜,,,,,0,0,0,0.0013,0.0176859961,2.3
301,420000,湖北省,420100,武汉市,420103,江汉区,43000600,湖北省寄递事业部,43001800,武汉市寄递事业部,43002311,武汉市江汉区寄递事业部,43001504,武汉市江汉台北路揽投部,43001504,武汉市江汉台北路揽投部,C1104084469265,湖北鼎执科技集团有限公司,91101157441364,湖北鼎执科技集团有限公司,1100235357726,湖北鼎执科技集团有限公司(特快),商企类,商业服务类,行政寄递,,2025-11-12,03523281,黄威,4012401312,吴涛,03523281,黄威,0.0001,0.0009433962,0.1,0,0,0
302,420000,湖北省,420100,武汉市,420103,江汉区,43000600,湖北省寄递事业部,43001800,武汉市寄递事业部,43002311,武汉市江汉区寄递事业部,43001507,武汉市江汉天门墩揽投部,43001507,武汉市江汉天门墩揽投部,C0000000447533,交银国际信托有限公司,91100904053687,交银国际信托有限公司-交银国际信托有限公司湖北,1100148285112,交银国际信托有限公司(交银国际信托有限公司),商企类,金融类,行政办公,普通,2023-03-07,03736715,陈磊,4012401312,吴涛,03736715,陈磊,0.001,0.0187735851,0.7,0.0009,0.016727021,0.63
303,420000,湖北省,420100,武汉市,420103,江汉区,43000600,湖北省寄递事业部,43001800,武汉市寄递事业部,43002311,武汉市江汉区寄递事业部,43001507,武汉市江汉天门墩揽投部,43001507,武汉市江汉天门墩揽投部,C0000000529310,汉口银行股份有限公司,91100877976972,汉口银行股份有限公司-汉口银行股份有限公司（信用卡部）,1100139874767,汉口银行股份有限公司(汉口银行股份有限公司),商企类,金融类,卡函寄递,黄金,2022-12-28,03962038,祁宏杰,4012401312,吴涛,03962038,祁宏杰,0.0183,0.2220754723,15.66,0.0163,0.2013571076,13.01
304,420000,湖北省,420100,武汉市,420103,江汉区,43000600,湖北省寄递事业部,43001800,武汉市寄递事业部,43002311,武汉市江汉区寄递事业部,43001507,武汉市江汉天门墩揽投部,43001507,武汉市江汉天门墩揽投部,C0000000529310,汉口银行股份有限公司,91100880744182,汉口银行股份有限公司-汉口银行营运部,1100141975010,汉口银行股份有限公司(汉口银行股份有限公司),商企类,金融类,对账单寄递,白银,2023-01-06,03962038,祁宏杰,4012401312,吴涛,03962038,祁宏杰,0.0057,0.0667924541,6.86,0.0051,0.0601436703,6.62
305,420000,湖北省,420100,武汉市,420103,江汉区,43000600,湖北省寄递事业部,43001800,武汉市寄递事业部,43002311,武汉市江汉区寄递事业部,43001507,武汉市江汉天门墩揽投部,43001507,武汉市江汉天门墩揽投部,C0000000529310,汉口银行股份有限公司,91100880744384,汉口银行股份有限公司-汉口银行金融市场部,1100141975391,汉口银行股份有限公司(汉口银行股份有限公司),商企类,金融类,票据、凭证包,普通,2023-01-06,03962038,祁宏杰,4012401312,吴涛,03962038,祁宏杰,0.0033,0.0551886795,4.32,0.0043,0.0731321619,6.59
306,420000,湖北省,420100,武汉市,420103,江汉区,43000600,湖北省寄递事业部,43001800,武汉市寄递事业部,43002311,武汉市江汉区寄递事业部,43001507,武汉市江汉天门墩揽投部,43001507,武汉市江汉天门墩揽投部,C0000000529310,汉口银行股份有限公司,91100880744384,汉口银行股份有限公司-汉口银行金融市场部,1100224101529,汉口银行股份有限公司(营业部),商企类,金融类,行政办公,,2025-08-07,03962038,祁宏杰,4012401312,吴涛,03962038,祁宏杰,0.003,0.0299056598,3,0,0,0
307,420000,湖北省,420100,武汉市,420103,江汉区,43000600,湖北省寄递事业部,43001800,武汉市寄递事业部,43002311,武汉市江汉区寄递事业部,43001507,武汉市江汉天门墩揽投部,43001507,武汉市江汉天门墩揽投部,C0000000529310,汉口银行股份有限公司,91100912303493,汉口银行股份有限公司-汉口银行网银返单,1100150755522,汉口银行股份有限公司(汉口银行股份有限公司),商企类,金融类,对账单寄递,白银,2023-04-07,03962038,祁宏杰,4012401312,吴涛,03962038,祁宏杰,0.0009,0.0095283019,0.9,0.0024,0.0252487444,2.09
308,420000,湖北省,420100,武汉市,420103,江汉区,43000600,湖北省寄递事业部,43001800,武汉市寄递事业部,43002311,武汉市江汉区寄递事业部,43001507,武汉市江汉天门墩揽投部,43001507,武汉市江汉天门墩揽投部,C0000000535182,长江日报社,91101091957240,长江日报社-市场部,1100221123698,长江日报社(特快),商企类,商业服务类,行政寄递,普通,2025-06-27,03881837,敖茜,,,,,0,0,0,0.0001,0.0029124546,9.1
309,420000,湖北省,420100,武汉市,420103,江汉区,43000600,湖北省寄递事业部,43001800,武汉市寄递事业部,43002311,武汉市江汉区寄递事业部,43001507,武汉市江汉天门墩揽投部,43001507,武汉市江汉天门墩揽投部,C0000001994092,湖北中邮物流有限责任公司,91100992865427,湖北中邮物流有限责任公司-武汉市移动小件业务（重要客户中心）,1100183475303,湖北中邮物流有限责任公司(武汉市移动小件业务（重要客户中心）),商企类,IT通讯类,通讯运营商,普通,2024-01-15,03351577,罗君,,,,,0,0,0,0.0001,0.0008,0.06
310,420000,湖北省,420100,武汉市,420103,江汉区,43000600,湖北省寄递事业部,43001800,武汉市寄递事业部,43002311,武汉市江汉区寄递事业部,43001507,武汉市江汉天门墩揽投部,43001507,武汉市江汉天门墩揽投部,C0000003973440,交通银行股份有限公司湖北省分行,80000009985427,交通银行股份有限公司湖北省分行,1030000926001,交通银行股份有限公司湖北省分行(交通银行股份有限公司湖北省分行),商企类,金融类,对账单寄递,白银,2017-12-21,04055748,游申栋,,,,,0,0,0,0.0001,0.0009433962,0.95
311,420000,湖北省,420100,武汉市,420103,江汉区,43000600,湖北省寄递事业部,43001800,武汉市寄递事业部,43002311,武汉市江汉区寄递事业部,43001507,武汉市江汉天门墩揽投部,43001507,武汉市江汉天门墩揽投部,C0000003973440,交通银行股份有限公司湖北省分行,91100921624905,交通银行股份有限公司湖北省分行-交行综合部,1100153528152,交通银行股份有限公司湖北省分行(交通银行股份有限公司湖北省分行),商企类,金融类,行政办公,白银,2023-05-12,03736715,陈磊,4012401312,吴涛,03736715,陈磊,0.0413,0.5094339604,140.04,0.0161,0.2182864344,56.09
312,420000,湖北省,420100,武汉市,420103,江汉区,43000600,湖北省寄递事业部,43001800,武汉市寄递事业部,43002311,武汉市江汉区寄递事业部,43001507,武汉市江汉天门墩揽投部,43001507,武汉市江汉天门墩揽投部,C0000003973440,交通银行股份有限公司湖北省分行,91100921625401,交通银行股份有限公司湖北省分行-交行个金部,1100153529029,交通银行股份有限公司湖北省分行(交通银行股份有限公司湖北省分行),商企类,金融类,行政办公,普通,2023-05-12,03736715,陈磊,,,,,0,0,0,0.0001,0.0009433962,0.4
313,420000,湖北省,420100,武汉市,420103,江汉区,43000600,湖北省寄递事业部,43001800,武汉市寄递事业部,43002311,武汉市江汉区寄递事业部,43001507,武汉市江汉天门墩揽投部,43001507,武汉市江汉天门墩揽投部,C0000005049075,银联商务股份有限公司湖北分公司,91101090914949,银联商务股份有限公司湖北分公司-运营部,1100213687706,银联商务股份有限公司湖北分公司(特快专递),商企类,金融类,其他,白银,2025-02-28,03881837,敖茜,,,,,0,0,0,0.0241,0.1981593185,407.452
314,420000,湖北省,420100,武汉市,420103,江汉区,43000600,湖北省寄递事业部,43001800,武汉市寄递事业部,43002311,武汉市江汉区寄递事业部,43001507,武汉市江汉天门墩揽投部,43001507,武汉市江汉天门墩揽投部,C0000008021630,上海浦东发展银行股份有限公司武汉分行,91100880743989,上海浦东发展银行股份有限公司武汉分行-上海浦东发展银行股份有限公司武汉常青支行,1100141974705,上海浦东发展银行股份有限公司武汉分行,商企类,金融类,行政办公,白银,2023-01-06,03469245,魏武,,,,,0,0,0,0.0244,0.3735272699,108.52
315,420000,湖北省,420100,武汉市,420103,江汉区,43000600,湖北省寄递事业部,43001800,武汉市寄递事业部,43002311,武汉市江汉区寄递事业部,43001507,武汉市江汉天门墩揽投部,43001507,武汉市江汉天门墩揽投部,C0000008351850,江西省地质工程集团有限公司,90000010350335,江西省地质工程集团有限公司,1100238692282,江西省地质工程集团有限公司(特快),商企类,能源、矿产、环保,能源、矿产、采掘、冶炼,,2025-12-15,03962038,祁宏杰,4012401312,吴涛,03962038,祁宏杰,0.0008,0.011792453,1.7,0,0,0
318,420000,湖北省,420100,武汉市,420103,江汉区,43000600,湖北省寄递事业部,43001800,武汉市寄递事业部,43002311,武汉市江汉区寄递事业部,43001507,武汉市江汉天门墩揽投部,43001507,武汉市江汉天门墩揽投部,C0000009102114,中国农业银行股份有限公司武汉武昌支行,91100450473500,中国农业银行股份有限公司武汉武昌支行,1100245540507,中国农业银行股份有限公司武汉武昌支行(特快),商企类,商业服务类,行政寄递,,2026-05-07,03881837,敖茜,,,03812244,李阳,0.0001,0.0009433962,0.1,0,0,0
319,420000,湖北省,420100,武汉市,420103,江汉区,43000600,湖北省寄递事业部,43001800,武汉市寄递事业部,43002311,武汉市江汉区寄递事业部,43001507,武汉市江汉天门墩揽投部,43001507,武汉市江汉天门墩揽投部,C0000009166563,中国建设银行股份有限公司湖北省分行,91100881742372,中国建设银行股份有限公司湖北省分行-中国建设银行股份有限公司湖北省分行-jh,1100143721303,中国建设银行股份有限公司湖北省分行(中国建设银行股份有限公司湖北省分行),商企类,金融类,卡函寄递,白银,2023-01-19,03322201,郑玲琍,4003356186,马丽,03322201,郑玲琍,0.6678,5.4691887002,402.14,0.0429,0.4765513735,27.86
320,420000,湖北省,420100,武汉市,420103,江汉区,43000600,湖北省寄递事业部,43001800,武汉市寄递事业部,43002311,武汉市江汉区寄递事业部,43001507,武汉市江汉天门墩揽投部,43001507,武汉市江汉天门墩揽投部,C1100099476625,中信银行股份有限公司武汉分行,91100100888401,中信银行股份有限公司武汉分行,1100089608890,中信银行股份有限公司武汉分行(中信银行股份有限公司武汉分行),商企类,金融类,卡函寄递,白银,2021-06-01,01610756,冯传家,,,,,0,0,0,0.0661,0.4443453098,80.96
321,420000,湖北省,420100,武汉市,420103,江汉区,43000600,湖北省寄递事业部,43001800,武汉市寄递事业部,43002311,武汉市江汉区寄递事业部,43001507,武汉市江汉天门墩揽投部,43001507,武汉市江汉天门墩揽投部,C1100099476625,中信银行股份有限公司武汉分行,91100100888401,中信银行股份有限公司武汉分行,1100238531701,中信银行股份有限公司武汉分行(中信法务部),商企类,金融类,对账单寄递,,2025-12-12,03736715,陈磊,4012401312,吴涛,03736715,陈磊,0.0827,0.5897169818,65.72,0,0,0
322,420000,湖北省,420100,武汉市,420103,江汉区,43000600,湖北省寄递事业部,43001800,武汉市寄递事业部,43002311,武汉市江汉区寄递事业部,43001507,武汉市江汉天门墩揽投部,43001507,武汉市江汉天门墩揽投部,C1100099476625,中信银行股份有限公司武汉分行,91101068738555,中信银行股份有限公司武汉分行-江汉2,1100207412198,中信银行股份有限公司武汉分行(美签3),商企类,金融类,其他,黄金,2024-12-06,03736715,陈磊,,,,,0,0,0,0.0001,0.000754717,0.5
323,420000,湖北省,420100,武汉市,420103,江汉区,43000600,湖北省寄递事业部,43001800,武汉市寄递事业部,43002311,武汉市江汉区寄递事业部,43001507,武汉市江汉天门墩揽投部,43001507,武汉市江汉天门墩揽投部,C1100099476625,中信银行股份有限公司武汉分行,91101097177903,中信银行股份有限公司武汉分行-天门墩1,1100216201778,中信银行股份有限公司武汉分行(特快),商企类,金融类,基金、证券、期货、投资,普通,2025-04-03,03881837,敖茜,,,,,0,0,0,0.0001,0.0005660377,0.07
324,420000,湖北省,420100,武汉市,420103,江汉区,43000600,湖北省寄递事业部,43001800,武汉市寄递事业部,43002311,武汉市江汉区寄递事业部,43001507,武汉市江汉天门墩揽投部,43001507,武汉市江汉天门墩揽投部,C1100099476625,中信银行股份有限公司武汉分行,91101097178049,中信银行股份有限公司武汉分行-天门墩2,1100216202117,中信银行股份有限公司武汉分行(特快),商企类,金融类,票据、凭证包,普通,2025-04-03,03881837,敖茜,,,,,0,0,0,0.0001,0.0005660377,0.07
325,420000,湖北省,420100,武汉市,420103,江汉区,43000600,湖北省寄递事业部,43001800,武汉市寄递事业部,43002311,武汉市江汉区寄递事业部,43001507,武汉市江汉天门墩揽投部,43001507,武汉市江汉天门墩揽投部,C1100099476625,中信银行股份有限公司武汉分行,91101097178050,中信银行股份有限公司武汉分行-天门墩3,1100216202128,中信银行股份有限公司武汉分行(特快),商企类,金融类,对账单寄递,普通,2025-04-03,03881837,敖茜,,,,,0,0,0,0.0001,0.0005660377,0.07
326,420000,湖北省,420100,武汉市,420103,江汉区,43000600,湖北省寄递事业部,43001800,武汉市寄递事业部,43002311,武汉市江汉区寄递事业部,43001507,武汉市江汉天门墩揽投部,43001507,武汉市江汉天门墩揽投部,C1100099476625,中信银行股份有限公司武汉分行,91101097178061,中信银行股份有限公司武汉分行-天门墩4,1100216202139,中信银行股份有限公司武汉分行(特快),商企类,金融类,对账单寄递,普通,2025-04-03,03881837,敖茜,,,,,0,0,0,0.0001,0.0005660377,0.07
327,420000,湖北省,420100,武汉市,420103,江汉区,43000600,湖北省寄递事业部,43001800,武汉市寄递事业部,43002311,武汉市江汉区寄递事业部,43001507,武汉市江汉天门墩揽投部,43001507,武汉市江汉天门墩揽投部,C1100099476625,中信银行股份有限公司武汉分行,91101097178072,中信银行股份有限公司武汉分行-天门墩10,1100216202140,中信银行股份有限公司武汉分行(特快),商企类,金融类,对账单寄递,普通,2025-04-03,03881837,敖茜,,,,,0,0,0,0.0001,0.0005660377,0.07
328,420000,湖北省,420100,武汉市,420103,江汉区,43000600,湖北省寄递事业部,43001800,武汉市寄递事业部,43002311,武汉市江汉区寄递事业部,43001507,武汉市江汉天门墩揽投部,43001507,武汉市江汉天门墩揽投部,C1100099476625,中信银行股份有限公司武汉分行,91101097178083,中信银行股份有限公司武汉分行-天门墩9,1100216202151,中信银行股份有限公司武汉分行(特快),商企类,金融类,对账单寄递,普通,2025-04-03,03469245,魏武,,,,,0,0,0,0.0001,0.0005660377,0.07
329,420000,湖北省,420100,武汉市,420103,江汉区,43000600,湖北省寄递事业部,43001800,武汉市寄递事业部,43002311,武汉市江汉区寄递事业部,43001507,武汉市江汉天门墩揽投部,43001507,武汉市江汉天门墩揽投部,C1100099476625,中信银行股份有限公司武汉分行,91101097178094,中信银行股份有限公司武汉分行-天门墩8,1100216202162,中信银行股份有限公司武汉分行(特快),商企类,金融类,对账单寄递,普通,2025-04-03,03469245,魏武,,,,,0,0,0,0.0001,0.0005660377,0.07
330,420000,湖北省,420100,武汉市,420103,江汉区,43000600,湖北省寄递事业部,43001800,武汉市寄递事业部,43002311,武汉市江汉区寄递事业部,43001507,武汉市江汉天门墩揽投部,43001507,武汉市江汉天门墩揽投部,C1100099476625,中信银行股份有限公司武汉分行,91101097178106,中信银行股份有限公司武汉分行-天门墩7,1100216202173,中信银行股份有限公司武汉分行(特快),商企类,金融类,对账单寄递,普通,2025-04-03,03881837,敖茜,,,,,0,0,0,0.0001,0.0005660377,0.07
331,420000,湖北省,420100,武汉市,420103,江汉区,43000600,湖北省寄递事业部,43001800,武汉市寄递事业部,43002311,武汉市江汉区寄递事业部,43001507,武汉市江汉天门墩揽投部,43001507,武汉市江汉天门墩揽投部,C1100099476625,中信银行股份有限公司武汉分行,91101097178117,中信银行股份有限公司武汉分行-天门墩6,1100216202184,中信银行股份有限公司武汉分行(特快),商企类,金融类,对账单寄递,普通,2025-04-03,03881837,敖茜,,,,,0,0,0,0.0001,0.0005660377,0.07
332,420000,湖北省,420100,武汉市,420103,江汉区,43000600,湖北省寄递事业部,43001800,武汉市寄递事业部,43002311,武汉市江汉区寄递事业部,43001507,武汉市江汉天门墩揽投部,43001507,武汉市江汉天门墩揽投部,C1100099476625,中信银行股份有限公司武汉分行,91101097178128,中信银行股份有限公司武汉分行-天门墩5,1100216202195,中信银行股份有限公司武汉分行(特快),商企类,金融类,对账单寄递,普通,2025-04-03,03881837,敖茜,,,,,0,0,0,0.0001,0.0005660377,0.07
333,420000,湖北省,420100,武汉市,420103,江汉区,43000600,湖北省寄递事业部,43001800,武汉市寄递事业部,43002311,武汉市江汉区寄递事业部,43001507,武汉市江汉天门墩揽投部,43001507,武汉市江汉天门墩揽投部,C1100218298473,重庆医药集团湖北诺康医药有限公司,91100216621099,重庆医药集团湖北诺康医药有限公司,1100031200592,重庆医药集团湖北诺康医药有限公司(特快),商企类,贸易、消费品、调换货,其他,白银,2019-07-09,03881837,敖茜,,,,,0,0,0,0.0236,0.2829545143,25.5
334,420000,湖北省,420100,武汉市,420103,江汉区,43000600,湖北省寄递事业部,43001800,武汉市寄递事业部,43002311,武汉市江汉区寄递事业部,43001507,武汉市江汉天门墩揽投部,43001507,武汉市江汉天门墩揽投部,C1100652635290,武汉市汉口国药有限公司,91100862554989,武汉市汉口国药有限公司,1100134907107,HKGY(武汉市汉口国药有限公司),商企类,医药类,药品销售,,2022-11-11,03469245,魏武,4012401312,吴涛,03469245,魏武,0.0044,0.1200943391,118.74,0,0,0
335,420000,湖北省,420100,武汉市,420103,江汉区,43000600,湖北省寄递事业部,43001800,武汉市寄递事业部,43002311,武汉市江汉区寄递事业部,43001507,武汉市江汉天门墩揽投部,43001507,武汉市江汉天门墩揽投部,C1100660757205,武汉永隆酒业有限责任公司,91100615172206,武汉永隆酒业有限责任公司,1100103950099,WHYL(武汉永隆酒业有限责任公司),商企类,贸易、消费品、调换货,零售、批发,普通,2022-01-05,03881837,敖茜,,,,,0,0,0,0.0001,0.0009433962,0.3
336,420000,湖北省,420100,武汉市,420103,江汉区,43000600,湖北省寄递事业部,43001800,武汉市寄递事业部,43002311,武汉市江汉区寄递事业部,43001507,武汉市江汉天门墩揽投部,43001507,武汉市江汉天门墩揽投部,C1100803308026,航天科工财务有限责任公司武汉分公司,80000009784064,航天科工财务有限公司武汉分公司-航天科工财务有限公司武汉分公司,1100051557566,航天科工财务有限公司武汉分公司(航天科工财务有限公司武汉分公司),商企类,生产加工制造业,航空航天,普通,2020-05-22,04055748,游申栋,,,,,0,0,0,0.0002,0.0029163493,0.13
337,420000,湖北省,420100,武汉市,420103,江汉区,43000600,湖北省寄递事业部,43001800,武汉市寄递事业部,43002311,武汉市江汉区寄递事业部,43001507,武汉市江汉天门墩揽投部,43001507,武汉市江汉天门墩揽投部,C1100923055400,大家财产保险有限责任公司湖北分公司,91100870003112,大家财产保险有限责任公司湖北分公司,1100190899075,大家财产(保险有限责任公司湖北分公司),商企类,保险类,其他,普通,2024-04-28,03736715,陈磊,4012401312,吴涛,03736715,陈磊,0.0022,0.0255660379,15.021,0,0,0
338,420000,湖北省,420100,武汉市,420103,江汉区,43000600,湖北省寄递事业部,43001800,武汉市寄递事业部,43002311,武汉市江汉区寄递事业部,43001507,武汉市江汉天门墩揽投部,43001507,武汉市江汉天门墩揽投部,C1100924112472,农银人寿保险股份有限公司湖北分公司,91100881603907,农银人寿-保险股份有限公司湖北分公司-jh,1100142868315,农银人寿(保险股份有限公司湖北分公司),商企类,金融类,对账单寄递,白银,2023-01-13,03760874,宋俊,4012401312,吴涛,03760874,宋俊,0.0104,0.1225471719,47.845,0.0238,0.6251780704,2027.246
339,420000,湖北省,420100,武汉市,420103,江汉区,43000600,湖北省寄递事业部,43001800,武汉市寄递事业部,43002311,武汉市江汉区寄递事业部,43001507,武汉市江汉天门墩揽投部,43001507,武汉市江汉天门墩揽投部,C1100944130788,汉飞投资控股集团有限公司,91100881544079,汉飞投资控股集团有限公司,1100142568367,汉飞投资控股集团有限公司,商企类,金融类,基金、证券、期货、投资,普通,2023-01-11,03881837,敖茜,,,,,0,0,0,0.0001,0.0010377359,1.1
342,420000,湖北省,420100,武汉市,420103,江汉区,43000600,湖北省寄递事业部,43001800,武汉市寄递事业部,43002311,武汉市江汉区寄递事业部,43001507,武汉市江汉天门墩揽投部,43001507,武汉市江汉天门墩揽投部,C1101350942893,武汉理诚科技服务有限公司,91101174318883,武汉理诚科技服务有限公司,1100242718578,理诚科技(特快),商企类,IT通讯类,其他,,2026-01-26,03469245,魏武,,,03469245,魏武,0.0002,0.0018867924,0.56,0,0,0
343,420000,湖北省,420100,武汉市,420103,江汉区,43000600,湖北省寄递事业部,43001800,武汉市寄递事业部,43002311,武汉市江汉区寄递事业部,43001507,武汉市江汉天门墩揽投部,43001507,武汉市江汉天门墩揽投部,C1101388526870,武汉化润新材料科技有限公司,91101203708968,武汉化润新材料科技有限公司,1100246356918,武汉化润新材料科技有限公司(特快),商企类,生产加工制造业,其他,,2026-06-09,03881837,敖茜,,,03736715,陈磊,0.0001,0.0009433962,0.07,0,0,0
344,420000,湖北省,420100,武汉市,420103,江汉区,43000600,湖北省寄递事业部,43001800,武汉市寄递事业部,43002311,武汉市江汉区寄递事业部,43001507,武汉市江汉天门墩揽投部,43001507,武汉市江汉天门墩揽投部,C1101418262107,武汉华真丰盛建筑装饰工程有限公司,91101205157373,武汉华真丰盛建筑装饰工程有限公司,1100246497611,武汉华真丰盛建筑装饰工程有限公司(特快),商企类,房产建筑,家居、室内设计、装饰装潢,,2026-06-15,03881837,敖茜,,,01611073,王芝季,0.0001,0.0011320755,0.1,0,0,0
345,420000,湖北省,420100,武汉市,420103,江汉区,43000600,湖北省寄递事业部,43001800,武汉市寄递事业部,43002311,武汉市江汉区寄递事业部,43001507,武汉市江汉天门墩揽投部,43001507,武汉市江汉天门墩揽投部,C1101471630723,武汉科腾阳光城房地产开发有限公司,91101016662037,武汉科腾阳光城房地产开发有限公司,1100189780847,WHKT(武汉科腾阳光城房地产开发有限公司),商企类,金融类,行政办公,普通,2024-04-09,03962038,祁宏杰,4012401312,吴涛,03962038,祁宏杰,0.0025,0.032075472,2.8,0.0024,0.0340138472,3.15
346,420000,湖北省,420100,武汉市,420103,江汉区,43000600,湖北省寄递事业部,43001800,武汉市寄递事业部,43002311,武汉市江汉区寄递事业部,43001507,武汉市江汉天门墩揽投部,43001507,武汉市江汉天门墩揽投部,C1101525483976,武汉市时空园林景观建筑工程有限公司,91101095432129,武汉市时空园林景观建筑工程有限公司,1100221123687,武汉市时空园林景观建筑工程有限公司(特快),商企类,生产加工制造业,大型设备、机电设备、重工业,普通,2025-06-27,03881837,敖茜,,,,,0,0,0,0.0001,0.0015971525,2.5
347,420000,湖北省,420100,武汉市,420103,江汉区,43000600,湖北省寄递事业部,43001800,武汉市寄递事业部,43002311,武汉市江汉区寄递事业部,43001507,武汉市江汉天门墩揽投部,43001507,武汉市江汉天门墩揽投部,C1101529542594,律邦（武汉）咨询有限公司,91100956560755,律邦（武汉）咨询有限公司,1100171410882,律邦咨询(律邦（武汉）咨询有限公司),商企类,商业服务类,专业服务、咨询（财会、法律、人力资源等）,普通,2023-09-11,03881837,敖茜,,,,,0,0,0,0.0002,0.0020707979,1.4
348,420000,湖北省,420100,武汉市,420103,江汉区,43000600,湖北省寄递事业部,43001800,武汉市寄递事业部,43002311,武汉市江汉区寄递事业部,43001507,武汉市江汉天门墩揽投部,43001507,武汉市江汉天门墩揽投部,C1101549254451,武汉中翊特普达装饰工程有限公司,91101205555735,武汉中翊特普达装饰工程有限公司,1100246566203,武汉中翊特普达装饰工程有限公司(特快),商企类,商业服务类,其他,,2026-06-17,03881837,敖茜,,,03469245,魏武,0.0043,0.0695283017,51.28,0,0,0
349,420000,湖北省,420100,武汉市,420103,江汉区,43000600,湖北省寄递事业部,43001800,武汉市寄递事业部,43002311,武汉市江汉区寄递事业部,43001507,武汉市江汉天门墩揽投部,43001507,武汉市江汉天门墩揽投部,C1101569593044,武汉雷德克斯电子科技有限公司,91101203702535,武汉雷德克斯电子科技有限公司,1100246344791,武汉雷德克斯电子科技有限公司(特快),商企类,商业服务类,其他,,2026-06-09,03881837,敖茜,,,03736715,陈磊,0.0001,0.0009433962,0.07,0,0,0
350,420000,湖北省,420100,武汉市,420103,江汉区,43000600,湖北省寄递事业部,43001800,武汉市寄递事业部,43002311,武汉市江汉区寄递事业部,43001507,武汉市江汉天门墩揽投部,43001507,武汉市江汉天门墩揽投部,C1101586974608,武汉谋火科技有限公司,91101200338021,武汉谋火科技有限公司,1100245832747,武汉谋火科技有限公司(特快),商企类,IT通讯类,IT服务类,,2026-05-19,03881837,敖茜,4012401312,吴涛,03322201,郑玲琍,0.0474,0.5897169875,28.44,0,0,0
351,420000,湖北省,420100,武汉市,420103,江汉区,43000600,湖北省寄递事业部,43001800,武汉市寄递事业部,43002311,武汉市江汉区寄递事业部,43001507,武汉市江汉天门墩揽投部,43001507,武汉市江汉天门墩揽投部,C1101605624286,云创(武汉)食品管理有限公司,91101205157418,云创(武汉)食品管理有限公司,1100246497677,云创(武汉)食品管理有限公司(特快),商企类,贸易、消费品、调换货,其他,,2026-06-15,03881837,敖茜,,,03962038,祁宏杰,0.0002,0.0018867924,0.12,0,0,0
352,420000,湖北省,420100,武汉市,420103,江汉区,43000600,湖北省寄递事业部,43001800,武汉市寄递事业部,43002311,武汉市江汉区寄递事业部,43001507,武汉市江汉天门墩揽投部,43001507,武汉市江汉天门墩揽投部,C1101626683790,湖北润凯消防工程有限公司,91101106129585,湖北润凯消防工程有限公司,1100218908842,湖北润凯消防工程有限公司(特快),商企类,其他,其他,普通,2025-05-26,03881837,敖茜,,,,,0,0,0,0.0001,0.0019729531,0.07
353,420000,湖北省,420100,武汉市,420103,江汉区,43000600,湖北省寄递事业部,43001800,武汉市寄递事业部,43002311,武汉市江汉区寄递事业部,43001507,武汉市江汉天门墩揽投部,43001507,武汉市江汉天门墩揽投部,C1101654656702,武汉西味商贸有限公司,91101207333236,武汉西味商贸有限公司,1100246822871,武汉西味商贸有限公司(特快),商企类,贸易、消费品、调换货,零售、批发,,2026-06-26,03881837,敖茜,,,03322201,郑玲琍,0.0002,0.0033018868,0.12,0,0,0
354,420000,湖北省,420100,武汉市,420103,江汉区,43000600,湖北省寄递事业部,43001800,武汉市寄递事业部,43002311,武汉市江汉区寄递事业部,43001507,武汉市江汉天门墩揽投部,43001507,武汉市江汉天门墩揽投部,C1101719993663,武汉市天骋实业发展有限公司,91101201617527,武汉市天骋实业发展有限公司,1100246037341,武汉市天骋实业发展有限公司(特快),商企类,商业服务类,其他,,2026-05-27,03881837,敖茜,,,03760874,宋俊,0.0004,0.0043396226,0.32,0,0,0
355,420000,湖北省,420100,武汉市,420103,江汉区,43000600,湖北省寄递事业部,43001800,武汉市寄递事业部,43002311,武汉市江汉区寄递事业部,43001507,武汉市江汉天门墩揽投部,43001507,武汉市江汉天门墩揽投部,C1102159130889,武汉乐无忧投资咨询有限公司,91101111261814,武汉乐无忧投资咨询有限公司,1100220503802,武汉乐无忧投资咨询有限公司(特快),商企类,商业服务类,专业服务、咨询（财会、法律、人力资源等）,普通,2025-06-20,03469245,魏武,,,,,0,0,0,0.0001,0.0010377358,0.06
356,420000,湖北省,420100,武汉市,420103,江汉区,43000600,湖北省寄递事业部,43001800,武汉市寄递事业部,43002311,武汉市江汉区寄递事业部,43001507,武汉市江汉天门墩揽投部,43001507,武汉市江汉天门墩揽投部,C1102245573572,中智管理咨询有限公司武汉分公司,91101203702490,中智管理咨询有限公司武汉分公司,1100246344735,中智管理咨询有限公司武汉分公司(特快),商企类,商业服务类,专业服务、咨询（财会、法律、人力资源等）,,2026-06-09,03881837,敖茜,,,03962038,祁宏杰,0.0001,0.0009433962,0.1,0,0,0
357,420000,湖北省,420100,武汉市,420103,江汉区,43000600,湖北省寄递事业部,43001800,武汉市寄递事业部,43002311,武汉市江汉区寄递事业部,43001507,武汉市江汉天门墩揽投部,43001507,武汉市江汉天门墩揽投部,C1102835412984,武汉小羚羊文化传播有限公司,91101174318872,武汉小羚羊文化传播有限公司,1100242718556,武汉小羚羊(特快),商企类,商业服务类,广告、会展、公关、中介,,2026-01-26,03469245,魏武,,,03469245,魏武,0.0008,0.0168867924,21.83,0,0,0
358,420000,湖北省,420100,武汉市,420103,江汉区,43000600,湖北省寄递事业部,43001800,武汉市寄递事业部,43002311,武汉市江汉区寄递事业部,43001507,武汉市江汉天门墩揽投部,43001507,武汉市江汉天门墩揽投部,C1102856868634,武汉博维思通科技有限公司,91101106129596,武汉博维思通科技有限公司,1100218908853,武汉博维思通科技有限公司(特快),商企类,商业服务类,其他,普通,2025-05-26,03881837,敖茜,,,,,0,0,0,0.0024,0.0376404274,19.76
359,420000,湖北省,420100,武汉市,420103,江汉区,43000600,湖北省寄递事业部,43001800,武汉市寄递事业部,43002311,武汉市江汉区寄递事业部,43001507,武汉市江汉天门墩揽投部,43001507,武汉市江汉天门墩揽投部,C1102895081476,湖北国盛会计师事务有限公司,91101076371120,湖北国盛会计师事务有限公司,1100208166690,湖北国盛会计师事务有限公司(特快),商企类,商业服务类,专业服务、咨询（财会、法律、人力资源等）,普通,2024-12-19,03469245,魏武,,,,,0,0,0,0.0001,0.0009433962,0.06
360,420000,湖北省,420100,武汉市,420103,江汉区,43000600,湖北省寄递事业部,43001800,武汉市寄递事业部,43002311,武汉市江汉区寄递事业部,43001507,武汉市江汉天门墩揽投部,43001507,武汉市江汉天门墩揽投部,C1103342604554,武汉景韵环境工程有限公司,91101200913413,武汉景韵环境工程有限公司,1100245937451,武汉景韵环境工程有限公司(特快),商企类,能源、矿产、环保,环保,,2026-05-22,03881837,敖茜,,,03736715,陈磊,0.0001,0.0009433962,0.07,0,0,0
361,420000,湖北省,420100,武汉市,420103,江汉区,43000600,湖北省寄递事业部,43001800,武汉市寄递事业部,43002311,武汉市江汉区寄递事业部,43001507,武汉市江汉天门墩揽投部,43001507,武汉市江汉天门墩揽投部,C1103736829022,湖北简度建筑装饰工程有限公司,91101092556392,湖北简度建筑装饰工程有限公司-市场部,1100214227437,湖北简度建筑装饰工程有限公司(特快专递),商企类,房产建筑,家居、室内设计、装饰装潢,普通,2025-03-08,01612216,彭细柳,,,,,0,0,0,0.0002,0.0018867924,0.56
362,420000,湖北省,420100,武汉市,420103,江汉区,43000600,湖北省寄递事业部,43001800,武汉市寄递事业部,43002311,武汉市江汉区寄递事业部,43001507,武汉市江汉天门墩揽投部,43001507,武汉市江汉天门墩揽投部,C1103743629264,中资环电器电子循环利用（深圳）有限公司,91101095761427,中资环电器电子循环利用（深圳）有限公司,1100216100068,中资环电器电子循环利用(湖北),商企类,贸易、消费品、调换货,零售、批发,普通,2025-04-01,,,,,,,0,0,0,0.0001,0.001315302,0.55
363,420000,湖北省,420100,武汉市,420103,江汉区,43000600,湖北省寄递事业部,43001800,武汉市寄递事业部,43002311,武汉市江汉区寄递事业部,43001507,武汉市江汉天门墩揽投部,43001507,武汉市江汉天门墩揽投部,C1103805589909,武汉箐奢美科技有限公司,91101188436160,武汉箐奢美科技有限公司,1100244182058,武汉箐奢美科技有限公司(特快),商企类,IT通讯类,行政寄递,,2026-03-16,03881837,敖茜,,,03469245,魏武,0.0001,0.0011320755,0.4,0,0,0
364,420000,湖北省,420100,武汉市,420103,江汉区,43000600,湖北省寄递事业部,43001800,武汉市寄递事业部,43002311,武汉市江汉区寄递事业部,43001507,武汉市江汉天门墩揽投部,43001507,武汉市江汉天门墩揽投部,C1104034157534,武汉幕野营地餐饮有限公司,91101196960318,武汉幕野营地餐饮有限公司,1100245451148,武汉幕野营地餐饮有限公司(特快),商企类,传媒、娱乐、体育、旅游,行政寄递,,2026-04-29,03881837,敖茜,4012401312,吴涛,03469245,魏武,0.0003,0.0166981131,16.9,0,0,0
365,420000,湖北省,420100,武汉市,420103,江汉区,43000600,湖北省寄递事业部,43001800,武汉市寄递事业部,43002311,武汉市江汉区寄递事业部,43001507,武汉市江汉天门墩揽投部,43001507,武汉市江汉天门墩揽投部,C1104187292016,湖北悦锋建筑劳务有限公司,91101190031399,湖北悦锋建筑劳务有限公司,1100244512718,湖北悦锋建筑劳务有限公司(特快),商企类,商业服务类,专业服务、咨询（财会、法律、人力资源等）,,2026-03-23,03881837,敖茜,,,03469245,魏武,0.0013,0.0294339621,31.44,0,0,0
366,420000,湖北省,420100,武汉市,420103,江汉区,43000600,湖北省寄递事业部,43001800,武汉市寄递事业部,43002311,武汉市江汉区寄递事业部,43001507,武汉市江汉天门墩揽投部,43001507,武汉市江汉天门墩揽投部,C1104209633751,武汉梦繁科技有限责任公司,91101200338065,武汉梦繁科技有限责任公司,1100245832871,武汉梦繁科技有限责任公司(特快),商企类,商业服务类,行政寄递,,2026-05-19,03736715,陈磊,,,03881837,敖茜,0.0001,0.0012264151,1.03,0,0,0
367,420000,湖北省,420100,武汉市,420103,江汉区,43000600,湖北省寄递事业部,43001800,武汉市寄递事业部,43002311,武汉市江汉区寄递事业部,43001507,武汉市江汉天门墩揽投部,43001507,武汉市江汉天门墩揽投部,C1104220216908,湖北省平双峻广告传媒有限公司,91101205157317,湖北省平双峻广告传媒有限公司,1100246497510,湖北省平双峻广告传媒有限公司(特快),商企类,商业服务类,广告、会展、公关、中介,,2026-06-15,03760874,宋俊,4012401312,吴涛,03760874,宋俊,0.0003,0.0041509434,0.22,0,0,0
368,420000,湖北省,420100,武汉市,420103,江汉区,43000600,湖北省寄递事业部,43001800,武汉市寄递事业部,43002311,武汉市江汉区寄递事业部,43001507,武汉市江汉天门墩揽投部,43001507,武汉市江汉天门墩揽投部,P8101374465773,刘文国,81100387951690,刘文国,1100061807194,刘文国(同城银行包配送),商企类,金融类,票据、凭证包,钻石,2020-08-14,"04149230,04108662","邓君鑫,罗婧",4003356186,马丽,"04108662,04149230","罗婧,邓君鑫",0.015,8.49056603999998,75,0.8951,16.4169811189,30
369,420000,湖北省,420100,武汉市,420103,江汉区,43000600,湖北省寄递事业部,43001800,武汉市寄递事业部,43002311,武汉市江汉区寄递事业部,43002006,武汉市江汉汉口站揽投部,43002006,武汉市江汉汉口站揽投部,C0000000529387,中国银行股份有限公司湖北省分行,91100881742226,中国银行股份有限公司湖北省分行-中国银行股份有限公司湖北省分行-营业部,1100143721000,中国银行股份有限公司湖北省分行(中国银行股份有限公司湖北省分行),商企类,金融类,卡函寄递,白银,2023-01-19,03351630,李敏,4012401312,吴涛,03351630,李敏,0.0022,0.0266981129,10.36,0.0007,0.0066037734,0.42
370,420000,湖北省,420100,武汉市,420103,江汉区,43000600,湖北省寄递事业部,43001800,武汉市寄递事业部,43002311,武汉市江汉区寄递事业部,43002006,武汉市江汉汉口站揽投部,43002006,武汉市江汉汉口站揽投部,C0000000529387,中国银行股份有限公司湖北省分行,91100896463963,中国银行股份有限公司湖北省分行-中国银行股份有限公司湖北省分行对账中心,1100145652274,中国银行股份有限公司湖北省分行(中国银行股份有限公司湖北省分行),商企类,金融类,对账单寄递,黄金,2023-02-14,03351630,李敏,4012401312,吴涛,03351630,李敏,0.0378,0.529245298,37.8,0.0412,0.5608730941,24.76
371,420000,湖北省,420100,武汉市,420103,江汉区,43000600,湖北省寄递事业部,43001800,武汉市寄递事业部,43002311,武汉市江汉区寄递事业部,43002006,武汉市江汉汉口站揽投部,43002006,武汉市江汉汉口站揽投部,C0000000529444,中国邮政储蓄银行股份有限公司湖北省分行,91100923236131,湖北省分行-中国邮政储蓄银行股份有限公司武汉市分行,1100154339906,湖北省分行(中国邮政储蓄银行股份有限公司湖北省分行),商企类,金融类,对账单寄递,白银,2023-05-19,03351630,李敏,4012401312,吴涛,03351630,李敏,0.026,1.6135849131,33.27,0.0102,0.1307651006,20.477
372,420000,湖北省,420100,武汉市,420103,江汉区,43000600,湖北省寄递事业部,43001800,武汉市寄递事业部,43002311,武汉市江汉区寄递事业部,43002006,武汉市江汉汉口站揽投部,43002006,武汉市江汉汉口站揽投部,C0000000529466,富德生命人寿保险股份有限公司湖北分公司,91101100236476,富德生命-市场部,1100217292982,富德生命(特快),商企类,保险类,产险保单配送,白银,2025-04-25,03901046,刘勇,,,,,0,0,0,0.0557,0.6467460366,504.891
373,420000,湖北省,420100,武汉市,420103,江汉区,43000600,湖北省寄递事业部,43001800,武汉市寄递事业部,43002311,武汉市江汉区寄递事业部,43002006,武汉市江汉汉口站揽投部,43002006,武汉市江汉汉口站揽投部,C0000000535205,中国农业银行股份有限公司武汉分行,91100901063304,中国农业银行股份有限公司武汉分行-中国农业银行股份有限公司武汉江汉支行（江汉）,1100147588140,中国农业银行股份有限公司武汉分行(中国农业银行股份有限公司武汉江汉支行),商企类,金融类,其他,普通,2023-02-27,03881837,敖茜,,,,,0,0,0,0.003,0.0397786048,2.68
374,420000,湖北省,420100,武汉市,420103,江汉区,43000600,湖北省寄递事业部,43001800,武汉市寄递事业部,43002311,武汉市江汉区寄递事业部,43002006,武汉市江汉汉口站揽投部,43002006,武汉市江汉汉口站揽投部,C0000001994092,湖北中邮物流有限责任公司,91100986812589,湖北中邮物流有限责任公司-武汉市移动小件业务（政企客户部）,1100180717264,湖北中邮物流有限责任公司(武汉市移动小件业务（政企客户部）),商企类,IT通讯类,通讯运营商,普通,2023-12-22,04196911,李萌,,,,,0,0,0,0.0014,0.0123184959,4.938
375,420000,湖北省,420100,武汉市,420103,江汉区,43000600,湖北省寄递事业部,43001800,武汉市寄递事业部,43002311,武汉市江汉区寄递事业部,43002006,武汉市江汉汉口站揽投部,43002006,武汉市江汉汉口站揽投部,C0000001994092,湖北中邮物流有限责任公司,91100986819980,湖北中邮物流有限责任公司-武汉市移动小件业务（高校部）,1100180728750,湖北中邮物流有限责任公司(武汉市移动小件业务（高校部）),商企类,IT通讯类,通讯运营商,白银,2023-12-22,04017737,戢杏娥,,,,,0,0,0,0.0171,0.1472438474,17.1
376,420000,湖北省,420100,武汉市,420103,江汉区,43000600,湖北省寄递事业部,43001800,武汉市寄递事业部,43002311,武汉市江汉区寄递事业部,43002006,武汉市江汉汉口站揽投部,43002006,武汉市江汉汉口站揽投部,C0000001994092,湖北中邮物流有限责任公司,91100992865427,湖北中邮物流有限责任公司-武汉市移动小件业务（重要客户中心）,1100183475303,湖北中邮物流有限责任公司(武汉市移动小件业务（重要客户中心）),商企类,IT通讯类,通讯运营商,普通,2024-01-15,03351577,罗君,,,,,0,0,0,0.0081,0.0767105432,27.8
377,420000,湖北省,420100,武汉市,420103,江汉区,43000600,湖北省寄递事业部,43001800,武汉市寄递事业部,43002311,武汉市江汉区寄递事业部,43002006,武汉市江汉汉口站揽投部,43002006,武汉市江汉汉口站揽投部,C0000003896444,中国石化销售股份有限公司华中分公司,91100880421139,中国石化销售股份有限公司华中分公司-中国石化销售股份有限公司华中分公司jh,1100141967482,中国石化销售股份有限公司华中分公司(中国石化销售股份有限公司华中分公司),商企类,能源、矿产、环保,其他,白银,2023-01-06,03901046,刘勇,4012401312,吴涛,03901046,刘勇,0.0008,0.0132075472,10.49,0.0014,0.0231358838,8.5
378,420000,湖北省,420100,武汉市,420103,江汉区,43000600,湖北省寄递事业部,43001800,武汉市寄递事业部,43002311,武汉市江汉区寄递事业部,43002006,武汉市江汉汉口站揽投部,43002006,武汉市江汉汉口站揽投部,C0000003929722,中国农业银行股份有限公司武汉东西湖支行,91100901598778,农业银行-中国农业银行股份有限公司武汉东西湖支行（江汉）,1100147702542,农业银行(中国农业银行股份有限公司武汉东西湖支行),商企类,金融类,其他,普通,2023-02-28,03351630,李敏,4012401312,吴涛,03351630,李敏,0.0004,0.0053773585,0.4,0,0,0
379,420000,湖北省,420100,武汉市,420103,江汉区,43000600,湖北省寄递事业部,43001800,武汉市寄递事业部,43002311,武汉市江汉区寄递事业部,43002006,武汉市江汉汉口站揽投部,43002006,武汉市江汉汉口站揽投部,C0000003973440,交通银行股份有限公司湖北省分行,80000009985427,交通银行股份有限公司湖北省分行,1030000926001,交通银行股份有限公司湖北省分行(交通银行股份有限公司湖北省分行),商企类,金融类,对账单寄递,白银,2017-12-21,04055748,游申栋,,,,,0,0,0,0.097,0.9331979073,58.2
380,420000,湖北省,420100,武汉市,420103,江汉区,43000600,湖北省寄递事业部,43001800,武汉市寄递事业部,43002311,武汉市江汉区寄递事业部,43002006,武汉市江汉汉口站揽投部,43002006,武汉市江汉汉口站揽投部,C0000003973440,交通银行股份有限公司湖北省分行,91100921624905,交通银行股份有限公司湖北省分行-交行综合部,1100153528152,交通银行股份有限公司湖北省分行(交通银行股份有限公司湖北省分行),商企类,金融类,行政办公,白银,2023-05-12,03736715,陈磊,,,,,0,0,0,0.0076,0.1162692137,65.26
381,420000,湖北省,420100,武汉市,420103,江汉区,43000600,湖北省寄递事业部,43001800,武汉市寄递事业部,43002311,武汉市江汉区寄递事业部,43002006,武汉市江汉汉口站揽投部,43002006,武汉市江汉汉口站揽投部,C0000004037824,中国烟草湖北进出口有限责任公司,90000008976235,中国烟草湖北进出口有限责任公司,1100218357323,中国烟草湖北进出口有限责任公司(特快),商企类,商业服务类,其他,普通,2025-05-16,03901046,刘勇,,,,,0,0,0,0.0001,0.0009433962,0.68
382,420000,湖北省,420100,武汉市,420103,江汉区,43000600,湖北省寄递事业部,43001800,武汉市寄递事业部,43002311,武汉市江汉区寄递事业部,43002006,武汉市江汉汉口站揽投部,43002006,武汉市江汉汉口站揽投部,C0000004037824,中国烟草湖北进出口有限责任公司,90000008976235,中国烟草湖北进出口有限责任公司,1100228698063,中国烟草湖北进出口有限责任公司(特快),商企类,贸易、消费品、调换货,其他,,2025-09-02,01611075,刘磊,4012401312,吴涛,01611075,刘磊,0.0002,0.007735849,5.209,0,0,0
383,420000,湖北省,420100,武汉市,420103,江汉区,43000600,湖北省寄递事业部,43001800,武汉市寄递事业部,43002311,武汉市江汉区寄递事业部,43002006,武汉市江汉汉口站揽投部,43002006,武汉市江汉汉口站揽投部,C0000004050986,中国人寿保险股份有限公司宜昌城区第二支公司,91100374251082,中国人寿第二支公司-中国电信股份有限公司湖北财务共享服务中心,1100060214702,中国人寿第二支公司(湖北电信会计凭证包),商企类,IT通讯类,通讯运营商,白银,2020-07-31,03766341,顾雪芹,,,,,0,0,0,0,0,0
384,420000,湖北省,420100,武汉市,420103,江汉区,43000600,湖北省寄递事业部,43001800,武汉市寄递事业部,43002311,武汉市江汉区寄递事业部,43002006,武汉市江汉汉口站揽投部,43002006,武汉市江汉汉口站揽投部,C0000004052427,中邮人寿保险股份有限公司湖北分公司,90000004977579,中邮人寿保险股份有限公司湖北分公司-湖北省黄冈市分公司,1100130885658,中邮人寿保险股份有限公司湖北分公司(标快),商企类,保险类,其他,黄金,2022-10-10,01611122,张婷,4003478967,申邦艳,01611122,张婷,0.0211,0.210330188,946.977,0,0,0
385,420000,湖北省,420100,武汉市,420103,江汉区,43000600,湖北省寄递事业部,43001800,武汉市寄递事业部,43002311,武汉市江汉区寄递事业部,43002006,武汉市江汉汉口站揽投部,43002006,武汉市江汉汉口站揽投部,C0000004587037,科勒（中国）投资有限公司,91100881549849,科勒（中国）投资有限公司-科勒（中国）投资有限公司-武汉,1100142577008,108912(科勒（中国）投资有限公司),商企类,贸易、消费品、调换货,耐用消费品（皮革、家具、家电服饰、纺织）,普通,2023-01-11,03901046,刘勇,4003356029,王芝季,,,0,0,0,0.0013,0.0297821967,11.912
386,420000,湖北省,420100,武汉市,420103,江汉区,43000600,湖北省寄递事业部,43001800,武汉市寄递事业部,43002311,武汉市江汉区寄递事业部,43002006,武汉市江汉汉口站揽投部,43002006,武汉市江汉汉口站揽投部,C0000007149023,阿特拉斯·科普柯（上海）贸易有限公司,80000002592367,阿特拉斯·科普柯-x新世界?阿特拉斯,1030000951953,阿特拉斯·科普柯（上海）贸易有限公司(阿特拉斯·科普柯(新世界阿特拉斯)),商企类,贸易、消费品、调换货,贸易、进出口,普通,2015-12-04,03839369,张勇,4012401312,吴涛,03839369,张勇,0.0016,0.037264151,28.32,0.0081,0.1438454666,87.927
387,420000,湖北省,420100,武汉市,420103,江汉区,43000600,湖北省寄递事业部,43001800,武汉市寄递事业部,43002311,武汉市江汉区寄递事业部,43002006,武汉市江汉汉口站揽投部,43002006,武汉市江汉汉口站揽投部,C0000008112417,德耐尔节能科技（上海）股份有限公司,90000011350998,德耐尔-德耐尔节能科技（上海）股份有限公司1,1030001304406,德耐尔(德耐尔节能科技（上海）股份有限公司1),商企类,生产加工制造业,大型设备、机电设备、重工业,普通,2018-04-11,03839369,张勇,4012401312,吴涛,03839369,张勇,0.0008,0.0131132076,4.53,0.001,0.0176665222,6.454
389,420000,湖北省,420100,武汉市,420103,江汉区,43000600,湖北省寄递事业部,43001800,武汉市寄递事业部,43002311,武汉市江汉区寄递事业部,43002006,武汉市江汉汉口站揽投部,43002006,武汉市江汉汉口站揽投部,C0000009044704,中国农业银行股份有限公司武汉江岸支行,91100901598813,中国农业银行股份有限公司武汉江岸支行-中国农业银行股份有限公司武汉江岸支行（江汉）,1100147702597,中国农业银行股份有限公司武汉江岸支行(中国农业银行股份有限公司武汉江岸支行),商企类,金融类,其他,普通,2023-02-28,03351630,李敏,4012401312,吴涛,03351630,李敏,0.0002,0.0034905661,0.2,0,0,0
390,420000,湖北省,420100,武汉市,420103,江汉区,43000600,湖北省寄递事业部,43001800,武汉市寄递事业部,43002311,武汉市江汉区寄递事业部,43002006,武汉市江汉汉口站揽投部,43002006,武汉市江汉汉口站揽投部,C0000009111989,湖北银行股份有限公司,91101055829417,湖北银行股份有限公司-信用卡中心,1100201856521,湖北银行股份有限公司(特快),商企类,金融类,卡函寄递,黄金,2024-09-27,03881837,敖茜,,,,,0,0,0,0.7784,3.3994922223,389.25
391,420000,湖北省,420100,武汉市,420103,江汉区,43000600,湖北省寄递事业部,43001800,武汉市寄递事业部,43002311,武汉市江汉区寄递事业部,43002006,武汉市江汉汉口站揽投部,43002006,武汉市江汉汉口站揽投部,C0000009191796,武汉长航新凤凰物流有限责任公司,80000002230513,武汉长航新凤凰物流有限责任公司,1100000997030,武汉长航新凤凰物流有限责任公司(特快),商企类,交通运输、物流仓储,其他,普通,2019-05-21,01611051,文媛,,,,,0,0,0,0.0011,0.0186138134,1.05
392,420000,湖北省,420100,武汉市,420103,江汉区,43000600,湖北省寄递事业部,43001800,武汉市寄递事业部,43002311,武汉市江汉区寄递事业部,43002006,武汉市江汉汉口站揽投部,43002006,武汉市江汉汉口站揽投部,C1100099476625,中信银行股份有限公司武汉分行,91100100888401,中信银行股份有限公司武汉分行,1100089608890,中信银行股份有限公司武汉分行(中信银行股份有限公司武汉分行),商企类,金融类,卡函寄递,白银,2021-06-01,01610756,冯传家,,,,,0,0,0,0.0462,0.2634567609,94.406
393,420000,湖北省,420100,武汉市,420103,江汉区,43000600,湖北省寄递事业部,43001800,武汉市寄递事业部,43002311,武汉市江汉区寄递事业部,43002006,武汉市江汉汉口站揽投部,43002006,武汉市江汉汉口站揽投部,C1100099476625,中信银行股份有限公司武汉分行,91100100888401,中信银行股份有限公司武汉分行,1100238531701,中信银行股份有限公司武汉分行(中信法务部),商企类,金融类,对账单寄递,,2025-12-12,03736715,陈磊,4012401312,吴涛,03736715,陈磊,0.0019,0.02264151,3.8,0,0,0
394,420000,湖北省,420100,武汉市,420103,江汉区,43000600,湖北省寄递事业部,43001800,武汉市寄递事业部,43002311,武汉市江汉区寄递事业部,43002006,武汉市江汉汉口站揽投部,43002006,武汉市江汉汉口站揽投部,C1100099476625,中信银行股份有限公司武汉分行,91101068738555,中信银行股份有限公司武汉分行-江汉2,1100207412198,中信银行股份有限公司武汉分行(美签3),商企类,金融类,其他,黄金,2024-12-06,03736715,陈磊,4012401312,吴涛,03736715,陈磊,0.0001,0.000754717,0.6,0.0004,0.003018868,1.621
395,420000,湖北省,420100,武汉市,420103,江汉区,43000600,湖北省寄递事业部,43001800,武汉市寄递事业部,43002311,武汉市江汉区寄递事业部,43002006,武汉市江汉汉口站揽投部,43002006,武汉市江汉汉口站揽投部,C1100208970895,上海新蓦尔检测技术有限公司,91100994591818,上海新蓦尔检测技术有限公司-上海新蓦尔检测技术有限公司JH,1100184063228,上海新蓦尔检测技术有限公司(特快专递),商企类,生产加工制造业,加工制造,普通,2024-01-23,03839369,张勇,4012401312,吴涛,03839369,张勇,0.0015,0.0168867924,4.3,0.0019,0.0221250211,5.7
396,420000,湖北省,420100,武汉市,420103,江汉区,43000600,湖北省寄递事业部,43001800,武汉市寄递事业部,43002311,武汉市江汉区寄递事业部,43002006,武汉市江汉汉口站揽投部,43002006,武汉市江汉汉口站揽投部,C1100409976243,丰昂人力资源服务（天津）有限公司,91100366992018,丰昂人力资源服务（天津）有限公司,1100057473154,丰昂人力(资源服务（天津）有限公司),商企类,商业服务类,专业服务、咨询（财会、法律、人力资源等）,普通,2020-07-07,04016245,王京津,4012401312,吴涛,04016245,王京津,0.0009,0.0132075473,0.9,0.0016,0.0165663832,1.6
397,420000,湖北省,420100,武汉市,420103,江汉区,43000600,湖北省寄递事业部,43001800,武汉市寄递事业部,43002311,武汉市江汉区寄递事业部,43002006,武汉市江汉汉口站揽投部,43002006,武汉市江汉汉口站揽投部,C1100410076370,武汉贝壳找房科技有限公司,91100862190648,武汉贝壳找房科技有限公司,1100134714282,武汉贝壳找房科技(武汉贝壳找房科技有限公司),商企类,房产建筑,房地产、建筑建材、工程,白银,2022-11-10,03901046,刘勇,4012401312,吴涛,03901046,刘勇,0.0122,0.1056981149,26.348,0.0174,0.1528908053,160.656
398,420000,湖北省,420100,武汉市,420103,江汉区,43000600,湖北省寄递事业部,43001800,武汉市寄递事业部,43002311,武汉市江汉区寄递事业部,43002006,武汉市江汉汉口站揽投部,43002006,武汉市江汉汉口站揽投部,C1100455048389,中国农业银行股份有限公司武汉硚口支行,91100901598824,中国农业银行股份有限公司武汉硚口支行-（江汉）,1100147702609,中国农业银行股份有限公司武汉硚口支行(特快),商企类,金融类,其他,普通,2023-02-28,03351630,李敏,4012401312,吴涛,03351630,李敏,0.0002,0.0018867924,0.2,0,0,0
399,420000,湖北省,420100,武汉市,420103,江汉区,43000600,湖北省寄递事业部,43001800,武汉市寄递事业部,43002311,武汉市江汉区寄递事业部,43002006,武汉市江汉汉口站揽投部,43002006,武汉市江汉汉口站揽投部,C1100479361361,国家石油天然气管网集团有限公司湖北分公司,91100439593779,国家石油天然气管网集团有限公司湖北分公司,1100071873569,国家石油天然气管网集团有限公司华中分公司(管网集团有限公司华中分公司),商企类,能源、矿产、环保,石油、石化、化工,普通,2020-11-11,03901046,刘勇,4012401312,吴涛,03901046,刘勇,0.0018,0.0199056605,3.1,0.0043,0.0702041278,10.9
400,420000,湖北省,420100,武汉市,420103,江汉区,43000600,湖北省寄递事业部,43001800,武汉市寄递事业部,43002311,武汉市江汉区寄递事业部,43002006,武汉市江汉汉口站揽投部,43002006,武汉市江汉汉口站揽投部,C1100498373411,中国农业银行股份有限公司武汉新洲支行,91100901598789,中国农业银行股份有限公司武汉新洲支行-中国农业银行股份有限公司武汉新洲支行（江汉）,1100147702564,中国农业银行股份有限公司武汉新洲支行(中国农业银行股份有限公司武汉新洲支行),商企类,金融类,其他,,2023-02-28,03351630,李敏,4012401312,吴涛,03351630,李敏,0.0009,0.011509434,0.9,0,0,0
401,420000,湖北省,420100,武汉市,420103,江汉区,43000600,湖北省寄递事业部,43001800,武汉市寄递事业部,43002311,武汉市江汉区寄递事业部,43002006,武汉市江汉汉口站揽投部,43002006,武汉市江汉汉口站揽投部,C1100506514979,武汉城市新能源投资有限公司,91100466736015,武汉城市新能源投资有限公司,1100076259012,武汉城市新能源投资有限公司(武汉蓝焰油气发展供应有限公司),商企类,能源、矿产、环保,能源、矿产、采掘、冶炼,普通,2020-12-29,04016245,王京津,4012401312,吴涛,04016245,王京津,0.0021,0.0280188677,4.14,0.0009,0.0105496796,1.3
402,420000,湖北省,420100,武汉市,420103,江汉区,43000600,湖北省寄递事业部,43001800,武汉市寄递事业部,43002311,武汉市江汉区寄递事业部,43002006,武汉市江汉汉口站揽投部,43002006,武汉市江汉汉口站揽投部,C1100533132379,武汉泛海国际影城有限公司,91100493738714,武汉泛海国际影城有限公司,1100082333854,泛海影城(武汉泛海国际影城有限公司),商企类,传媒、娱乐、体育、旅游,出版、影视、文化传播,普通,2021-02-20,03881837,敖茜,4003356029,王芝季,,,0,0,0,0.0003,0.0106163667,7.05
403,420000,湖北省,420100,武汉市,420103,江汉区,43000600,湖北省寄递事业部,43001800,武汉市寄递事业部,43002311,武汉市江汉区寄递事业部,43002006,武汉市江汉汉口站揽投部,43002006,武汉市江汉汉口站揽投部,C1100546850279,湖北信哲融资租赁有限公司,91100506209206,湖北信哲融资租赁有限公司,1100219433543,信哲融资(特快),商企类,金融类,基金、证券、期货、投资,白银,2025-06-04,03881837,敖茜,,,,,0,0,0,0.1265,0.4229538857,678.174
404,420000,湖北省,420100,武汉市,420103,江汉区,43000600,湖北省寄递事业部,43001800,武汉市寄递事业部,43002311,武汉市江汉区寄递事业部,43002006,武汉市江汉汉口站揽投部,43002006,武汉市江汉汉口站揽投部,C1100566464609,武汉华发长盛房地产开发有限公司,91100615172329,武汉华发长盛房地产开发有限公司,1100103950358,武汉华发长盛房地产开发有限公司(武汉华发长盛房地产开发有限公司),商企类,房产建筑,房地产、建筑建材、工程,普通,2022-01-05,03881837,李斌,4012401312,吴涛,,李斌,0.0067,0.1006603773,21.334,0.0066,0.0937184517,13.722
405,420000,湖北省,420100,武汉市,420103,江汉区,43000600,湖北省寄递事业部,43001800,武汉市寄递事业部,43002311,武汉市江汉区寄递事业部,43002006,武汉市江汉汉口站揽投部,43002006,武汉市江汉汉口站揽投部,C1100569122243,凤凰航运（武汉）股份有限公司,91101041240251,凤凰航运（武汉）股份有限公司,1100196603186,凤凰航运（武汉）股份有限公司(特快),商企类,交通运输、物流仓储,交通运输,普通,2024-07-29,01611051,文媛,,,,,0,0,0,0.0029,0.0500987971,3.75
406,420000,湖北省,420100,武汉市,420103,江汉区,43000600,湖北省寄递事业部,43001800,武汉市寄递事业部,43002311,武汉市江汉区寄递事业部,43002006,武汉市江汉汉口站揽投部,43002006,武汉市江汉汉口站揽投部,C1100586975079,中艺宏达储运湖北有限责任公司,91100544739138,中艺宏达储运湖北有限责任公司,1100091371980,中艺宏达(储运湖北有限公司),商企类,交通运输、物流仓储,交通运输,普通,2021-06-24,03839369,张勇,4012401312,吴涛,03839369,张勇,0.0003,0.0033962264,0.8,0,0,0
407,420000,湖北省,420100,武汉市,420103,江汉区,43000600,湖北省寄递事业部,43001800,武汉市寄递事业部,43002311,武汉市江汉区寄递事业部,43002006,武汉市江汉汉口站揽投部,43002006,武汉市江汉汉口站揽投部,C1100614037126,中通服供应链股份有限公司,91100960841583,中通服供应链股份有限公司-中通服供应链管理有限公司JH,1100173521494,中通服供应链股份有限公司(中通服供应链管理有限公司),商企类,IT通讯类,通讯运营商,普通,2023-09-28,01611075,刘磊,4012401312,吴涛,01611075,刘磊,0.0001,0.0003962264,0.2,0,0,0
408,420000,湖北省,420100,武汉市,420103,江汉区,43000600,湖北省寄递事业部,43001800,武汉市寄递事业部,43002311,武汉市江汉区寄递事业部,43002006,武汉市江汉汉口站揽投部,43002006,武汉市江汉汉口站揽投部,C1100614037126,中通服供应链股份有限公司,91100960841583,中通服-中通服供应链管理有限公司JH,1100173521494,中通服供应链股份有限公司(中通服供应链管理有限公司),商企类,交通运输、物流仓储,其他,普通,2023-09-28,03881837,敖茜,,,,,0,0,0,0.0001,0.0019729531,1
409,420000,湖北省,420100,武汉市,420103,江汉区,43000600,湖北省寄递事业部,43001800,武汉市寄递事业部,43002311,武汉市江汉区寄递事业部,43002006,武汉市江汉汉口站揽投部,43002006,武汉市江汉汉口站揽投部,C1100644779380,武汉奥邦表面技术有限公司,91100598826752,武汉奥邦表面技术有限公司,1100101032032,奥邦(武汉奥邦表面技术有限公司),商企类,生产加工制造业,加工制造,普通,2021-11-23,03839369,张勇,4003356029,王芝季,,,0,0,0,0.0001,0.0019729531,0.85
410,420000,湖北省,420100,武汉市,420103,江汉区,43000600,湖北省寄递事业部,43001800,武汉市寄递事业部,43002311,武汉市江汉区寄递事业部,43002006,武汉市江汉汉口站揽投部,43002006,武汉市江汉汉口站揽投部,C1100648945884,武汉信用风险管理融资担保有限公司,91100602969295,武汉信用风险管理融资担保有限公司,1100101756440,信用风险(武汉信用风险管理融资担保有限公司),商企类,金融类,信托、担保、拍卖、典当,黄金,2021-12-06,01611199,马丽,4003356029,王芝季,,,0,0,0,0.1422,0.9731002233,103.18
411,420000,湖北省,420100,武汉市,420103,江汉区,43000600,湖北省寄递事业部,43001800,武汉市寄递事业部,43002311,武汉市江汉区寄递事业部,43002006,武汉市江汉汉口站揽投部,43002006,武汉市江汉汉口站揽投部,C1100703394288,武汉新城创置置业有限公司,91100654484171,武汉新城创置置业有限公司,1100111421765,新城创置(武汉新城创置置业有限公司),商企类,房产建筑,房地产、建筑建材、工程,白银,2022-04-13,03881837,敖茜,4003356029,王芝季,,,0,0,0,0.006,0.1032351558,36.32
412,420000,湖北省,420100,武汉市,420103,江汉区,43000600,湖北省寄递事业部,43001800,武汉市寄递事业部,43002311,武汉市江汉区寄递事业部,43002006,武汉市江汉汉口站揽投部,43002006,武汉市江汉汉口站揽投部,C1100830293669,国药控股湖北新特药有限公司,81100041706561,国药-X-华南大厦-国药控股湖北新特药有限公司,1030000901510,国药(X-华南大厦-国药控股湖北新特药有限公司),商企类,医药类,药品销售,白银,2018-11-09,03839369,张勇,4012401312,吴涛,03839369,张勇,0.0084,0.1182075478,17.62,0.0119,0.1460326266,19.374
413,420000,湖北省,420100,武汉市,420103,江汉区,43000600,湖北省寄递事业部,43001800,武汉市寄递事业部,43002311,武汉市江汉区寄递事业部,43002006,武汉市江汉汉口站揽投部,43002006,武汉市江汉汉口站揽投部,C1100872184215,中国移动通信集团设计院有限公司湖北分公司,91100878414262,中国移动通信集团设计院有限公司湖北分公司-（设计中心）,1100139999394,中国移动通信集团设计院有限公司湖北分公司,商企类,IT通讯类,通讯运营商,白银,2022-12-29,04016245,王京津,4012401312,吴涛,04016245,王京津,0.0073,0.2199481145,882.477,0.0026,0.044647161,63.065
414,420000,湖北省,420100,武汉市,420103,江汉区,43000600,湖北省寄递事业部,43001800,武汉市寄递事业部,43002311,武汉市江汉区寄递事业部,43002006,武汉市江汉汉口站揽投部,43002006,武汉市江汉汉口站揽投部,C1100873956998,中国石油天然气股份有限公司西南化工销售湖北分公司,91100881548422,中国石油天然气股份有限公司西南化工销售湖北分公司,1100142574971,中国石油天然气股份有限公司西南化工销售湖北分公司(特快),商企类,能源、矿产、环保,石油、石化、化工,普通,2023-01-11,04016245,王京津,4012401312,吴涛,04016245,王京津,0.0018,0.0302830193,3.605,0.0009,0.0146679072,2.71
415,420000,湖北省,420100,武汉市,420103,江汉区,43000600,湖北省寄递事业部,43001800,武汉市寄递事业部,43002311,武汉市江汉区寄递事业部,43002006,武汉市江汉汉口站揽投部,43002006,武汉市江汉汉口站揽投部,C1100876450765,湖北好药师正和大药房连锁有限公司,91100963422839,湖北好药师正和大药房连锁有限公司-湖北好药师正和大药房连锁有限公司JH,1100173759251,湖北好药师正和大药房连锁有限公司(湖北好药师正和大药房连锁有限公司),商企类,医药类,药品销售,普通,2023-10-09,03901046,刘勇,,,,,0,0,0,0.0003,0.0061067596,5.907
416,420000,湖北省,420100,武汉市,420103,江汉区,43000600,湖北省寄递事业部,43001800,武汉市寄递事业部,43002311,武汉市江汉区寄递事业部,43002006,武汉市江汉汉口站揽投部,43002006,武汉市江汉汉口站揽投部,C1100925706438,湖北晟云酒店管理有限公司,91100995973396,湖北晟云酒店管理有限公司-武汉瞻云酒店管理有限公司JH,1100184604599,湖北晟云酒店管理有限公司(武汉瞻云酒店管理有限公司),商企类,商业服务类,酒店餐饮,普通,2024-01-30,04016245,王京津,4012401312,吴涛,04016245,王京津,0.0013,0.0453773584,37.386,0.0007,0.0096924441,1.108
417,420000,湖北省,420100,武汉市,420103,江汉区,43000600,湖北省寄递事业部,43001800,武汉市寄递事业部,43002311,武汉市江汉区寄递事业部,43002006,武汉市江汉汉口站揽投部,43002006,武汉市江汉汉口站揽投部,C1100925706685,中国农业银行股份有限公司武汉黄陂支行,91100901063326,中国农业银行股份有限公司武汉黄陂支行-（江汉）,1100147588162,中国农业银行股份有限公司武汉黄陂支行(特快),商企类,金融类,其他,普通,2023-02-27,03881837,敖茜,,,,,0,0,0,0.0041,0.0545478617,3.22
418,420000,湖北省,420100,武汉市,420103,江汉区,43000600,湖北省寄递事业部,43001800,武汉市寄递事业部,43002311,武汉市江汉区寄递事业部,43002006,武汉市江汉汉口站揽投部,43002006,武汉市江汉汉口站揽投部,C1100925706685,中国农业银行股份有限公司武汉黄陂支行,91101068513455,中国农业银行股份有限公司武汉黄陂支行-新,1100207303423,中国农业银行股份有限公司武汉黄陂支行(新),商企类,金融类,其他,普通,2024-12-05,03351630,李敏,,,,,0,0,0,0.0001,0.0019729531,0.85
419,420000,湖北省,420100,武汉市,420103,江汉区,43000600,湖北省寄递事业部,43001800,武汉市寄递事业部,43002311,武汉市江汉区寄递事业部,43002006,武汉市江汉汉口站揽投部,43002006,武汉市江汉汉口站揽投部,C1100937088311,中国农业银行股份有限公司武汉汉阳支行,91100901598756,中国农业银行股份有限公司武汉汉阳支行-（江汉）,1100147702520,中国农业银行股份有限公司武汉汉阳支行(特快),商企类,金融类,其他,普通,2023-02-28,03351630,李敏,4012401312,吴涛,03351630,李敏,0.0002,0.0024528302,0.2,0,0,0
420,420000,湖北省,420100,武汉市,420103,江汉区,43000600,湖北省寄递事业部,43001800,武汉市寄递事业部,43002311,武汉市江汉区寄递事业部,43002006,武汉市江汉汉口站揽投部,43002006,武汉市江汉汉口站揽投部,C1100960177743,中国供销石油有限公司湖北分公司,91100896206700,中国供销石油有限公司湖北分公司,1100145621360,中国供销石油有限公司湖北分公司(特快),商企类,能源、矿产、环保,石油、石化、化工,普通,2023-02-13,03881837,敖茜,4003356029,王芝季,,,0,0,0,0.0001,0.0019729531,0.85
421,420000,湖北省,420100,武汉市,420103,江汉区,43000600,湖北省寄递事业部,43001800,武汉市寄递事业部,43002311,武汉市江汉区寄递事业部,43002006,武汉市江汉汉口站揽投部,43002006,武汉市江汉汉口站揽投部,C1100973497696,中国农业银行股份有限公司武汉东湖支行,91100901598723,中国农业银行股份有限公司武汉东湖支行-中国农业银行股份有限公司武汉东湖支行（江汉）,1100147702496,中国农业银行股份有限公司武汉东湖支行(中国农业银行股份有限公司武汉东湖支行),商企类,金融类,其他,普通,2023-02-28,03351630,李敏,4012401312,吴涛,03351630,李敏,0.0003,0.0054716982,0.3,0,0,0
422,420000,湖北省,420100,武汉市,420103,江汉区,43000600,湖北省寄递事业部,43001800,武汉市寄递事业部,43002311,武汉市江汉区寄递事业部,43002006,武汉市江汉汉口站揽投部,43002006,武汉市江汉汉口站揽投部,C1100973497742,中国农业银行股份有限公司武汉江夏支行,91100901598846,中国农业银行股份有限公司武汉江夏支行-中国农业银行股份有限公司武汉江夏支行（江汉）,1100147702621,中国农业银行股份有限公司武汉江夏支行(中国农业银行股份有限公司武汉江夏支行),商企类,金融类,其他,普通,2023-02-28,03351630,李敏,4012401312,吴涛,03351630,李敏,0.0002,0.0018867924,0.2,0,0,0
425,420000,湖北省,420100,武汉市,420103,江汉区,43000600,湖北省寄递事业部,43001800,武汉市寄递事业部,43002311,武汉市江汉区寄递事业部,43002006,武汉市江汉汉口站揽投部,43002006,武汉市江汉汉口站揽投部,C1101140560953,中国农业银行股份有限公司武汉开发区支行,91100933689101,中国农业银行股份有限公司武汉开发区支行,1100159522062,中国农业银行股份有限公司武汉开发区支行(中国农业银行股份有限公司武汉开发区支行),商企类,金融类,对账单寄递,普通,2023-06-25,03351630,李敏,4012401312,吴涛,03351630,李敏,0.0002,0.0018867924,0.4,0,0,0
426,420000,湖北省,420100,武汉市,420103,江汉区,43000600,湖北省寄递事业部,43001800,武汉市寄递事业部,43002311,武汉市江汉区寄递事业部,43002006,武汉市江汉汉口站揽投部,43002006,武汉市江汉汉口站揽投部,C1101371115528,武汉市医疗保险研究会,91101113323938,武汉市医疗保险研究会,1100221379804,武汉市医疗保险研究会(特快),商企类,保险类,其他,普通,2025-06-30,03881837,敖茜,,,,,0,0,0,0.0001,0.0019729531,0.85
427,420000,湖北省,420100,武汉市,420103,江汉区,43000600,湖北省寄递事业部,43001800,武汉市寄递事业部,43002311,武汉市江汉区寄递事业部,43002006,武汉市江汉汉口站揽投部,43002006,武汉市江汉汉口站揽投部,C1101371115528,武汉市医疗保险研究会,91101113323938,武汉市医疗保险研究会,1100222945769,武汉市医疗保险研究会(特快),商企类,保险类,其他,,2025-07-23,01611075,刘磊,4012401312,吴涛,01611075,刘磊,0.03,0.08490567,90,0,0,0
428,420000,湖北省,420100,武汉市,420103,江汉区,43000600,湖北省寄递事业部,43001800,武汉市寄递事业部,43002311,武汉市江汉区寄递事业部,43002006,武汉市江汉汉口站揽投部,43002006,武汉市江汉汉口站揽投部,C1101404750766,武汉源厚企业管理有限公司,91101100017990,武汉源厚企业管理有限公司,1100217219464,武汉源厚企业管理有限公司(特快),商企类,商业服务类,专业服务、咨询（财会、法律、人力资源等）,白银,2025-04-24,03901046,刘勇,4012401312,吴涛,03901046,刘勇,0.0215,0.3841981065,195.15,0.018,0.3918213142,277.747
429,420000,湖北省,420100,武汉市,420103,江汉区,43000600,湖北省寄递事业部,43001800,武汉市寄递事业部,43002311,武汉市江汉区寄递事业部,43002006,武汉市江汉汉口站揽投部,43002006,武汉市江汉汉口站揽投部,C1101415715736,武汉新特中医医院有限公司,91101201821085,武汉新特中医医院有限公司,1100246116800,武汉新特中医医院有限公司(特快),商企类,医药类,药品销售,,2026-05-29,03881837,敖茜,,,03901046,刘勇,0.0001,0.0009433962,0.1,0,0,0
430,420000,湖北省,420100,武汉市,420103,江汉区,43000600,湖北省寄递事业部,43001800,武汉市寄递事业部,43002311,武汉市江汉区寄递事业部,43002006,武汉市江汉汉口站揽投部,43002006,武汉市江汉汉口站揽投部,C1101493200720,湖北杰华佳创医疗科技有限公司,91101096692948,湖北杰华佳创医疗科技有限公司,1100216089637,湖北杰华佳创医疗科技有限公司(特快专递),商企类,医药类,药品生产、医疗器械,普通,2025-04-01,03901046,刘勇,,,,,0,0,0,0.0001,0.0011274017,0.1
431,420000,湖北省,420100,武汉市,420103,江汉区,43000600,湖北省寄递事业部,43001800,武汉市寄递事业部,43002311,武汉市江汉区寄递事业部,43002006,武汉市江汉汉口站揽投部,43002006,武汉市江汉汉口站揽投部,C1101674027289,武汉运通酒尊商贸有限公司,91100981080064,武汉运通酒尊商贸有限公司,1100246183534,武汉运通酒尊商贸有限公司(特快),商企类,贸易、消费品、调换货,快速消费品（食品、饮料、烟酒、日化）,,2026-06-02,03881837,敖茜,,,03839369,张勇,0.0003,0.0036792452,0.4,0,0,0
432,420000,湖北省,420100,武汉市,420103,江汉区,43000600,湖北省寄递事业部,43001800,武汉市寄递事业部,43002311,武汉市江汉区寄递事业部,43002006,武汉市江汉汉口站揽投部,43002006,武汉市江汉汉口站揽投部,C1101675915545,武汉市铭杰电气工程有限公司,91101033960981,武汉市铭杰电气工程有限公司,1100194500179,武汉市铭杰电气工程有限公司(特快),商企类,能源、矿产、环保,电气、电力、煤气、水利,普通,2024-06-24,03881837,敖茜,,,,,0,0,0,0.0001,0.0019729531,0.85
433,420000,湖北省,420100,武汉市,420103,江汉区,43000600,湖北省寄递事业部,43001800,武汉市寄递事业部,43002311,武汉市江汉区寄递事业部,43002006,武汉市江汉汉口站揽投部,43002006,武汉市江汉汉口站揽投部,C1101949409389,海港人寿保险股份有限公司湖北分公司,91100985999797,海港人寿保险股份有限公司湖北分公司,1100243925906,海港人寿(特快),商企类,保险类,产险保单配送,,2026-03-10,03881837,敖茜,,,03901046,刘勇,0.0802,0.6331132217,151.908,0,0,0
434,420000,湖北省,420100,武汉市,420103,江汉区,43000600,湖北省寄递事业部,43001800,武汉市寄递事业部,43002311,武汉市江汉区寄递事业部,43002006,武汉市江汉汉口站揽投部,43002006,武汉市江汉汉口站揽投部,C1102073013176,湖北要租机电子商务有限公司,91101037760938,湖北要租机电子商务有限公司,1100195494981,湖北要租机电子商务有限公司(特快),商企类,IT通讯类,消费电子,白银,2024-07-12,03839369,张勇,4012401312,吴涛,03839369,张勇,0.0004,0.028490566,2.493,0.0005,0.0403046132,2.868
435,420000,湖北省,420100,武汉市,420103,江汉区,43000600,湖北省寄递事业部,43001800,武汉市寄递事业部,43002311,武汉市江汉区寄递事业部,43002006,武汉市江汉汉口站揽投部,43002006,武汉市江汉汉口站揽投部,C1102135210107,武汉灿林科技服务有限公司,91101201335142,武汉灿林科技服务有限公司,1100245974463,武汉灿林科技服务有限公司(特快),商企类,商业服务类,行政寄递,,2026-05-25,03881837,敖茜,,,04016245,王京津,0.0001,0.0009433962,0.1,0,0,0
436,420000,湖北省,420100,武汉市,420103,江汉区,43000600,湖北省寄递事业部,43001800,武汉市寄递事业部,43002311,武汉市江汉区寄递事业部,43002006,武汉市江汉汉口站揽投部,43002006,武汉市江汉汉口站揽投部,C1103009014155,湖北万逸工程造价咨询有限公司,91101193169888,湖北万逸工程造价咨询有限公司,1100245043606,湖北万逸工程造价咨询有限公司(特快),商企类,房产建筑,房地产、建筑建材、工程,,2026-04-08,03881837,敖茜,,,01611075,刘磊,0.0002,0.0018867924,0.2,0,0,0
437,420000,湖北省,420100,武汉市,420103,江汉区,43000600,湖北省寄递事业部,43001800,武汉市寄递事业部,43002311,武汉市江汉区寄递事业部,43002006,武汉市江汉汉口站揽投部,43002006,武汉市江汉汉口站揽投部,C1103110782835,星空映画（武汉）科技有限公司,91101090217697,星空映画（武汉）科技有限公司-市场部,1100213419158,星空映画（武汉）科技有限公司(特快专递),商企类,商业服务类,专业服务、咨询（财会、法律、人力资源等）,白银,2025-02-25,03351630,李敏,4012401312,吴涛,03351630,李敏,0.0338,0.2583584825,89.2,0.0407,0.3110548064,84.88
438,420000,湖北省,420100,武汉市,420103,江汉区,43000600,湖北省寄递事业部,43001800,武汉市寄递事业部,43002311,武汉市江汉区寄递事业部,43002006,武汉市江汉汉口站揽投部,43002006,武汉市江汉汉口站揽投部,C1103160019349,武汉逐皓偕新科技有限公司,91101107619377,武汉逐皓偕新科技有限公司,1100219311616,武汉逐皓偕新科技有限公司(电标),商企类,生产加工制造业,加工制造,普通,2025-06-03,03881837,敖茜,,,,,0,0,0,0.0001,0.0009433962,0.68
439,420000,湖北省,420100,武汉市,420103,江汉区,43000600,湖北省寄递事业部,43001800,武汉市寄递事业部,43002311,武汉市江汉区寄递事业部,43002006,武汉市江汉汉口站揽投部,43002006,武汉市江汉汉口站揽投部,C1103743629264,中资环电器电子循环利用（深圳）有限公司,91101095761427,中资环电器电子循环利用（深圳）有限公司,1100216100068,中资环电器电子循环利用(湖北),商企类,贸易、消费品、调换货,零售、批发,普通,2025-04-01,,,,,,,0,0,0,0.0001,0.001315302,0.4
440,420000,湖北省,420100,武汉市,420103,江汉区,43000600,湖北省寄递事业部,43001800,武汉市寄递事业部,43002311,武汉市江汉区寄递事业部,43002313,武汉市江汉金家墩揽投部,43002313,武汉市江汉金家墩揽投部,C0000000529275,中国邮政储蓄银行股份有限公司武汉市分行,90000009823484,中国邮政储蓄银行股份有限公司武汉市分行,1100237934707,武汉市分行(特快),商企类,金融类,对账单寄递,,2025-12-05,03624640,李斯凡,4012401312,吴涛,03624640,李斯凡,0.0001,0.0016037736,0.1,0,0,0
441,420000,湖北省,420100,武汉市,420103,江汉区,43000600,湖北省寄递事业部,43001800,武汉市寄递事业部,43002311,武汉市江汉区寄递事业部,43002313,武汉市江汉金家墩揽投部,43002313,武汉市江汉金家墩揽投部,C0000000535182,长江日报社,91101091957240,长江日报社-市场部,1100214008489,长江日报社(特快专递),商企类,传媒、娱乐、体育、旅游,出版、影视、文化传播,普通,2025-03-05,03881837,敖茜,,,,,0,0,0,0.0085,0.1384036696,12.3
442,420000,湖北省,420100,武汉市,420103,江汉区,43000600,湖北省寄递事业部,43001800,武汉市寄递事业部,43002311,武汉市江汉区寄递事业部,43002313,武汉市江汉金家墩揽投部,43002313,武汉市江汉金家墩揽投部,C0000007878178,武汉金宏化工有限公司,90000009800399,武汉金宏化工有限公司,1030001557798,JH(武汉金宏化工有限公司),商企类,生产加工制造业,加工制造,普通,2017-04-19,03881837,敖茜,4003356029,王芝季,,,0,0,0,0.0001,0.0013207547,0.1
443,420000,湖北省,420100,武汉市,420103,江汉区,43000600,湖北省寄递事业部,43001800,武汉市寄递事业部,43002311,武汉市江汉区寄递事业部,43002313,武汉市江汉金家墩揽投部,43002313,武汉市江汉金家墩揽投部,C0000009191796,武汉长航新凤凰物流有限责任公司,80000002230513,武汉长航新凤凰物流有限责任公司,1100000997030,武汉长航新凤凰物流有限责任公司(特快),商企类,交通运输、物流仓储,其他,普通,2019-05-21,01611051,文媛,,,,,0,0,0,0.0001,0.0013207547,0.1
444,420000,湖北省,420100,武汉市,420103,江汉区,43000600,湖北省寄递事业部,43001800,武汉市寄递事业部,43002311,武汉市江汉区寄递事业部,43002313,武汉市江汉金家墩揽投部,43002313,武汉市江汉金家墩揽投部,C1100411541109,西西里科技发展（武汉）有限公司,91100368600139,西西里科技发展（武汉）有限公司,1100246568890,西西里(特快),商企类,商业服务类,其他,,2026-06-17,03881837,敖茜,,,03624640,李斯凡,0.0002,0.0022641509,0.2,0,0,0
445,420000,湖北省,420100,武汉市,420103,江汉区,43000600,湖北省寄递事业部,43001800,武汉市寄递事业部,43002311,武汉市江汉区寄递事业部,43002313,武汉市江汉金家墩揽投部,43002313,武汉市江汉金家墩揽投部,C1100562290826,武汉新汇业房地产有限公司,91100897738172,武汉新汇业房地产有限公司,1100146752423,武汉新汇业房地产有限公司(特快),商企类,房产建筑,物业管理、商业中心,普通,2023-02-17,03881837,敖茜,,,,,0,0,0,0.0029,0.0323967449,2.9
446,420000,湖北省,420100,武汉市,420103,江汉区,43000600,湖北省寄递事业部,43001800,武汉市寄递事业部,43002311,武汉市江汉区寄递事业部,43002313,武汉市江汉金家墩揽投部,43002313,武汉市江汉金家墩揽投部,C1100566464609,武汉华发长盛房地产开发有限公司,91100615172329,武汉华发长盛房地产开发有限公司,1100103950358,武汉华发长盛房地产开发有限公司(武汉华发长盛房地产开发有限公司),商企类,房产建筑,房地产、建筑建材、工程,普通,2022-01-05,03881837,敖茜,4009088735,刘勇,,,0,0,0,0.0001,0.0013207547,0.1
447,420000,湖北省,420100,武汉市,420103,江汉区,43000600,湖北省寄递事业部,43001800,武汉市寄递事业部,43002311,武汉市江汉区寄递事业部,43002313,武汉市江汉金家墩揽投部,43002313,武汉市江汉金家墩揽投部,C1100884204211,武汉大熊蜂广告有限公司,91100839025649,武汉大熊蜂广告有限公司,1100126436745,大熊蜂(武汉大熊蜂广告有限公司),商企类,传媒、娱乐、体育、旅游,其他,,2022-09-02,03624640,李斯凡,,,03624640,李斯凡,0.0001,0.0010377358,0.1,0,0,0
448,420000,湖北省,420100,武汉市,420103,江汉区,43000600,湖北省寄递事业部,43001800,武汉市寄递事业部,43002311,武汉市江汉区寄递事业部,43002313,武汉市江汉金家墩揽投部,43002313,武汉市江汉金家墩揽投部,C1100960177743,中国供销石油有限公司湖北分公司,91100896206700,中国供销石油有限公司湖北分公司,1100145621360,中国供销石油有限公司湖北分公司(特快),商企类,能源、矿产、环保,石油、石化、化工,普通,2023-02-13,03881837,敖茜,4003356029,王芝季,,,0,0,0,0.0001,0.0013207547,0.1
451,420000,湖北省,420100,武汉市,420103,江汉区,43000600,湖北省寄递事业部,43001800,武汉市寄递事业部,43002311,武汉市江汉区寄递事业部,43002313,武汉市江汉金家墩揽投部,43002313,武汉市江汉金家墩揽投部,C1101523041671,尚和喜思科技发展（武汉）有限公司,91101130563764,尚和喜思科技发展（武汉）有限公司,1100229565001,尚和喜思科技发展（武汉）有限公司(特快),商企类,商业服务类,其他,,2025-09-08,03624640,李斯凡,4012401312,吴涛,03624640,李斯凡,0.0161,0.0618679245,73.682,0,0,0
452,420000,湖北省,420100,武汉市,420103,江汉区,43000600,湖北省寄递事业部,43001800,武汉市寄递事业部,43002311,武汉市江汉区寄递事业部,43002313,武汉市江汉金家墩揽投部,43002313,武汉市江汉金家墩揽投部,C1101617414691,武汉朗泓置业有限公司,91100984928811,武汉朗泓置业有限公司,1100179816408,朗泓置业(武汉朗泓置业有限公司),商企类,房产建筑,房地产、建筑建材、工程,普通,2023-12-14,,李斌,,,,,0,0,0,0.0001,0.0013207547,0.1
453,420000,湖北省,420100,武汉市,420103,江汉区,43000600,湖北省寄递事业部,43001800,武汉市寄递事业部,43002311,武汉市江汉区寄递事业部,43002313,武汉市江汉金家墩揽投部,43002313,武汉市江汉金家墩揽投部,C1101673951497,武汉市京晟纸业工程有限公司,91101001861661,武汉市京晟纸业工程有限公司,1100185681999,京晟纸业(武汉市京晟纸业工程有限公司),商企类,贸易、消费品、调换货,零售、批发,普通,2024-02-19,04016245,王京津,,,,,0,0,0,0.0001,0.0015032023,0.1
454,420000,湖北省,420100,武汉市,420103,江汉区,43000600,湖北省寄递事业部,43001800,武汉市寄递事业部,43002311,武汉市江汉区寄递事业部,43002313,武汉市江汉金家墩揽投部,43002313,武汉市江汉金家墩揽投部,C1101678743547,武汉对位贸易发展有限公司,91101201807359,武汉对位贸易发展有限公司,1100246079303,武汉对位贸易发展有限公司(电标),商企类,商业服务类,其他,,2026-05-28,03881837,敖茜,,,03624640,李斯凡,0.0001,0.0020754717,0.1,0,0,0
455,420000,湖北省,420100,武汉市,420103,江汉区,43000600,湖北省寄递事业部,43001800,武汉市寄递事业部,43002311,武汉市江汉区寄递事业部,43002322,武汉市江汉姑嫂树路揽投部,43002322,武汉市江汉姑嫂树路揽投部,C0000000532471,中国电信股份有限公司武汉分公司,91100923135049,中国电信股份有限公司武汉分公司-（凭证包）,1100154173687,中国电信股份有限公司武汉分公司(凭证包),商企类,IT通讯类,通讯运营商,黄金,2023-05-18,03110061,曹艺,4012401312,吴涛,03110061,曹艺,0.0023,1.3018867928,11.5,0.132,2.424,0
456,420000,湖北省,420100,武汉市,420103,江汉区,43000600,湖北省寄递事业部,43001800,武汉市寄递事业部,43002311,武汉市江汉区寄递事业部,43002322,武汉市江汉姑嫂树路揽投部,43002322,武汉市江汉姑嫂树路揽投部,C0000001994092,湖北中邮物流有限责任公司,91101020890798,湖北中邮物流有限责任公司-武汉市移动小件业务（武汉移动运营部）,1100191077399,湖北中邮物流有限责任公司(武汉市移动小件业务（武汉移动运营部）),商企类,IT通讯类,通讯运营商,白银,2024-04-29,04108687,陈梦园,,,,,0,0,0,0.0173,0.1882372528,110.29
457,420000,湖北省,420100,武汉市,420103,江汉区,43000600,湖北省寄递事业部,43001800,武汉市寄递事业部,43002311,武汉市江汉区寄递事业部,43002322,武汉市江汉姑嫂树路揽投部,43002322,武汉市江汉姑嫂树路揽投部,C0000003900215,中国铁塔股份有限公司湖北省分公司,91100357154940,中国铁塔股份有限公司湖北省分公司,1100053640910,中国铁塔(股份有限公司湖北省分公司),商企类,其他,其他,普通,2020-06-04,04143834,万仲瑾,4012401312,吴涛,04143834,万仲瑾,0.0047,0.0551886786,34.8,0.0052,0.072823192,45.89
458,420000,湖北省,420100,武汉市,420103,江汉区,43000600,湖北省寄递事业部,43001800,武汉市寄递事业部,43002311,武汉市江汉区寄递事业部,43002322,武汉市江汉姑嫂树路揽投部,43002322,武汉市江汉姑嫂树路揽投部,C1100418845271,中国电信股份有限公司湖北财务共享服务中心,91100376289568,中国电信股份有限公司湖北财务共享服务中心,1100060469995,中国电信股份有限公司湖北财务共享服务中心(武汉电信会计凭证),商企类,IT通讯类,通讯运营商,白银,2020-08-04,04143834,万仲瑾,4012401312,吴涛,04143834,万仲瑾,0.0002,0.0029330189,0.57,0.0072,0.0883162534,31.64
459,420000,湖北省,420100,武汉市,420103,江汉区,43000600,湖北省寄递事业部,43001800,武汉市寄递事业部,43002311,武汉市江汉区寄递事业部,43002322,武汉市江汉姑嫂树路揽投部,43002322,武汉市江汉姑嫂树路揽投部,C1100466224028,中国铁塔股份有限公司武汉市分公司,91100426102445,中国铁塔股份有限公司武汉市分公司,1100080473701,中国铁塔股份有限公司武汉市分公司(股份有限公司武汉市分公司),商企类,其他,其他,普通,2021-02-03,04143834,万仲瑾,4012401312,吴涛,04143834,万仲瑾,0.0068,0.0626603773,17.69,0.0023,0.022473749,3.84
460,420000,湖北省,420100,武汉市,420103,江汉区,43000600,湖北省寄递事业部,43001800,武汉市寄递事业部,43002311,武汉市江汉区寄递事业部,43002322,武汉市江汉姑嫂树路揽投部,43002322,武汉市江汉姑嫂树路揽投部,C1100566439375,湖北益丰大药房连锁有限公司,91100973091955,湖北益丰大药房连锁有限公司,1100212142778,湖北益丰大药房连锁有限公司(特快),商企类,医药类,药品销售,普通,2025-02-06,01612922,张国华,,,,,0,0,0,0.0001,0.0005660377,0.1
461,420000,湖北省,420100,武汉市,420103,江汉区,43000600,湖北省寄递事业部,43001800,武汉市寄递事业部,43002311,武汉市江汉区寄递事业部,43002322,武汉市江汉姑嫂树路揽投部,43002322,武汉市江汉姑嫂树路揽投部,C1100566440928,武汉乾敬置业发展有限公司,91100925288646,武汉乾敬置业发展有限公司,1100155201567,乾敬置业(特快专递),商企类,房产建筑,房地产、建筑建材、工程,普通,2023-05-25,04143834,万仲瑾,,,,,0,0,0,0.0001,0.0012264151,0.1
462,420000,湖北省,420100,武汉市,420103,江汉区,43000600,湖北省寄递事业部,43001800,武汉市寄递事业部,43002311,武汉市江汉区寄递事业部,43002322,武汉市江汉姑嫂树路揽投部,43002322,武汉市江汉姑嫂树路揽投部,C1100872184259,铁塔能源有限公司湖北省分公司,91100989753496,铁塔能源有限公司湖北省分公司,1100182540585,铁塔能源(有限公司湖北省分公司),商企类,能源、矿产、环保,能源、矿产、采掘、冶炼,普通,2024-01-02,04143834,万仲瑾,4012401312,吴涛,04143834,万仲瑾,0.0052,0.0876792446,27.75,0.0053,0.0581104945,11.04
463,420000,湖北省,420100,武汉市,420103,江汉区,43000600,湖北省寄递事业部,43001800,武汉市寄递事业部,43002311,武汉市江汉区寄递事业部,43002322,武汉市江汉姑嫂树路揽投部,43002322,武汉市江汉姑嫂树路揽投部,C1100907833428,武汉昱玺置业发展有限公司,91100858988031,武汉昱玺置业发展有限公司,1100133380820,昱玺置业(武汉昱玺置业发展有限公司),商企类,医药类,药品销售,普通,2022-10-31,03881837,敖茜,,,03881837,敖茜,0.0013,0.0131132073,1.5,0.0003,0.0028301886,0.3
464,420000,湖北省,420100,武汉市,420103,江汉区,43000600,湖北省寄递事业部,43001800,武汉市寄递事业部,43002311,武汉市江汉区寄递事业部,43002322,武汉市江汉姑嫂树路揽投部,43002322,武汉市江汉姑嫂树路揽投部,C1100911103748,广东南航明珠航空服务有限公司武汉南航明珠酒店,91100861254378,广东南航明珠航空服务有限公司武汉南航明珠酒店,1100134374712,南航明珠(广东南航明珠航空服务有限公司武汉南航明珠酒店),商企类,商业服务类,其他,普通,2022-11-08,04143834,万仲瑾,4012401312,吴涛,04143834,万仲瑾,0.0003,0.0053490567,0.5,0.0007,0.0129440104,5.2
467,420000,湖北省,420100,武汉市,420103,江汉区,43000600,湖北省寄递事业部,43001800,武汉市寄递事业部,43002311,武汉市江汉区寄递事业部,43002322,武汉市江汉姑嫂树路揽投部,43002322,武汉市江汉姑嫂树路揽投部,C1101409541590,武汉尚东技术开发有限公司,91101199126078,武汉尚东技术开发有限公司,1100245653557,武汉尚东技术开发有限公司(电标),商企类,商业服务类,行政寄递,,2026-05-12,03881837,敖茜,,,04294192,王云龙,0.0001,0.0002830189,0.1,0,0,0
468,420000,湖北省,420100,武汉市,420103,江汉区,43000600,湖北省寄递事业部,43001800,武汉市寄递事业部,43002311,武汉市江汉区寄递事业部,43006169,武汉市江汉二道棚揽投部,43006169,武汉市江汉二道棚揽投部,C0000001994092,湖北中邮物流有限责任公司,91101020890798,湖北中邮物流有限责任公司-武汉市移动小件业务（武汉移动运营部）,1100191077399,湖北中邮物流有限责任公司(武汉市移动小件业务（武汉移动运营部）),商企类,IT通讯类,通讯运营商,白银,2024-04-29,04108687,陈梦园,,,,,0,0,0,0.0002,0.0025892764,1.5
469,420000,湖北省,420100,武汉市,420103,江汉区,43000600,湖北省寄递事业部,43001800,武汉市寄递事业部,43002311,武汉市江汉区寄递事业部,43006169,武汉市江汉二道棚揽投部,43006169,武汉市江汉二道棚揽投部,C0000003900215,中国铁塔股份有限公司湖北省分公司,91100874096095,中国铁塔-铁塔能源有限公司湖北省分公司,1100138454052,中国铁塔(铁塔能源有限公司湖北省分公司),商企类,能源、矿产、环保,电气、电力、煤气、水利,普通,2022-12-13,03223910,李明懿,,,,,0,0,0,0.0001,0.0009433962,0.1
471,420000,湖北省,420100,武汉市,420103,江汉区,43000600,湖北省寄递事业部,43001800,武汉市寄递事业部,43002311,武汉市江汉区寄递事业部,43006169,武汉市江汉二道棚揽投部,43006169,武汉市江汉二道棚揽投部,C1100566439375,湖北益丰大药房连锁有限公司,91100973091955,湖北益丰大药房连锁有限公司,1100212142778,湖北益丰大药房连锁有限公司(特快),商企类,医药类,药品销售,普通,2025-02-06,01612922,张国华,,,,,0,0,0,0.0001,0.0005660377,0.1
474,420000,湖北省,420100,武汉市,420103,江汉区,43000600,湖北省寄递事业部,43001800,武汉市寄递事业部,43002311,武汉市江汉区寄递事业部,43006169,武汉市江汉二道棚揽投部,43006169,武汉市江汉二道棚揽投部,C1101151589822,快宝(上海)网络技术有限公司,91101016932925,快宝(上海)网络技术有限公司-快宝上门取件武汉市,1100189814441,快宝(上海)网络技术有限公司(上海)网络技术有限公司(快宝上门取件武汉市),商企类,退换货（商企）,快宝退换货（商企）,普通,2024-04-10,"03916800,03881828","徐玉婷,申莉莉",,,03916800,徐玉婷,0.0001,0.0019811321,0.07,0,0,0
475,420000,湖北省,420100,武汉市,420103,江汉区,43000600,湖北省寄递事业部,43001800,武汉市寄递事业部,43002311,武汉市江汉区寄递事业部,43006169,武汉市江汉二道棚揽投部,43006169,武汉市江汉二道棚揽投部,C1101153455028,湖北观筑律师事务所,91100939424003,湖北观筑律师事务所,1100162814172,观筑律师(湖北观筑律师事务所),商企类,商业服务类,专业服务、咨询（财会、法律、人力资源等）,普通,2023-07-17,03624640,李斯凡,,,,,0,0,0,0.0001,0.0009433962,0.1
476,420000,湖北省,420100,武汉市,420103,江汉区,43000600,湖北省寄递事业部,43001800,武汉市寄递事业部,43002311,武汉市江汉区寄递事业部,43006169,武汉市江汉二道棚揽投部,43006169,武汉市江汉二道棚揽投部,C1103743629264,中资环电器电子循环利用（深圳）有限公司,91101095761427,中资环电器电子循环利用（深圳）有限公司,1100216100068,中资环电器电子循环利用(湖北),商企类,贸易、消费品、调换货,零售、批发,普通,2025-04-01,,,,,,,0,0,0,0.0001,0.0015032024,1.1
477,420000,湖北省,420100,武汉市,420103,江汉区,43000600,湖北省寄递事业部,43001800,武汉市寄递事业部,43002311,武汉市江汉区寄递事业部,43006169,武汉市江汉二道棚揽投部,43006169,武汉市江汉二道棚揽投部,C1104206892564,武汉市硚口区荔宝贸易商行(个体工商户),91101199125998,武汉市硚口区荔宝贸易商行(个体工商户),1100245653434,武汉市硚口区荔宝贸易商行(个体工商户)(电标),商企类,商业服务类,其他,,2026-05-12,03881837,敖茜,,,04290746,杨托,0.0252,0.0713207628,26.18,0,0,0
478,420000,湖北省,420100,武汉市,420103,江汉区,43000600,湖北省寄递事业部,43001800,武汉市寄递事业部,43002311,武汉市江汉区寄递事业部,43006169,武汉市江汉二道棚揽投部,43006169,武汉市江汉二道棚揽投部,C1104217258337,汉川市裕丰水产营业部(个体工商户),91101203702513,汉川市裕丰水产营业部(个体工商户),1100246344779,汉川市裕丰水产营业部(个体工商户)(电标),商企类,生鲜特产,冷鲜类,,2026-06-09,03881837,敖茜,,,04290746,杨托,0.0001,0.0009433962,0.05,0,0,0
479,420000,湖北省,420100,武汉市,420104,硚口区,43000600,湖北省寄递事业部,43001800,武汉市寄递事业部,43003003,武汉市硚口区寄递事业部,43000026,武汉市硚口长天路揽投部,43000026,武汉市硚口长天路揽投部,C0000001994092,湖北中邮物流有限责任公司,91101020890800,湖北中邮物流有限责任公司-武汉市移动小件业务（武汉移动市场部）,1100191077401,湖北中邮物流有限责任公司(武汉市移动小件业务（武汉移动市场部）),商企类,IT通讯类,通讯运营商,铂金,2024-04-29,03351577,罗君,,,,,0,0,0,0.0007,0.0066855376,0.7
480,420000,湖北省,420100,武汉市,420104,硚口区,43000600,湖北省寄递事业部,43001800,武汉市寄递事业部,43003003,武汉市硚口区寄递事业部,43000026,武汉市硚口长天路揽投部,43000026,武汉市硚口长天路揽投部,C0000004052427,中邮人寿保险股份有限公司湖北分公司,91100859184816,中邮人寿保险股份有限公司湖北分公司-湖北分公司收展部,1100133525067,中邮人寿保险股份有限公司湖北分公司(中邮人寿保险续期业务部2022),商企类,保险类,行政寄递,铂金,2022-11-01,"01610594,01613476,03513011","陈超,李岚晴,李永保",4003356186,马丽,"01610594,01613476,03513011","陈超,李岚晴,李永保",0.0836,0.7018867912,83.6,0,0,0
483,420000,湖北省,420100,武汉市,420104,硚口区,43000600,湖北省寄递事业部,43001800,武汉市寄递事业部,43003003,武汉市硚口区寄递事业部,43000026,武汉市硚口长天路揽投部,43000026,武汉市硚口长天路揽投部,C1100497801034,湖北远景置业有限公司,91100458090941,湖北远景置业有限公司,1100075176109,湖北远景置业(国内特快),商企类,房产建筑,房地产、建筑建材、工程,普通,2020-12-14,01613476,李永保,,,,,0,0,0,0.0399,0.3518393277,39.9
486,420000,湖北省,420100,武汉市,420104,硚口区,43000600,湖北省寄递事业部,43001800,武汉市寄递事业部,43003003,武汉市硚口区寄递事业部,43000026,武汉市硚口长天路揽投部,43000026,武汉市硚口长天路揽投部,C1101151589822,快宝(上海)网络技术有限公司,91101016932925,快宝(上海)网络技术有限公司-快宝上门取件武汉市,1100189814441,快宝(上海)网络技术有限公司(上海)网络技术有限公司(快宝上门取件武汉市),商企类,退换货（商企）,快宝退换货（商企）,普通,2024-04-10,"03916800,03881828","徐玉婷,申莉莉",,,03916800,徐玉婷,0.0002,0.0031132076,0.4,0,0,0
487,420000,湖北省,420100,武汉市,420104,硚口区,43000600,湖北省寄递事业部,43001800,武汉市寄递事业部,43003003,武汉市硚口区寄递事业部,43000026,武汉市硚口长天路揽投部,43000026,武汉市硚口长天路揽投部,C1101529720288,武汉柏汇高商贸有限公司,91100985987491,武汉柏汇高商贸有限公司,1100246464020,武汉柏汇高商贸有限公司(国内特快),商企类,IT通讯类,IT服务类,,2026-06-12,04033723,孟卫昕,,,04033723,孟卫昕,0.0001,0.0009433962,0.1,0,0,0
488,420000,湖北省,420100,武汉市,420104,硚口区,43000600,湖北省寄递事业部,43001800,武汉市寄递事业部,43003003,武汉市硚口区寄递事业部,43000026,武汉市硚口长天路揽投部,43000026,武汉市硚口长天路揽投部,C1101615441903,武汉派月供应链管理有限公司,91101205555331,武汉派月供应链管理有限公司-硚口仓,1100246565190,武汉派月供应链管理有限公司(寄递),商企类,IT通讯类,IT服务类,,2026-06-17,04033723,孟卫昕,,,04033723,孟卫昕,0.0001,0.0009433962,0.1,0,0,0
489,420000,湖北省,420100,武汉市,420104,硚口区,43000600,湖北省寄递事业部,43001800,武汉市寄递事业部,43003003,武汉市硚口区寄递事业部,43000026,武汉市硚口长天路揽投部,43000026,武汉市硚口长天路揽投部,C1101706121392,湖北推客智赢网络科技有限公司,91101207894047,湖北推客智赢网络科技有限公司-市场部,1100246852773,湖北推客智赢网络科技有限公司(寄递),商企类,IT通讯类,IT服务类,,2026-06-29,04033723,孟卫昕,,,04033723,孟卫昕,0.0001,0.0009433962,0.1,0,0,0
490,420000,湖北省,420100,武汉市,420104,硚口区,43000600,湖北省寄递事业部,43001800,武汉市寄递事业部,43003003,武汉市硚口区寄递事业部,43000026,武汉市硚口长天路揽投部,43000026,武汉市硚口长天路揽投部,C1101967019803,武汉乐众文化传媒有限公司,91101204999039,武汉乐众文化传媒有限公司-市场部,1100246486024,武汉乐众文化传媒有限公司(国内特快),商企类,传媒、娱乐、体育、旅游,行政寄递,,2026-06-15,04033723,孟卫昕,,,04033723,孟卫昕,0.0001,0.0009433962,0.1,0,0,0
491,420000,湖北省,420100,武汉市,420104,硚口区,43000600,湖北省寄递事业部,43001800,武汉市寄递事业部,43003003,武汉市硚口区寄递事业部,43000026,武汉市硚口长天路揽投部,43000026,武汉市硚口长天路揽投部,C1102343549406,武汉市江岸区劲马图文设计工作室,91101207894104,武汉市江岸区劲马图文设计工作室,1100246852841,武汉市江岸区劲马图文设计工作室(国内特快),商企类,商业服务类,广告、会展、公关、中介,,2026-06-29,04033723,孟卫昕,,,04033723,孟卫昕,0.0001,0.0009433962,0.1,0,0,0
492,420000,湖北省,420100,武汉市,420104,硚口区,43000600,湖北省寄递事业部,43001800,武汉市寄递事业部,43003003,武汉市硚口区寄递事业部,43000026,武汉市硚口长天路揽投部,43000026,武汉市硚口长天路揽投部,C1102380037173,武汉博亨供应链有限公司,91101124194048,武汉博亨供应链有限公司,1100225588169,武汉博亨供应链有限公司(同城即配),商企类,即时配,即时配其他,,2025-08-20,01611081,芦刚,4003356186,马丽,01611081,芦刚,0.0001,0.0009433962,0.1,0,0,0
493,420000,湖北省,420100,武汉市,420104,硚口区,43000600,湖北省寄递事业部,43001800,武汉市寄递事业部,43003003,武汉市硚口区寄递事业部,43000026,武汉市硚口长天路揽投部,43000026,武汉市硚口长天路揽投部,C1103012846758,广州明墨数字科技有限公司,91101153939362,广州明墨数字科技有限公司,1100234214806,广州明墨数字科技有限公司(电商标快),商企类,IT通讯类,IT服务类,,2025-10-30,01610594,陈超,,,01610594,陈超,0.1119,0.5299056457,88.8,0,0,0
494,420000,湖北省,420100,武汉市,420104,硚口区,43000600,湖北省寄递事业部,43001800,武汉市寄递事业部,43003003,武汉市硚口区寄递事业部,43000026,武汉市硚口长天路揽投部,43000026,武汉市硚口长天路揽投部,C1104062944517,武汉风启茂信息咨询有限公司,91101205555319,武汉风启茂信息咨询有限公司,1100246565101,武汉风启茂信息咨询有限公司(寄递),商企类,商业服务类,专业服务、咨询（财会、法律、人力资源等）,,2026-06-17,04033723,孟卫昕,,,04033723,孟卫昕,0.0001,0.0009433962,0.1,0,0,0
495,420000,湖北省,420100,武汉市,420104,硚口区,43000600,湖北省寄递事业部,43001800,武汉市寄递事业部,43003003,武汉市硚口区寄递事业部,43000326,武汉市硚口电商客户中心揽投部,43000326,武汉市硚口电商客户中心揽投部,C0000000540650,武汉黄鹤楼漫天游文化传播有限公司,90000006004897,武汉黄鹤楼漫天游文化传播有限公司,1100040867276,武汉黄鹤楼漫天游文化传播有限公司(快递包裹),商企类,生鲜特产,特产类,黄金,2019-12-31,01613455,张汉云,4003371699,张汉云,01613455,张汉云,0.0001,0.000754717,0.1,0.1183,0.902569152,349.487
496,420000,湖北省,420100,武汉市,420104,硚口区,43000600,湖北省寄递事业部,43001800,武汉市寄递事业部,43003003,武汉市硚口区寄递事业部,43000326,武汉市硚口电商客户中心揽投部,43000326,武汉市硚口电商客户中心揽投部,C0000003946765,湖北中烟工业有限责任公司,90000005007068,湖北中烟工业有限责任公司,1100211636753,湖北中烟工业有限责任公司(国内特快),商企类,生鲜特产,茶类,铂金,2025-01-22,"01613455,03778930","张汉云,王园园",4003356186,马丽,T42010420241105231,硚口亮剑团队,0.4213,3.3892642149,1561.389,0.0391,0.6339554609,618.724
497,420000,湖北省,420100,武汉市,420104,硚口区,43000600,湖北省寄递事业部,43001800,武汉市寄递事业部,43003003,武汉市硚口区寄递事业部,43000326,武汉市硚口电商客户中心揽投部,43000326,武汉市硚口电商客户中心揽投部,C1100898697649,中国建设银行股份有限公司武汉硚口支行,91100851968021,中国建设银行股份有限公司武汉硚口支行,1100139061710,建行硚口支行(中国建设银行股份有限公司武汉硚口支行),商企类,金融类,票据、凭证包,白银,2022-12-20,01613455,张汉云,4003356186,马丽,T42010420241105231,硚口亮剑团队,0.0194,0.3034717053,11.306,0.0095,0.1467970599,5.414
498,420000,湖北省,420100,武汉市,420104,硚口区,43000600,湖北省寄递事业部,43001800,武汉市寄递事业部,43003003,武汉市硚口区寄递事业部,43000326,武汉市硚口电商客户中心揽投部,43000326,武汉市硚口电商客户中心揽投部,C1101091368572,湖北百物云科技有限公司,91100919555624,湖北百物云科技有限公司,1100152876832,湖北百物云科技有限公司(国内特快),商企类,生鲜特产,茶类,铂金,2023-05-06,01611081,芦刚,,,,,0,0,0,0.053,0.0432805459000002,51.8
499,420000,湖北省,420100,武汉市,420104,硚口区,43000600,湖北省寄递事业部,43001800,武汉市寄递事业部,43003003,武汉市硚口区寄递事业部,43000326,武汉市硚口电商客户中心揽投部,43000326,武汉市硚口电商客户中心揽投部,C1101189187287,钟祥市瑞平农作物种植家庭农场,91101101151552,钟祥市瑞平农作物种植家庭农场,1100217601627,钟祥市瑞平农作物种植家庭农场(寄递),商企类,生鲜特产,特产类,铂金,2025-04-30,03966418,孟康,,,,,0,0,0,0.0353,0.1391066178,636.355
500,420000,湖北省,420100,武汉市,420104,硚口区,43000600,湖北省寄递事业部,43001800,武汉市寄递事业部,43003003,武汉市硚口区寄递事业部,43000326,武汉市硚口电商客户中心揽投部,43000326,武汉市硚口电商客户中心揽投部,C1101554105171,武汉市欧赛雅文服饰有限公司,91101055599387,武汉市欧赛雅文服饰有限公司,1100201659702,武汉市欧赛雅文服饰有限公司(电商标快),商企类,生鲜特产,其他类,铂金,2024-09-26,01613500,罗霄,,,,,0,0,0,0.3133,2.988340127,3369.796
501,420000,湖北省,420100,武汉市,420104,硚口区,43000600,湖北省寄递事业部,43001800,武汉市寄递事业部,43003003,武汉市硚口区寄递事业部,43002316,武汉市硚口居仁门揽投部,43002316,武汉市硚口居仁门揽投部,C0000005982194,武汉市燃气集团有限公司,81100578973304,武汉市燃气集团有限公司-曾令萍,1100096231250,武汉市天然气有限公司抄收管理部,商企类,能源、矿产、环保,电气、电力、煤气、水利,普通,2021-09-15,03881841,丁文铎,,,,,0,0,0,0.0028,0.0213733784,2.72
502,420000,湖北省,420100,武汉市,420104,硚口区,43000600,湖北省寄递事业部,43001800,武汉市寄递事业部,43003003,武汉市硚口区寄递事业部,43002316,武汉市硚口居仁门揽投部,43002316,武汉市硚口居仁门揽投部,C0000009130069,正信期货有限公司,91100955453014,正信期货有限公司-浦发大厦-美尔雅期货有限公司-正信期货有限公司(硚口),1100171105816,正信期货有限公司(国内特快),商企类,金融类,基金、证券、期货、投资,普通,2023-09-07,03873582,刘千,,,03873582,刘千,0.0039,0.05283019,2.58,0.0054,0.0884655095,48.83
503,420000,湖北省,420100,武汉市,420104,硚口区,43000600,湖北省寄递事业部,43001800,武汉市寄递事业部,43003003,武汉市硚口区寄递事业部,43002316,武汉市硚口居仁门揽投部,43002316,武汉市硚口居仁门揽投部,C0000009347700,日立电梯（中国）有限公司湖北分公司,90000011512415,日立电梯（中国）有限公司湖北分公司-法务部,1030001263882,日立电梯（中国）有限公司湖北分公司(法务部),商企类,生产加工制造业,大型设备、机电设备、重工业,普通,2018-06-06,03419949,朱四军,,,03419949,朱四军,0.0018,0.0248113214,1.8,0.0015,0.0189447375,1.5
504,420000,湖北省,420100,武汉市,420104,硚口区,43000600,湖北省寄递事业部,43001800,武汉市寄递事业部,43003003,武汉市硚口区寄递事业部,43002316,武汉市硚口居仁门揽投部,43002316,武汉市硚口居仁门揽投部,C1100454376012,中国工商银行股份有限公司武汉分行,80000003240368,中国工商银行股份有限公司武汉分行-工商银行硚口支行,1030002311304,中国工商银行股份有限公司武汉分行(国内特快),商企类,金融类,票据、凭证包,白银,2016-01-27,"01605162,03398847","刘刚,张宇涛",4003356186,马丽,"01605162,03398847","刘刚,张宇涛",0.0038,0.0418867932,6.65,0.0122,0.2058793491,13.55
507,420000,湖北省,420100,武汉市,420104,硚口区,43000600,湖北省寄递事业部,43001800,武汉市寄递事业部,43003003,武汉市硚口区寄递事业部,43002316,武汉市硚口居仁门揽投部,43002316,武汉市硚口居仁门揽投部,C1101429277734,武汉彩恒达广告图文部,91101204437351,武汉彩恒达广告图文部,1100246459002,武汉彩恒达广告图文部(电商标快),商企类,商业服务类,广告、会展、公关、中介,,2026-06-12,03881841,丁文铎,,,03881841,丁文铎,0.0059,0.0327547174,155.6,0,0,0
508,420000,湖北省,420100,武汉市,420104,硚口区,43000600,湖北省寄递事业部,43001800,武汉市寄递事业部,43003003,武汉市硚口区寄递事业部,43002316,武汉市硚口居仁门揽投部,43002316,武汉市硚口居仁门揽投部,C1102838224719,武汉市硚口区永香副食批发部,91101158067707,武汉市硚口区永香副食批发部,1100235678610,武汉市硚口区永香副食批发部(电商标快),商企类,生鲜特产,特产类,,2025-11-14,03881841,丁文铎,,,03881841,丁文铎,0.0005,0.0020377358,7.7,0,0,0
509,420000,湖北省,420100,武汉市,420104,硚口区,43000600,湖北省寄递事业部,43001800,武汉市寄递事业部,43003003,武汉市硚口区寄递事业部,43002316,武汉市硚口居仁门揽投部,43002316,武汉市硚口居仁门揽投部,C1103380486116,申能财产保险股份有限公司湖北省分公司,91101061858056,申能财产保险股份有限公司湖北省分公司,1100204602893,申能财产保险股份有限公司湖北省分公司(国内特快),商企类,保险类,行政寄递,白银,2024-11-01,01612271,胡常亮,,,01612271,胡常亮,0.0038,0.0337641509,2.36,0.0065,0.0565913788,58.64
510,420000,湖北省,420100,武汉市,420104,硚口区,43000600,湖北省寄递事业部,43001800,武汉市寄递事业部,43003003,武汉市硚口区寄递事业部,43002316,武汉市硚口居仁门揽投部,43002316,武汉市硚口居仁门揽投部,C1103897403781,武汉香满三镇餐饮文化有限公司,91101205796114,武汉香满三镇餐饮文化有限公司,1100246596442,武汉香满三镇餐饮文化有限公司(国内特快),商企类,贸易、消费品、调换货,快速消费品（食品、饮料、烟酒、日化）,,2026-06-18,03881841,丁文铎,,,03881841,丁文铎,0.0001,0.0068867924,10.5,0,0,0
511,420000,湖北省,420100,武汉市,420104,硚口区,43000600,湖北省寄递事业部,43001800,武汉市寄递事业部,43003003,武汉市硚口区寄递事业部,43002317,武汉市硚口古田四路揽投部,43002317,武汉市硚口古田四路揽投部,C1101317610786,湖北星汇达医疗器械有限公司,91101104345448,湖北星汇达医疗器械有限公司,1100218358278,湖北星汇达医疗器械有限公司(寄递),商企类,生鲜特产,茶类,白银,2025-05-16,01613484,张二钢,,,,,0,0,0,0.096,0.199245311999999,96.1
512,420000,湖北省,420100,武汉市,420104,硚口区,43000600,湖北省寄递事业部,43001800,武汉市寄递事业部,43003003,武汉市硚口区寄递事业部,43003006,武汉市硚口青年路揽投部,43003006,武汉市硚口青年路揽投部,C0000000529444,中国邮政储蓄银行股份有限公司湖北省分行,81100450784527,中国邮政储蓄银行股份有限公司湖北省分行-邮储省,1100074204188,中国邮政储蓄银行股份有限公司湖北省分行(国内特快),商企类,金融类,对账单寄递,白银,2020-12-02,01612271,胡常亮,,,,,0,0,0,0.0127,0.2531409446,502.89
513,420000,湖北省,420100,武汉市,420104,硚口区,43000600,湖北省寄递事业部,43001800,武汉市寄递事业部,43003003,武汉市硚口区寄递事业部,43003006,武汉市硚口青年路揽投部,43003006,武汉市硚口青年路揽投部,C0000001994092,湖北中邮物流有限责任公司,91101020890798,湖北中邮物流有限责任公司-武汉市移动小件业务（武汉移动运营部）,1100191077399,湖北中邮物流有限责任公司(武汉市移动小件业务（武汉移动运营部）),商企类,IT通讯类,通讯运营商,白银,2024-04-29,04108687,陈梦园,,,,,0,0,0,0.0077,0.0648566128,7.6
514,420000,湖北省,420100,武汉市,420104,硚口区,43000600,湖北省寄递事业部,43001800,武汉市寄递事业部,43003003,武汉市硚口区寄递事业部,43003006,武汉市硚口青年路揽投部,43003006,武汉市硚口青年路揽投部,C0000001994092,湖北中邮物流有限责任公司,91101020890800,湖北中邮物流有限责任公司-武汉市移动小件业务（武汉移动市场部）,1100191077401,湖北中邮物流有限责任公司(武汉市移动小件业务（武汉移动市场部）),商企类,IT通讯类,通讯运营商,铂金,2024-04-29,03351577,罗君,,,,,0,0,0,0.0064,0.0988395701,107.34
515,420000,湖北省,420100,武汉市,420104,硚口区,43000600,湖北省寄递事业部,43001800,武汉市寄递事业部,43003003,武汉市硚口区寄递事业部,43003006,武汉市硚口青年路揽投部,43003006,武汉市硚口青年路揽投部,C0000005970461,中智管理咨询有限公司,91100951943429,中智管理咨询有限公司-中智管理咨询有限公司（武汉）,1100169452560,中智管理咨询有限公司(国内特快),商企类,商业服务类,专业服务、咨询（财会、法律、人力资源等）,普通,2023-08-28,01611081,芦刚,,,,,0,0,0,0.0007,0.0128711703,0.7
516,420000,湖北省,420100,武汉市,420104,硚口区,43000600,湖北省寄递事业部,43001800,武汉市寄递事业部,43003003,武汉市硚口区寄递事业部,43003006,武汉市硚口青年路揽投部,43003006,武汉市硚口青年路揽投部,C0000006849513,长安汽车金融有限公司,91101058992275,长安汽车金融有限公司-硚口,1100203296802,长安汽车金融有限公司(国内特快),商企类,生产加工制造业,汽车,普通,2024-10-16,03873582,刘千,,,,,0,0,0,0.0014,0.0227398304,5.44
517,420000,湖北省,420100,武汉市,420104,硚口区,43000600,湖北省寄递事业部,43001800,武汉市寄递事业部,43003003,武汉市硚口区寄递事业部,43003006,武汉市硚口青年路揽投部,43003006,武汉市硚口青年路揽投部,C1100410076370,武汉贝壳找房科技有限公司,91100367084167,武汉贝壳找房科技有限公司,1100058003345,武汉贝壳找房科技(国内特快),商企类,房产建筑,家居、室内设计、装饰装潢,普通,2020-07-15,01612271,胡常亮,,,,,0,0,0,0.0031,0.032040418,3.45
520,420000,湖北省,420100,武汉市,420104,硚口区,43000600,湖北省寄递事业部,43001800,武汉市寄递事业部,43003003,武汉市硚口区寄递事业部,43003006,武汉市硚口青年路揽投部,43003006,武汉市硚口青年路揽投部,C1101605711676,湖北壳牌能源有限公司,91101041946186,湖北壳牌能源有限公司,1100196898744,湖北壳牌能源有限公司(国内特快),商企类,生鲜特产,其他类,普通,2024-08-01,03873582,刘千,,,,,0,0,0,0.0062,0.0802439481,14.15
521,420000,湖北省,420100,武汉市,420104,硚口区,43000600,湖北省寄递事业部,43001800,武汉市寄递事业部,43003003,武汉市硚口区寄递事业部,43003006,武汉市硚口青年路揽投部,43003006,武汉市硚口青年路揽投部,C1101710219788,武汉链家宏业房地产经纪有限公司,91101058112909,武汉链家宏业房地产经纪有限公司,1100202912604,武汉链家宏业房地产经纪有限公司(国内特快),商企类,房产建筑,房地产、建筑建材、工程,普通,2024-10-11,03873582,刘千,,,,,0,0,0,0.0009,0.0097041282,1.25
522,420000,湖北省,420100,武汉市,420104,硚口区,43000600,湖北省寄递事业部,43001800,武汉市寄递事业部,43003003,武汉市硚口区寄递事业部,43003006,武汉市硚口青年路揽投部,43003006,武汉市硚口青年路揽投部,C1102252227037,招商银行股份有限公司武汉硚口支行,91101085932235,招商银行股份有限公司武汉硚口支行-硚口支行,1100212205127,招商银行股份有限公司武汉硚口支行(国内特快),商企类,金融类,对账单寄递,普通,2025-02-08,03873582,刘千,,,,,0,0,0,0.0009,0.0110276095,6.48
523,420000,湖北省,420100,武汉市,420104,硚口区,43000600,湖北省寄递事业部,43001800,武汉市寄递事业部,43003003,武汉市硚口区寄递事业部,43003008,武汉市硚口辛家地揽投部,43003008,武汉市硚口辛家地揽投部,C0000004052427,中邮人寿保险股份有限公司湖北分公司,91100859184816,中邮人寿湖北分公司-中邮人寿保险续期业务部2022,1100133525067,中邮人寿湖北分公司(中邮人寿保险续期业务部2022),商企类,保险类,行政寄递,铂金,2022-11-01,01610594,陈超,,,,,0,0,0,0.1053,1.4636475543,105.3
524,420000,湖北省,420100,武汉市,420104,硚口区,43000600,湖北省寄递事业部,43001800,武汉市寄递事业部,43003003,武汉市硚口区寄递事业部,43003008,武汉市硚口辛家地揽投部,43003008,武汉市硚口辛家地揽投部,C1100574197421,湖北人人驾汽车服务有限公司,91101056341855,人人驾-硚口,1100202046107,人人驾(国内特快),商企类,生产加工制造业,汽车,普通,2024-09-30,01613476,李永保,,,,,0,0,0,0.0004,0.0049871472,0.565
527,420000,湖北省,420100,武汉市,420104,硚口区,43000600,湖北省寄递事业部,43001800,武汉市寄递事业部,43003003,武汉市硚口区寄递事业部,43003008,武汉市硚口辛家地揽投部,43003008,武汉市硚口辛家地揽投部,C1102784216710,中新（湖北）文旅科技有限公司,91101062797666,中新（湖北）文旅科技有限公司-市场部,1100204908476,中新（湖北）文旅科技有限公司(电商标快),商企类,传媒、娱乐、体育、旅游,其他,普通,2024-11-06,01612316,黄东,,,,,0,0,0,0.0002,0.0005660378,0.396
531,420000,湖北省,420100,武汉市,420104,硚口区,43000600,湖北省寄递事业部,43001800,武汉市寄递事业部,43003003,武汉市硚口区寄递事业部,43003010,武汉市硚口古田揽投部,43003010,武汉市硚口古田揽投部,C1101151589822,快宝(上海)网络技术有限公司,91101016932925,快宝(上海)网络技术有限公司-快宝上门取件武汉市,1100189814441,快宝(上海)网络技术有限公司(上海)网络技术有限公司(快宝上门取件武汉市),商企类,退换货（商企）,快宝退换货（商企）,普通,2024-04-10,"03916800,03881828","徐玉婷,申莉莉",,,03916800,徐玉婷,0.0001,0.0011320755,0.2,0,0,0
532,420000,湖北省,420100,武汉市,420104,硚口区,43000600,湖北省寄递事业部,43001800,武汉市寄递事业部,43003003,武汉市硚口区寄递事业部,43003406,武汉市硚口韩家墩揽投部,43003406,武汉市硚口韩家墩揽投部,C0000003973440,交通银行股份有限公司湖北省分行,81100832660906,交通银行股份有限公司湖北省分行-交行硚口,1100124841439,交通银行股份有限公司湖北省分行(国内特快),商企类,金融类,行政办公,黄金,2022-08-19,04033741,刘耀文,4003356186,马丽,04033741,刘耀文,0.0307,0.5751886877,61.4,0,0,0
533,420000,湖北省,420100,武汉市,420104,硚口区,43000600,湖北省寄递事业部,43001800,武汉市寄递事业部,43003003,武汉市硚口区寄递事业部,43003406,武汉市硚口韩家墩揽投部,43003406,武汉市硚口韩家墩揽投部,C0000004007506,武汉金瑞化学有限公司,90000005108172,武汉金瑞化学有限公司,1030001641286,JRHX(武汉金瑞化学有限公司),商企类,能源、矿产、环保,石油、石化、化工,普通,2015-11-23,01612289,李加洪,,,,,0,0,0,0.0002,0.0031003548,0.2
534,420000,湖北省,420100,武汉市,420104,硚口区,43000600,湖北省寄递事业部,43001800,武汉市寄递事业部,43003003,武汉市硚口区寄递事业部,43003406,武汉市硚口韩家墩揽投部,43003406,武汉市硚口韩家墩揽投部,C0000005278002,武汉大本营商业管理有限公司,81100367049843,武汉大本营商业管理有限公司,1100147074612,武汉大本营商业管理有限公司(DBY(武汉大本营商业管理有限公司)),商企类,商业服务类,专业服务、咨询（财会、法律、人力资源等）,普通,2023-02-21,04049340,杨璐,,,,,0,0,0,0.0018,0.0192242509,2.41
538,420000,湖北省,420100,武汉市,420104,硚口区,43000600,湖北省寄递事业部,43001800,武汉市寄递事业部,43003003,武汉市硚口区寄递事业部,43003406,武汉市硚口韩家墩揽投部,43003406,武汉市硚口韩家墩揽投部,C1100418845271,中国电信股份有限公司湖北财务共享服务中心,91100376289568,中国电信股份有限公司湖北财务共享服务中心,1100060469995,中国电信股份有限公司湖北财务共享服务中心(武汉电信会计凭证),商企类,IT通讯类,通讯运营商,白银,2020-08-04,04143834,万仲瑾,4012401312,吴涛,04143834,万仲瑾,0.0001,0.0009518868,0.2,0.0001,0.0009518868,0.06
539,420000,湖北省,420100,武汉市,420104,硚口区,43000600,湖北省寄递事业部,43001800,武汉市寄递事业部,43003003,武汉市硚口区寄递事业部,43003406,武汉市硚口韩家墩揽投部,43003406,武汉市硚口韩家墩揽投部,C1100485104644,武汉长江供水实业股份有限公司,91100864185813,武汉长江供水实业股份有限公司-硚口点,1100135415573,武汉长江供水实业股份有限公司(国内特快),商企类,能源、矿产、环保,电气、电力、煤气、水利,白银,2022-11-16,04108675,申骐源,,,04108675,申骐源,0.0196,0.1849056552,19.6,0.0208,0.1962264096,20.8
540,420000,湖北省,420100,武汉市,420104,硚口区,43000600,湖北省寄递事业部,43001800,武汉市寄递事业部,43003003,武汉市硚口区寄递事业部,43003406,武汉市硚口韩家墩揽投部,43003406,武汉市硚口韩家墩揽投部,C1100710059138,湖北华祥建设工程质量检测有限公司,91100660441340,湖北华祥建设工程质量检测有限公司,1100113378904,湖北华祥建设工程质量检测有限公司(国内特快),商企类,检测类,其他,,2022-05-11,01610911,谢虎,,,01610911,谢虎,0.0001,0.0009433962,0.1,0,0,0
543,420000,湖北省,420100,武汉市,420104,硚口区,43000600,湖北省寄递事业部,43001800,武汉市寄递事业部,43003003,武汉市硚口区寄递事业部,43003406,武汉市硚口韩家墩揽投部,43003406,武汉市硚口韩家墩揽投部,C1101091368572,湖北百物云科技有限公司,91100919555624,湖北百物云科技有限公司,1100152876832,湖北百物云科技有限公司(国内特快),商企类,生鲜特产,茶类,铂金,2023-05-06,01611081,芦刚,,,,,0,0,0,1.0457,3.3469079619,1045.7
544,420000,湖北省,420100,武汉市,420104,硚口区,43000600,湖北省寄递事业部,43001800,武汉市寄递事业部,43003003,武汉市硚口区寄递事业部,43003406,武汉市硚口韩家墩揽投部,43003406,武汉市硚口韩家墩揽投部,C1102680982579,沫沫爱宠生物科技（武汉）有限公司,91101101151563,沫沫爱宠生物科技（武汉）有限公司,1100217601638,沫沫爱宠生物科技（武汉）有限公司(电商标快),商企类,生鲜特产,茶类,白银,2025-04-30,04108675,申骐源,,,,,0,0,0,0.1271,0.446378519,603.194
545,420000,湖北省,420100,武汉市,420104,硚口区,43000600,湖北省寄递事业部,43001800,武汉市寄递事业部,43003003,武汉市硚口区寄递事业部,43003504,武汉市硚口武胜路揽投部,43003504,武汉市硚口武胜路揽投部,C0000000529444,中国邮政储蓄银行股份有限公司湖北省分行,81100450784527,湖北省分行-中国邮政储蓄银行股份有限公司湖北省分行营业部,1100074204188,中国邮政储蓄银行股份有限公司湖北省分行(国内特快),商企类,金融类,对账单寄递,白银,2020-12-02,01611081,芦刚,,,01611081,芦刚,0.0108,0.1378301898,24.46,0,0,0
546,420000,湖北省,420100,武汉市,420104,硚口区,43000600,湖北省寄递事业部,43001800,武汉市寄递事业部,43003003,武汉市硚口区寄递事业部,43003504,武汉市硚口武胜路揽投部,43003504,武汉市硚口武胜路揽投部,C0000003973440,交通银行股份有限公司湖北省分行,81100832660906,交通银行股份有限公司湖北省分行-交行硚口,1100124841439,交通银行股份有限公司湖北省分行(国内特快),商企类,金融类,行政办公,黄金,2022-08-19,04033741,刘耀文,4003356186,马丽,04033741,刘耀文,0.003,0.0467924528,78.42,0.0253,0.4790860779,62.85
547,420000,湖北省,420100,武汉市,420104,硚口区,43000600,湖北省寄递事业部,43001800,武汉市寄递事业部,43003003,武汉市硚口区寄递事业部,43003504,武汉市硚口武胜路揽投部,43003504,武汉市硚口武胜路揽投部,C0000005050897,柒牌有限公司武汉分公司,90000006596163,柒牌-厦门柒牌电子商务有限公司湖北,1030001427266,柒牌(厦门柒牌电子商务有限公司湖北),商企类,贸易、消费品、调换货,零售、批发,白银,2016-02-29,03828430,夏菁,,,,,0,0,0,-0.0001,-0.0062007097,-15.16
548,420000,湖北省,420100,武汉市,420104,硚口区,43000600,湖北省寄递事业部,43001800,武汉市寄递事业部,43003003,武汉市硚口区寄递事业部,43003504,武汉市硚口武胜路揽投部,43003504,武汉市硚口武胜路揽投部,C0000005970461,中智管理咨询有限公司,91100951943429,中智管理咨询有限公司-中智管理咨询有限公司（武汉）,1100169452560,中智管理咨询有限公司(国内特快),商企类,商业服务类,专业服务、咨询（财会、法律、人力资源等）,普通,2023-08-28,01611081,芦刚,,,01611081,芦刚,0.0004,0.0065094341,1.299,0.0001,0.0015032024,0.1
549,420000,湖北省,420100,武汉市,420104,硚口区,43000600,湖北省寄递事业部,43001800,武汉市寄递事业部,43003003,武汉市硚口区寄递事业部,43003504,武汉市硚口武胜路揽投部,43003504,武汉市硚口武胜路揽投部,C0000006849513,长安汽车金融有限公司,91101058992275,长安汽车金融有限公司-硚口,1100203296802,长安汽车金融有限公司(国内特快),商企类,生产加工制造业,汽车,普通,2024-10-16,03873582,刘千,,,03873582,刘千,0.0014,0.0283962267,7.08,0,0,0
550,420000,湖北省,420100,武汉市,420104,硚口区,43000600,湖北省寄递事业部,43001800,武汉市寄递事业部,43003003,武汉市硚口区寄递事业部,43003504,武汉市硚口武胜路揽投部,43003504,武汉市硚口武胜路揽投部,C0000008021630,上海浦东发展银行股份有限公司武汉分行,91100913059043,上海浦东发展银行股份有限公司武汉分行-（硚口支行）,1100150783152,上海浦东发展银行股份有限公司武汉分行(国内特快),商企类,金融类,对账单寄递,普通,2023-04-10,03873582,刘千,,,03873582,刘千,0.0012,0.0175471698,1.66,0.0009,0.0115792365,1.759
551,420000,湖北省,420100,武汉市,420104,硚口区,43000600,湖北省寄递事业部,43001800,武汉市寄递事业部,43003003,武汉市硚口区寄递事业部,43003504,武汉市硚口武胜路揽投部,43003504,武汉市硚口武胜路揽投部,C0000008383259,广州奥速体育发展有限公司,91101111969178,广州奥速体育-武汉,1100220751346,广州奥速体育(国内特快),商企类,传媒、娱乐、体育、旅游,娱乐、体育、休闲,普通,2025-06-24,04033741,刘耀文,,,,,0,0,0,0.0094,0.070943398,9.4
554,420000,湖北省,420100,武汉市,420104,硚口区,43000600,湖北省寄递事业部,43001800,武汉市寄递事业部,43003003,武汉市硚口区寄递事业部,43003504,武汉市硚口武胜路揽投部,43003504,武汉市硚口武胜路揽投部,C0000009210204,湖北康之佳纸塑包装有限公司,91101104345651,湖北康之佳纸塑包装有限公司-分仓,1100218358605,湖北康之佳纸塑包装有限公司(寄递),商企类,生鲜特产,茶类,白银,2025-05-16,03811915,胡懿风,,,,,0,0,0,0.001,0.0062946595,27.99
555,420000,湖北省,420100,武汉市,420104,硚口区,43000600,湖北省寄递事业部,43001800,武汉市寄递事业部,43003003,武汉市硚口区寄递事业部,43003504,武汉市硚口武胜路揽投部,43003504,武汉市硚口武胜路揽投部,C1100089266744,中华联合财产保险股份有限公司武汉中心支公司,91100090639593,中华联合财产保险股份有限公司武汉中心支公司,1030001335961,中华联合财产保险(中华联合财产保险股份有限公司武汉市分公司),商企类,保险类,行政寄递,普通,2019-03-07,03873582,刘千,,,03873582,刘千,0.0025,0.0300000002,2.55,0.0033,0.0395252717,3.11
556,420000,湖北省,420100,武汉市,420104,硚口区,43000600,湖北省寄递事业部,43001800,武汉市寄递事业部,43003003,武汉市硚口区寄递事业部,43003504,武汉市硚口武胜路揽投部,43003504,武汉市硚口武胜路揽投部,C1100099476625,中信银行股份有限公司武汉分行,91101068738555,中信银行股份有限公司武汉分行-江汉2,1100207412198,中信银行股份有限公司武汉分行(美签3),商企类,金融类,其他,黄金,2024-12-06,03736715,陈磊,4012401312,吴涛,03736715,陈磊,0.0002,0.001509434,0.3,0.0004,0.003018868,0.7
557,420000,湖北省,420100,武汉市,420104,硚口区,43000600,湖北省寄递事业部,43001800,武汉市寄递事业部,43003003,武汉市硚口区寄递事业部,43003504,武汉市硚口武胜路揽投部,43003504,武汉市硚口武胜路揽投部,C1100455048389,中国农业银行股份有限公司武汉硚口支行,91101099086443,中国农业银行股份有限公司武汉硚口支行-硚口支行,1100216852646,中国农业银行股份有限公司武汉硚口支行(国内特快),商企类,金融类,行政办公,普通,2025-04-17,03873582,刘千,,,03873582,刘千,0.0023,0.0247169806,19.04,0.0021,0.0198113202,2
558,420000,湖北省,420100,武汉市,420104,硚口区,43000600,湖北省寄递事业部,43001800,武汉市寄递事业部,43003003,武汉市硚口区寄递事业部,43003504,武汉市硚口武胜路揽投部,43003504,武汉市硚口武胜路揽投部,C1100614037126,中通服供应链股份有限公司,91100960841583,中通服供应链股份有限公司-中通服供应链管理有限公司JH,1100173521494,中通服供应链股份有限公司(中通服供应链管理有限公司),商企类,IT通讯类,通讯运营商,普通,2023-09-28,01611075,刘磊,4012401312,吴涛,01611075,刘磊,0.0003,0.0031933963,0.3,0,0,0
559,420000,湖北省,420100,武汉市,420104,硚口区,43000600,湖北省寄递事业部,43001800,武汉市寄递事业部,43003003,武汉市硚口区寄递事业部,43003504,武汉市硚口武胜路揽投部,43003504,武汉市硚口武胜路揽投部,C1100614037126,中通服供应链股份有限公司,91100960841583,中通服-中通服供应链管理有限公司JH,1100173521494,中通服供应链股份有限公司(中通服供应链管理有限公司),商企类,交通运输、物流仓储,其他,普通,2023-09-28,03881837,敖茜,,,,,0,0,0,0.0002,0.0020707979,0.32
560,420000,湖北省,420100,武汉市,420104,硚口区,43000600,湖北省寄递事业部,43001800,武汉市寄递事业部,43003003,武汉市硚口区寄递事业部,43003504,武汉市硚口武胜路揽投部,43003504,武汉市硚口武胜路揽投部,C1100713670668,湖北巨龙金融配套科技有限公司,91100663008308,湖北巨龙金融配套科技有限公司,1100115351671,巨龙金融(湖北巨龙金融配套科技有限公司),商企类,金融类,票据、凭证包,白银,2022-05-31,04033741,刘耀文,,,04033741,刘耀文,0.0271,0.321943396,27.02,0.0479,0.4233073862,47.56
563,420000,湖北省,420100,武汉市,420104,硚口区,43000600,湖北省寄递事业部,43001800,武汉市寄递事业部,43003003,武汉市硚口区寄递事业部,43003504,武汉市硚口武胜路揽投部,43003504,武汉市硚口武胜路揽投部,C1101122463876,武汉市硚口区腾飞茗茶批发部,91100926729333,武汉市硚口区腾飞茗茶批发部,1100156086503,武汉市硚口区腾飞茗茶批发部(国内特快),商企类,生鲜特产,茶类,,2023-05-31,03881841,丁文铎,,,03881841,丁文铎,0.0001,0.0009433962,0.1,0,0,0
564,420000,湖北省,420100,武汉市,420104,硚口区,43000600,湖北省寄递事业部,43001800,武汉市寄递事业部,43003003,武汉市硚口区寄递事业部,43003504,武汉市硚口武胜路揽投部,43003504,武汉市硚口武胜路揽投部,C1101151589822,快宝(上海)网络技术有限公司,91101016932925,快宝(上海)网络技术有限公司-快宝上门取件武汉市,1100189814441,快宝(上海)网络技术有限公司(上海)网络技术有限公司(快宝上门取件武汉市),商企类,退换货（商企）,快宝退换货（商企）,普通,2024-04-10,"03916800,03881828","徐玉婷,申莉莉",,,03916800,徐玉婷,0.0004,0.0053773586,0.55,0,0,0
565,420000,湖北省,420100,武汉市,420104,硚口区,43000600,湖北省寄递事业部,43001800,武汉市寄递事业部,43003003,武汉市硚口区寄递事业部,43003504,武汉市硚口武胜路揽投部,43003504,武汉市硚口武胜路揽投部,C1101321391327,武汉叁艺文化广告有限公司,91101106465410,武汉叁艺文化广告有限公司,1100219051033,武汉叁艺文化广告有限公司(国内特快),商企类,商业服务类,广告、会展、公关、中介,普通,2025-05-28,01611081,芦刚,,,,,0,0,0,0.0104,0.102489914,8.26
566,420000,湖北省,420100,武汉市,420104,硚口区,43000600,湖北省寄递事业部,43001800,武汉市寄递事业部,43003003,武汉市硚口区寄递事业部,43003504,武汉市硚口武胜路揽投部,43003504,武汉市硚口武胜路揽投部,C1101605711676,湖北壳牌能源有限公司,91101041946186,湖北壳牌能源有限公司,1100196898744,湖北壳牌能源有限公司(国内特快),商企类,生鲜特产,其他类,普通,2024-08-01,03873582,刘千,,,03873582,刘千,0.0064,0.1024528314,17.986,0.0001,0.0131530206,15.16
567,420000,湖北省,420100,武汉市,420104,硚口区,43000600,湖北省寄递事业部,43001800,武汉市寄递事业部,43003003,武汉市硚口区寄递事业部,43003504,武汉市硚口武胜路揽投部,43003504,武汉市硚口武胜路揽投部,C1101737902113,武汉武商超市管理有限公司百圣店,91100959125834,武汉武商超市管理有限公司百圣店,1100172764087,武汉武商超市管理有限公司百圣店(电商标快),商企类,生鲜特产,特产类,白银,2023-09-21,01612271,胡常亮,,,,,0,0,0,0.0275,0.1977320415,1618.469
568,420000,湖北省,420100,武汉市,420104,硚口区,43000600,湖北省寄递事业部,43001800,武汉市寄递事业部,43003003,武汉市硚口区寄递事业部,43003504,武汉市硚口武胜路揽投部,43003504,武汉市硚口武胜路揽投部,C1102252227037,招商银行股份有限公司武汉硚口支行,91101085932235,招商银行股份有限公司武汉硚口支行-硚口支行,1100212205127,招商银行股份有限公司武汉硚口支行(国内特快),商企类,金融类,对账单寄递,普通,2025-02-08,03873582,刘千,,,03873582,刘千,0.0306,0.6014151015,36.76,0.0083,0.1013722077,7.6
569,420000,湖北省,420100,武汉市,420104,硚口区,43000600,湖北省寄递事业部,43001800,武汉市寄递事业部,43003003,武汉市硚口区寄递事业部,43003504,武汉市硚口武胜路揽投部,43003504,武汉市硚口武胜路揽投部,C1102342092699,武汉市硚口区和信商业管理有限公司,91101095432174,武汉市硚口区和信商业管理有限公司,1100215448523,武汉市硚口区和信商业管理有限公司(国内特快),商企类,商业服务类,专业服务、咨询（财会、法律、人力资源等）,普通,2025-03-24,04033741,刘耀文,,,04033741,刘耀文,0.0013,0.0133018865,0.78,0.001,0.0143209278,0.6
570,420000,湖北省,420100,武汉市,420105,汉阳区,43000600,湖北省寄递事业部,43001800,武汉市寄递事业部,43000348,武汉市汉阳区寄递事业部,43000028,武汉市汉阳五里墩揽投部,43000028,武汉市汉阳五里墩揽投部,C0000000537139,中铁大桥局集团有限公司,91100786539066,中铁大桥局集团有限公司-武汉,1100117526060,中铁大桥局集团有限公司(特快),商企类,房产建筑,房地产、建筑建材、工程,白银,2022-06-17,01610716,王舰,,,01610716,王舰,0.0025,0.0741509426,77.61,0.0025,0.0557747541,40.99
571,420000,湖北省,420100,武汉市,420105,汉阳区,43000600,湖北省寄递事业部,43001800,武汉市寄递事业部,43000348,武汉市汉阳区寄递事业部,43000028,武汉市汉阳五里墩揽投部,43000028,武汉市汉阳五里墩揽投部,C0000003972685,中国银行股份有限公司武汉汉阳支行,90000005064207,中国银行股份有限公司武汉汉阳支行,1030001776803,中国银行股份有限公司武汉汉阳支行(特快),商企类,金融类,对账单寄递,普通,2015-11-23,01610629,刘波,,,,,0,0,0,0.0033,0.033081659,3.3
572,420000,湖北省,420100,武汉市,420105,汉阳区,43000600,湖北省寄递事业部,43001800,武汉市寄递事业部,43000348,武汉市汉阳区寄递事业部,43000028,武汉市汉阳五里墩揽投部,43000028,武汉市汉阳五里墩揽投部,C0000006516334,健民药业集团股份有限公司,90000008256315,健民药业集团股份有限公司,1100101756439,健民药业集团股份有限公司(电商标快),商企类,医药类,药品销售,,2021-12-06,04244459,刘瀚,4008060475,蒋思成,04244459,刘瀚,0.0587,1.2874811261,6092.645,0,0,0
573,420000,湖北省,420100,武汉市,420105,汉阳区,43000600,湖北省寄递事业部,43001800,武汉市寄递事业部,43000348,武汉市汉阳区寄递事业部,43000028,武汉市汉阳五里墩揽投部,43000028,武汉市汉阳五里墩揽投部,C0000007454516,中国人民财产保险股份有限公司武汉市分公司,80000002595315,中国人民财产保险股份有限公司武汉市分公司-武汉,1100030720778,中国人民财产保险股份有限公司武汉市分公司(特快),商企类,保险类,产险保单配送,白银,2019-06-04,04244459,刘瀚,,,04244459,刘瀚,0.0327,0.2539622674,77.472,0.0249,0.2081005322,71.96
574,420000,湖北省,420100,武汉市,420105,汉阳区,43000600,湖北省寄递事业部,43001800,武汉市寄递事业部,43000348,武汉市汉阳区寄递事业部,43000028,武汉市汉阳五里墩揽投部,43000028,武汉市汉阳五里墩揽投部,C0000007866524,迈克生物（湖北）有限公司,90000009785986,迈克生物（湖北）有限公司,1030001491773,迈克生物（湖北）有限公司(特快),商企类,贸易、消费品、调换货,贸易、进出口,普通,2017-04-14,01610629,刘波,,,,,0,0,0,0.0017,0.0272572267,3.8
575,420000,湖北省,420100,武汉市,420105,汉阳区,43000600,湖北省寄递事业部,43001800,武汉市寄递事业部,43000348,武汉市汉阳区寄递事业部,43000028,武汉市汉阳五里墩揽投部,43000028,武汉市汉阳五里墩揽投部,C0000007919714,东风汽车集团股份有限公司奕派汽车科技分公司,91100935671542,东风汽车集团股份有限公司奕派汽车科技分公司-技术中心,1100246062912,东风汽车集团股份有限公司奕派汽车科技分公司(特快2),商企类,生产加工制造业,汽车,,2026-05-28,04244459,刘瀚,,,04244459,刘瀚,0.0151,0.3181886843,164.027,0,0,0
577,420000,湖北省,420100,武汉市,420105,汉阳区,43000600,湖北省寄递事业部,43001800,武汉市寄递事业部,43000348,武汉市汉阳区寄递事业部,43000028,武汉市汉阳五里墩揽投部,43000028,武汉市汉阳五里墩揽投部,C1100566029730,武汉地铁汉正街置业有限公司,91100591838736,武汉地铁汉正街置业有限公司,1100100044696,武汉地铁汉正街置业有限公司(特快),商企类,房产建筑,房地产、建筑建材、工程,普通,2021-11-04,01612426,张恒,,,,,0,0,0,0.0003,0.0028301886,0.3
578,420000,湖北省,420100,武汉市,420105,汉阳区,43000600,湖北省寄递事业部,43001800,武汉市寄递事业部,43000348,武汉市汉阳区寄递事业部,43000028,武汉市汉阳五里墩揽投部,43000028,武汉市汉阳五里墩揽投部,C1100566068687,武汉市万科房地产有限公司,91101169091919,武汉市万科房地产有限公司,1100240450737,武汉市万科房地产有限公司(特快),商企类,房产建筑,房地产、建筑建材、工程,,2025-12-31,04244459,刘瀚,,,04244459,刘瀚,0.0069,0.1024528298,96.925,0,0,0
579,420000,湖北省,420100,武汉市,420105,汉阳区,43000600,湖北省寄递事业部,43001800,武汉市寄递事业部,43000348,武汉市汉阳区寄递事业部,43000028,武汉市汉阳五里墩揽投部,43000028,武汉市汉阳五里墩揽投部,C1100620086543,东风乘用车销售有限公司,91101013736801,东风乘用车销售有限公司-武汉,1100189009122,东风乘用车销售有限公司(特快专递),商企类,生产加工制造业,汽车,铂金,2024-03-27,01612426,张恒,,,,,0,0,0,0.1084,1.6357960963,128.59
580,420000,湖北省,420100,武汉市,420105,汉阳区,43000600,湖北省寄递事业部,43001800,武汉市寄递事业部,43000348,武汉市汉阳区寄递事业部,43000028,武汉市汉阳五里墩揽投部,43000028,武汉市汉阳五里墩揽投部,C1100934071051,汉口银行股份有限公司汉阳支行,91100877937722,汉口银行股份有限公司汉阳支行,1100154712338,汉口银行股份有限公司汉阳支行(特快),商企类,金融类,行政办公,白银,2023-05-22,04244459,刘瀚,,,04244459,刘瀚,0.012,0.1598113206,24.1,0.0123,0.1482245518,13.4
583,420000,湖北省,420100,武汉市,420105,汉阳区,43000600,湖北省寄递事业部,43001800,武汉市寄递事业部,43000348,武汉市汉阳区寄递事业部,43000028,武汉市汉阳五里墩揽投部,43000028,武汉市汉阳五里墩揽投部,C1101106052322,中国工商银行股份有限公司武汉汉阳支行,91100923145680,中国工商银行股份有限公司武汉汉阳支行,1100154187749,中国工商银行股份有限公司武汉汉阳支行(特快),商企类,金融类,行政办公,白银,2023-05-18,01610629,刘波,4003356186,马丽,01610629,刘波,0.074,0.8189622685,75.7,0.0252,0.2514963578,25.2
584,420000,湖北省,420100,武汉市,420105,汉阳区,43000600,湖北省寄递事业部,43001800,武汉市寄递事业部,43000348,武汉市汉阳区寄递事业部,43000028,武汉市汉阳五里墩揽投部,43000028,武汉市汉阳五里墩揽投部,C1101151589822,快宝(上海)网络技术有限公司,91101016932925,快宝(上海)网络技术有限公司-快宝上门取件武汉市,1100189814441,快宝(上海)网络技术有限公司(上海)网络技术有限公司(快宝上门取件武汉市),商企类,退换货（商企）,快宝退换货（商企）,普通,2024-04-10,"03916800,03881828","徐玉婷,申莉莉",,,03916800,徐玉婷,0.0002,0.0018867924,0.195,0,0,0
585,420000,湖北省,420100,武汉市,420105,汉阳区,43000600,湖北省寄递事业部,43001800,武汉市寄递事业部,43000348,武汉市汉阳区寄递事业部,43000028,武汉市汉阳五里墩揽投部,43000028,武汉市汉阳五里墩揽投部,C1102084776499,武汉市万宸房地产开发有限公司,91101042889240,武汉市万宸房地产开发有限公司-武汉,1100197084281,武汉市万宸房地产开发有限公司(特快),商企类,房产建筑,房地产、建筑建材、工程,白银,2024-08-05,,,,,,,0,0,0,0.0105,0.1286280059,9.68
586,420000,湖北省,420100,武汉市,420105,汉阳区,43000600,湖北省寄递事业部,43001800,武汉市寄递事业部,43000348,武汉市汉阳区寄递事业部,43000242,武汉市汉阳枫树路揽投部,43000242,武汉市汉阳枫树路揽投部,C0000000535979,神龙汽车有限公司,90000000653341,神龙汽车有限公司,1100112919162,神龙汽车有限公司(特快),商企类,生产加工制造业,加工制造,普通,2022-05-06,03379491,雷凯,,,03379491,雷凯,0.0033,0.0695283021,26.5,0,0,0
587,420000,湖北省,420100,武汉市,420105,汉阳区,43000600,湖北省寄递事业部,43001800,武汉市寄递事业部,43000348,武汉市汉阳区寄递事业部,43000242,武汉市汉阳枫树路揽投部,43000242,武汉市汉阳枫树路揽投部,C0000000536688,东风汽车股份有限公司,91101005510868,东风汽车股份有限公司-武汉,1100186494385,东风汽车股份有限公司(武汉标快),商企类,生产加工制造业,汽车,白银,2024-02-29,03379491,雷凯,,,,,0,0,0,0.0051,0.0573865218,13.42
588,420000,湖北省,420100,武汉市,420105,汉阳区,43000600,湖北省寄递事业部,43001800,武汉市寄递事业部,43000348,武汉市汉阳区寄递事业部,43000242,武汉市汉阳枫树路揽投部,43000242,武汉市汉阳枫树路揽投部,C0000003852132,SEW-传动设备（武汉）有限公司,80000002596091,传动设备（武汉）有限公司-传动设备（武汉）有限公司-武汉,1030000912354,传动设备（武汉）有限公司(特快),商企类,生产加工制造业,汽车,普通,2015-12-04,03782437,张锬,,,03582649,罗洋,0.0048,0.059849057,5.8,0.0073,0.1030612356,11.155
589,420000,湖北省,420100,武汉市,420105,汉阳区,43000600,湖北省寄递事业部,43001800,武汉市寄递事业部,43000348,武汉市汉阳区寄递事业部,43000242,武汉市汉阳枫树路揽投部,43000242,武汉市汉阳枫树路揽投部,C0000003914782,上海弗列加滤清器有限公司武汉分公司,90000004989606,上海弗列加滤清器有限公司武汉分公司,1030002040303,上海弗列加滤清器有限公司武汉分公司(特快),商企类,生产加工制造业,汽车,普通,2015-11-23,03782437,张锬,,,,,0,0,0,0.0001,0.0009433962,0.1
590,420000,湖北省,420100,武汉市,420105,汉阳区,43000600,湖北省寄递事业部,43001800,武汉市寄递事业部,43000348,武汉市汉阳区寄递事业部,43000242,武汉市汉阳枫树路揽投部,43000242,武汉市汉阳枫树路揽投部,C0000003916065,中粮包装（武汉）有限公司,91100960828960,中粮包装（武汉）有限公司,1100173497711,中粮包装（武汉）有限公司(特快),商企类,商业服务类,其他,普通,2023-09-28,04030473,刘楚舒,,,,,0,0,0,0.0001,0.0009433962,0.1
591,420000,湖北省,420100,武汉市,420105,汉阳区,43000600,湖北省寄递事业部,43001800,武汉市寄递事业部,43000348,武汉市汉阳区寄递事业部,43000242,武汉市汉阳枫树路揽投部,43000242,武汉市汉阳枫树路揽投部,C0000004009249,鞍钢钢材配送（武汉）有限公司,90000005110355,鞍钢钢材配送（武汉）有限公司,1030001914537,鞍钢钢材配送（武汉）有限公司(特快),商企类,交通运输、物流仓储,物流仓储,白银,2015-11-23,03782437,张锬,,,03582649,罗洋,0.0088,0.2055660384,80.24,0.0076,0.1298514796,22.59
592,420000,湖北省,420100,武汉市,420105,汉阳区,43000600,湖北省寄递事业部,43001800,武汉市寄递事业部,43000348,武汉市汉阳区寄递事业部,43000242,武汉市汉阳枫树路揽投部,43000242,武汉市汉阳枫树路揽投部,C0000004038072,武汉优尔生商贸有限公司,80000002274410,武汉优尔生商贸有限公司-武汉,1030001688692,武汉优尔生商贸有限公司(特快),商企类,生鲜特产,其他类,白银,2015-11-23,03782437,张锬,4007537260,杨静,03582649,罗洋,0.002,0.09885849,111.01,0.0022,0.1462616931,110.38
593,420000,湖北省,420100,武汉市,420105,汉阳区,43000600,湖北省寄递事业部,43001800,武汉市寄递事业部,43000348,武汉市汉阳区寄递事业部,43000242,武汉市汉阳枫树路揽投部,43000242,武汉市汉阳枫树路揽投部,C0000006233105,武汉加多宝饮料有限公司,80000002596226,武汉加多宝饮料有限公司-武汉,1030001854237,武汉加多宝饮料有限公司(特快),商企类,生产加工制造业,加工制造,普通,2015-12-04,03782437,张锬,,,03582649,罗洋,0.0015,0.0458490568,29.492,0.002,0.0642735851,41.82
594,420000,湖北省,420100,武汉市,420105,汉阳区,43000600,湖北省寄递事业部,43001800,武汉市寄递事业部,43000348,武汉市汉阳区寄递事业部,43000242,武汉市汉阳枫树路揽投部,43000242,武汉市汉阳枫树路揽投部,C0000007116566,东风延锋汽车座舱系统有限公司,91100786538920,东风延锋汽车座舱系统有限公司-武汉,1100117525665,东风延锋汽车座舱系统有限公司(特快),商企类,生产加工制造业,汽车,黄金,2022-06-17,03782437,张锬,,,03582649,罗洋,0.0168,0.4457358537,530.839,0.0174,0.879908466,1021.645
595,420000,湖北省,420100,武汉市,420105,汉阳区,43000600,湖北省寄递事业部,43001800,武汉市寄递事业部,43000348,武汉市汉阳区寄递事业部,43000242,武汉市汉阳枫树路揽投部,43000242,武汉市汉阳枫树路揽投部,C0000007919714,东风汽车集团股份有限公司乘用车公司,91100817072074,东风汽车集团股份有限公司乘用车公司-武汉,1100118761589,东风汽车集团股份有限公司乘用车公司(特快),商企类,生产加工制造业,汽车,普通,2022-06-27,01610701,李刚,,,,,0,0,0,0.0088,0.1133228738,8.8
596,420000,湖北省,420100,武汉市,420105,汉阳区,43000600,湖北省寄递事业部,43001800,武汉市寄递事业部,43000348,武汉市汉阳区寄递事业部,43000242,武汉市汉阳枫树路揽投部,43000242,武汉市汉阳枫树路揽投部,C0000007919714,东风汽车集团股份有限公司奕派汽车科技分公司,91100935671542,东风汽车集团股份有限公司奕派汽车科技分公司-技术中心,1100160860799,东风汽车集团股份有限公司奕派汽车科技分公司(特快),商企类,生产加工制造业,汽车,白银,2023-07-02,03782437,张锬,4003356186,马丽,03582649,罗洋,0.0116,0.1883962281,19.47,0.0083,0.1261784652,11.35
598,420000,湖北省,420100,武汉市,420105,汉阳区,43000600,湖北省寄递事业部,43001800,武汉市寄递事业部,43000348,武汉市汉阳区寄递事业部,43000242,武汉市汉阳枫树路揽投部,43000242,武汉市汉阳枫树路揽投部,C1100054401927,武汉大禹阀门股份有限公司,91100055567460,武汉大禹阀门股份有限公司,1100093592000,武汉大禹阀门股份有限公司(特快),商企类,生产加工制造业,汽车,普通,2021-07-30,03782437,张锬,,,03582649,罗洋,0.0019,0.0371132084,1.9,0.0138,0.295314519,13.8
599,420000,湖北省,420100,武汉市,420105,汉阳区,43000600,湖北省寄递事业部,43001800,武汉市寄递事业部,43000348,武汉市汉阳区寄递事业部,43000242,武汉市汉阳枫树路揽投部,43000242,武汉市汉阳枫树路揽投部,C1100475514727,航天瑞奇电缆有限公司,91100435854685,航天瑞奇电缆有限公司,1100101756046,航天瑞奇电缆有限公司(特快),商企类,生产加工制造业,汽车,普通,2021-12-06,03782437,张锬,,,03582649,罗洋,0.0004,0.0070754718,0.4,0.0007,0.0109060065,0.7
600,420000,湖北省,420100,武汉市,420105,汉阳区,43000600,湖北省寄递事业部,43001800,武汉市寄递事业部,43000348,武汉市汉阳区寄递事业部,43000242,武汉市汉阳枫树路揽投部,43000242,武汉市汉阳枫树路揽投部,C1100653424376,武汉昌顺云仓服务有限公司,91101104344739,武汉昌顺云仓服务有限公司-函件,1100218356939,武汉昌顺云仓服务有限公司(电商标快),商企类,交通运输、物流仓储,物流仓储,铂金,2025-05-16,03582649,罗洋,,,03582649,罗洋,0.5503,2.1258962618,15397.159,0.5632,1.9187536311,7938.397
601,420000,湖北省,420100,武汉市,420105,汉阳区,43000600,湖北省寄递事业部,43001800,武汉市寄递事业部,43000348,武汉市汉阳区寄递事业部,43000242,武汉市汉阳枫树路揽投部,43000242,武汉市汉阳枫树路揽投部,C1100683555813,武汉达安科技有限公司,91100636035050,武汉达安科技有限公司,1100107747413,武汉达安科技有限公司(特快),商企类,生产加工制造业,汽车,普通,2022-02-21,04141466,胡敏,,,01610913,罗敦松,0.0046,0.0503396239,23.22,0.0018,0.0205311755,6.555
602,420000,湖北省,420100,武汉市,420105,汉阳区,43000600,湖北省寄递事业部,43001800,武汉市寄递事业部,43000348,武汉市汉阳区寄递事业部,43000242,武汉市汉阳枫树路揽投部,43000242,武汉市汉阳枫树路揽投部,C1100696146150,苏州苏试广博环境可靠性实验室有限公司武汉分公司,91101092909350,苏州苏试广博环境可靠性实验室有限公司武汉分公司-武汉,1100214361830,苏州苏试广博环境可靠性实验室有限公司武汉分公司(特快),商企类,检测类,其他,普通,2025-03-10,01613994,文洁,,,01613994,文洁,0.0092,0.1012830212,16.74,0.0048,0.0562056785,18.24
603,420000,湖北省,420100,武汉市,420105,汉阳区,43000600,湖北省寄递事业部,43001800,武汉市寄递事业部,43000348,武汉市汉阳区寄递事业部,43000242,武汉市汉阳枫树路揽投部,43000242,武汉市汉阳枫树路揽投部,C1100711134931,东风本田汽车有限公司,91100661254679,东风本田汽车有限公司,1100113775208,东风本田汽车有限公司(特快),商企类,生产加工制造业,汽车,铂金,2022-05-16,03782437,张锬,4003356186,马丽,03582649,罗洋,0.0154,0.2099999954,200.979,0.0098,0.1262263625,12.8
604,420000,湖北省,420100,武汉市,420105,汉阳区,43000600,湖北省寄递事业部,43001800,武汉市寄递事业部,43000348,武汉市汉阳区寄递事业部,43000242,武汉市汉阳枫树路揽投部,43000242,武汉市汉阳枫树路揽投部,C1100711134931,东风本田汽车有限公司,91101064299283,东风本田汽车有限公司-市场品质科,1100205673342,东风本田汽车有限公司(特快2),商企类,生产加工制造业,汽车,白银,2024-11-15,03582649,罗洋,4003356186,马丽,03582649,罗洋,0.0007,0.0067924527,1.1,0.0013,0.0179125069,9.03
605,420000,湖北省,420100,武汉市,420105,汉阳区,43000600,湖北省寄递事业部,43001800,武汉市寄递事业部,43000348,武汉市汉阳区寄递事业部,43000242,武汉市汉阳枫树路揽投部,43000242,武汉市汉阳枫树路揽投部,C1100900794124,凌云中南工业有限公司,91100934767996,凌云中南工业有限公司-武汉,1100160367274,凌云中南工业有限公司(特快),商企类,生产加工制造业,汽车,白银,2023-06-29,03782437,张锬,,,03582649,罗洋,0.0046,0.1583018871,103.93,0.0056,0.1087587415,26.15
608,420000,湖北省,420100,武汉市,420105,汉阳区,43000600,湖北省寄递事业部,43001800,武汉市寄递事业部,43000348,武汉市汉阳区寄递事业部,43000242,武汉市汉阳枫树路揽投部,43000242,武汉市汉阳枫树路揽投部,C1101059644450,武汉嘉晨汽车技术有限公司,91101037255139,武汉嘉晨汽车技术有限公司-武汉,1100195391235,武汉嘉晨汽车技术有限公司(特快),商企类,生鲜特产,其他类,普通,2024-07-09,03582649,罗洋,,,,,0,0,0,0.0006,0.00902233,2.13
609,420000,湖北省,420100,武汉市,420105,汉阳区,43000600,湖北省寄递事业部,43001800,武汉市寄递事业部,43000348,武汉市汉阳区寄递事业部,43000242,武汉市汉阳枫树路揽投部,43000242,武汉市汉阳枫树路揽投部,C1101106911775,艾德蒙科技（武汉）有限公司,91100923395250,艾德蒙科技（武汉）有限公司,1100154348311,艾德蒙科技（武汉）有限公司(特快),商企类,生产加工制造业,加工制造,普通,2023-05-19,03782437,张锬,,,,,0,0,0,0.0001,0.0009433962,0.1
610,420000,湖北省,420100,武汉市,420105,汉阳区,43000600,湖北省寄递事业部,43001800,武汉市寄递事业部,43000348,武汉市汉阳区寄递事业部,43000242,武汉市汉阳枫树路揽投部,43000242,武汉市汉阳枫树路揽投部,C1101151589822,快宝(上海)网络技术有限公司,91101016932925,快宝(上海)网络技术有限公司-快宝上门取件武汉市,1100189814441,快宝(上海)网络技术有限公司(上海)网络技术有限公司(快宝上门取件武汉市),商企类,退换货（商企）,快宝退换货（商企）,普通,2024-04-10,"03916800,03881828","徐玉婷,申莉莉",,,03916800,徐玉婷,0.0002,0.0031132076,0.19,0,0,0
611,420000,湖北省,420100,武汉市,420105,汉阳区,43000600,湖北省寄递事业部,43001800,武汉市寄递事业部,43000348,武汉市汉阳区寄递事业部,43000242,武汉市汉阳枫树路揽投部,43000242,武汉市汉阳枫树路揽投部,C1101367695661,东风畅行科技股份有限公司,91100977010118,东风畅行科技股份有限公司,1100177372997,东风畅行科技股份有限公司(特快),商企类,商业服务类,汽车租赁,普通,2023-11-17,04030473,刘楚舒,,,,,0,0,0,0.0001,0.0009433962,0.1
612,420000,湖北省,420100,武汉市,420105,汉阳区,43000600,湖北省寄递事业部,43001800,武汉市寄递事业部,43000348,武汉市汉阳区寄递事业部,43000242,武汉市汉阳枫树路揽投部,43000242,武汉市汉阳枫树路揽投部,C1101991680321,东风悦享科技有限公司,91101108244967,东风悦享科技有限公司,1100219587622,东风悦享科技有限公司(特快),商企类,生产加工制造业,汽车,普通,2025-06-06,03782437,张锬,,,03582649,罗洋,0.0051,0.1053773585,102.34,0.0017,0.0291451879,5.12
613,420000,湖北省,420100,武汉市,420105,汉阳区,43000600,湖北省寄递事业部,43001800,武汉市寄递事业部,43000348,武汉市汉阳区寄递事业部,43000242,武汉市汉阳枫树路揽投部,43000242,武汉市汉阳枫树路揽投部,C1102041542729,凌云华工智能系统（武汉）有限公司,91101027101217,凌云华工智能系统（武汉）有限公司,1100192510505,凌云华工智能系统（武汉）有限公司(特快),商企类,生产加工制造业,加工制造,普通,2024-05-22,03782437,张锬,,,03582649,罗洋,0.0024,0.041320755,4.35,0.0024,0.0439873638,9.4
614,420000,湖北省,420100,武汉市,420105,汉阳区,43000600,湖北省寄递事业部,43001800,武汉市寄递事业部,43000348,武汉市汉阳区寄递事业部,43000242,武汉市汉阳枫树路揽投部,43000242,武汉市汉阳枫树路揽投部,C1102051649762,湖北食弘益农业科技发展有限公司,91101032803931,湖北食弘益农业科技发展有限公司-武汉,1100194170947,湖北食弘益农业科技发展有限公司(特快),商企类,贸易、消费品、调换货,快速消费品（食品、饮料、烟酒、日化）,普通,2024-06-19,03782437,张锬,,,03582649,罗洋,0.0325,0.1501226433,2066.1,0.0002,0.0023675438,0.2
615,420000,湖北省,420100,武汉市,420105,汉阳区,43000600,湖北省寄递事业部,43001800,武汉市寄递事业部,43000348,武汉市汉阳区寄递事业部,43000242,武汉市汉阳枫树路揽投部,43000242,武汉市汉阳枫树路揽投部,C1102407784521,松下汽车电子系统有限公司,91101066657148,松下汽车电子系统有限公司,1100206797160,松下汽车电子系统有限公司(寄递),商企类,贸易、消费品、调换货,零售、批发,普通,2024-11-27,01612066,殷花,,,,,0,0,0,0.0004,0.0040566039,3.575
616,420000,湖北省,420100,武汉市,420105,汉阳区,43000600,湖北省寄递事业部,43001800,武汉市寄递事业部,43000348,武汉市汉阳区寄递事业部,43000242,武汉市汉阳枫树路揽投部,43000242,武汉市汉阳枫树路揽投部,P0000001904789,王成刚,80000002232942,王成刚,1030001006078,王成刚(邮政公事寄递),商企类,其他,其他,白银,2015-11-23,19601021,寄递武汉市,4012140468,寄递武汉市,,,0,0,0,0.0002,0.0015611304,0.2
617,420000,湖北省,420100,武汉市,420105,汉阳区,43000600,湖北省寄递事业部,43001800,武汉市寄递事业部,43000348,武汉市汉阳区寄递事业部,43000242,武汉市汉阳枫树路揽投部,43000242,武汉市汉阳枫树路揽投部,P8101374465773,刘文国,81100387951690,刘文国,1100061807194,刘文国(同城银行包配送),商企类,金融类,票据、凭证包,钻石,2020-08-14,"04149230,04108662","邓君鑫,罗婧",4003356186,马丽,"04108662,04149230","罗婧,邓君鑫",0.0045,2.547169812,22.5,0,0,0
618,420000,湖北省,420100,武汉市,420105,汉阳区,43000600,湖北省寄递事业部,43001800,武汉市寄递事业部,43000348,武汉市汉阳区寄递事业部,43000246,武汉市汉阳建港揽投部,43000246,武汉市汉阳建港揽投部,C0000000537139,中铁大桥局集团有限公司,91100786539066,中铁大桥局集团有限公司-武汉,1100117526060,中铁大桥局集团有限公司(特快),商企类,房产建筑,房地产、建筑建材、工程,白银,2022-06-17,01610716,王舰,,,01610716,王舰,0.0051,0.0987735823,15.7,0.0051,0.0968399276,10.83
619,420000,湖北省,420100,武汉市,420105,汉阳区,43000600,湖北省寄递事业部,43001800,武汉市寄递事业部,43000348,武汉市汉阳区寄递事业部,43000246,武汉市汉阳建港揽投部,43000246,武汉市汉阳建港揽投部,C0000005555088,中国核工业第二二建设有限公司,81100249378296,中国核工业第二二建设有限公司-武汉,1100036784437,中国核工业第二二建设有限公司(标快),商企类,能源、矿产、环保,其他,普通,2019-09-20,01610629,刘波,,,01610629,刘波,0.0138,0.2612264193,24.8,0.0025,0.0510289504,10.85
621,420000,湖北省,420100,武汉市,420105,汉阳区,43000600,湖北省寄递事业部,43001800,武汉市寄递事业部,43000348,武汉市汉阳区寄递事业部,43000246,武汉市汉阳建港揽投部,43000246,武汉市汉阳建港揽投部,C0000009144604,武汉英奇展示设计工程有限责任公司,91100927279176,武汉英奇展示设计工程有限责任公司-武汉市,1100156365031,武汉英奇展示设计工程有限责任公司(特快),商企类,商业服务类,行政寄递,普通,2023-06-01,01610629,刘波,,,,,0,0,0,0.0001,0.0011274017,1
622,420000,湖北省,420100,武汉市,420105,汉阳区,43000600,湖北省寄递事业部,43001800,武汉市寄递事业部,43000348,武汉市汉阳区寄递事业部,43000246,武汉市汉阳建港揽投部,43000246,武汉市汉阳建港揽投部,C1100566549153,湖北华圆诚信建设有限公司,91100980216783,湖北华圆诚信建设有限公司,1100178128728,湖北华圆诚信建设有限公司(特快),商企类,房产建筑,房地产、建筑建材、工程,普通,2023-11-28,01611384,孙瑜,,,,,0,0,0,0.0001,0.0009433962,0.1
623,420000,湖北省,420100,武汉市,420105,汉阳区,43000600,湖北省寄递事业部,43001800,武汉市寄递事业部,43000348,武汉市汉阳区寄递事业部,43000246,武汉市汉阳建港揽投部,43000246,武汉市汉阳建港揽投部,C1100574146212,武汉纵横保安服务有限公司,91100532123288,武汉纵横保安服务有限公司,1100088740492,武汉纵横保安服务有限公司(特快专递),商企类,商业服务类,其他,普通,2021-05-19,01610629,刘波,,,,,0,0,0,0.0001,0.0009433962,0.07
624,420000,湖北省,420100,武汉市,420105,汉阳区,43000600,湖北省寄递事业部,43001800,武汉市寄递事业部,43000348,武汉市汉阳区寄递事业部,43000246,武汉市汉阳建港揽投部,43000246,武汉市汉阳建港揽投部,C1100574159294,湖北安臣亦机电设备工程有限公司,91100532128542,湖北安臣亦机电设备工程有限公司,1100088748399,湖北安臣亦机电设备工程有限公司(特快),商企类,生产加工制造业,大型设备、机电设备、重工业,普通,2021-05-19,04188828,龙历,,,,,0,0,0,0.0001,0.0009433962,0.1
625,420000,湖北省,420100,武汉市,420105,汉阳区,43000600,湖北省寄递事业部,43001800,武汉市寄递事业部,43000348,武汉市汉阳区寄递事业部,43000246,武汉市汉阳建港揽投部,43000246,武汉市汉阳建港揽投部,C1100576720425,武汉市泰宇商贸有限公司,91100873760340,武汉市泰宇商贸有限公司-武汉,1100138299442,武汉市泰宇商贸有限公司(特快),商企类,贸易、消费品、调换货,零售、批发,普通,2022-12-12,01610629,刘波,,,01610629,刘波,0.0014,0.0175471697,2.84,0.0029,0.0479340491,2.12
626,420000,湖北省,420100,武汉市,420105,汉阳区,43000600,湖北省寄递事业部,43001800,武汉市寄递事业部,43000348,武汉市汉阳区寄递事业部,43000246,武汉市汉阳建港揽投部,43000246,武汉市汉阳建港揽投部,C1100706959985,中交第二航务工程局有限公司建筑科技分公司,91100657846828,中交第二航务工程局有限公司建筑科技分公司,1100112430283,中交第二航务工程局有限公司建筑科技分公司(特快),商企类,房产建筑,房地产、建筑建材、工程,普通,2022-04-26,01610629,刘波,,,,,0,0,0,0.0001,0.0009433962,0.1
627,420000,湖北省,420100,武汉市,420105,汉阳区,43000600,湖北省寄递事业部,43001800,武汉市寄递事业部,43000348,武汉市汉阳区寄递事业部,43000246,武汉市汉阳建港揽投部,43000246,武汉市汉阳建港揽投部,C1100957046788,湖北云安恒泰智能工程有限公司,91100893195603,湖北云安恒泰智能工程有限公司,1100145471330,湖北云安恒泰智能工程有限公司(特快),商企类,房产建筑,房地产、建筑建材、工程,普通,2023-02-06,01610629,刘波,,,01610629,刘波,0.0003,0.0028301886,0.3,0.0006,0.0096062835,11.16
630,420000,湖北省,420100,武汉市,420105,汉阳区,43000600,湖北省寄递事业部,43001800,武汉市寄递事业部,43000348,武汉市汉阳区寄递事业部,43000246,武汉市汉阳建港揽投部,43000246,武汉市汉阳建港揽投部,C1101106052322,中国工商银行股份有限公司武汉汉阳支行,91100923145680,中国工商银行股份有限公司武汉汉阳支行,1100154187749,中国工商银行股份有限公司武汉汉阳支行(特快),商企类,金融类,行政办公,白银,2023-05-18,04108670,陈鹏圆,,,,,0,0,0,0.0005,0.004716981,0.5
631,420000,湖北省,420100,武汉市,420105,汉阳区,43000600,湖北省寄递事业部,43001800,武汉市寄递事业部,43000348,武汉市汉阳区寄递事业部,43000246,武汉市汉阳建港揽投部,43000246,武汉市汉阳建港揽投部,C1101151589822,快宝(上海)网络技术有限公司,91101016932925,快宝(上海)网络技术有限公司-快宝上门取件武汉市,1100189814441,快宝(上海)网络技术有限公司(上海)网络技术有限公司(快宝上门取件武汉市),商企类,退换货（商企）,快宝退换货（商企）,普通,2024-04-10,"03916800,03881828","徐玉婷,申莉莉",,,03916800,徐玉婷,0.0005,0.0059433962,2,0,0,0
632,420000,湖北省,420100,武汉市,420105,汉阳区,43000600,湖北省寄递事业部,43001800,武汉市寄递事业部,43000348,武汉市汉阳区寄递事业部,43000246,武汉市汉阳建港揽投部,43000246,武汉市汉阳建港揽投部,C1101670684598,武汉方软科技有限公司,91101128661007,武汉方软科技有限公司,1100228700078,武汉方软科技有限公司(特快),商企类,生产加工制造业,其他,,2025-09-02,01610629,刘波,,,01610629,刘波,0.0001,0.0009433962,0.1,0,0,0
633,420000,湖北省,420100,武汉市,420105,汉阳区,43000600,湖北省寄递事业部,43001800,武汉市寄递事业部,43000348,武汉市汉阳区寄递事业部,43000344,武汉市汉阳中心揽投部,43000344,武汉市汉阳中心揽投部,P8101374465773,刘文国,81100387951690,刘文国,1100061807194,刘文国(同城银行包配送),商企类,金融类,票据、凭证包,钻石,2020-08-14,01611199,马丽,,,,,0,0,0,0.6005,11.3301886792,0
634,420000,湖北省,420100,武汉市,420105,汉阳区,43000600,湖北省寄递事业部,43001800,武汉市寄递事业部,43000348,武汉市汉阳区寄递事业部,43000489,武汉市汉阳沌阳揽投部,43000489,武汉市汉阳沌阳揽投部,C0000002906535,厦门雅瑞光学有限公司,80000002280877,厦门雅瑞光学有限公司,1030000968917,雅瑞光学(限公司(统签特快),商企类,贸易、消费品、调换货,零售、批发,普通,2015-11-23,03828430,夏菁,,,,,0,0,0,0,-0.0019811321,0
635,420000,湖北省,420100,武汉市,420105,汉阳区,43000600,湖北省寄递事业部,43001800,武汉市寄递事业部,43000348,武汉市汉阳区寄递事业部,43000489,武汉市汉阳沌阳揽投部,43000489,武汉市汉阳沌阳揽投部,C1100418845271,中国电信股份有限公司湖北财务共享服务中心,91100376289568,中国电信股份有限公司湖北财务共享服务中心,1100060469995,中国电信股份有限公司湖北财务共享服务中心(武汉电信会计凭证),商企类,IT通讯类,通讯运营商,白银,2020-08-04,01610885,陶业宏,,,,,0,0,0,0.0001,0.0012179245,1
638,420000,湖北省,420100,武汉市,420105,汉阳区,43000600,湖北省寄递事业部,43001800,武汉市寄递事业部,43000348,武汉市汉阳区寄递事业部,43000520,武汉市汉阳联城路揽投部,43000520,武汉市汉阳联城路揽投部,C0000000536688,东风汽车股份有限公司,91101005510868,东风汽车股份有限公司-武汉,1100186494385,东风汽车股份有限公司(武汉标快),商企类,生产加工制造业,汽车,白银,2024-02-29,03379491,雷凯,,,,,0,0,0,0.0244,0.2837969033,55
639,420000,湖北省,420100,武汉市,420105,汉阳区,43000600,湖北省寄递事业部,43001800,武汉市寄递事业部,43000348,武汉市汉阳区寄递事业部,43000520,武汉市汉阳联城路揽投部,43000520,武汉市汉阳联城路揽投部,C0000000536688,东风汽车股份有限公司,91101005511690,东风汽车股份有限公司-东风汽车股份有限公司（武汉）陆运,1100186495892,东风汽车股份有限公司(武汉陆运－标快),商企类,生产加工制造业,汽车,白银,2024-02-29,03379491,雷凯,,,,,0,0,0,0.0003,0.0160185131,38.9
640,420000,湖北省,420100,武汉市,420105,汉阳区,43000600,湖北省寄递事业部,43001800,武汉市寄递事业部,43000348,武汉市汉阳区寄递事业部,43000520,武汉市汉阳联城路揽投部,43000520,武汉市汉阳联城路揽投部,C0000000541662,东风商用车有限公司,80000002596316,东风商用车有限公司-有限研发,1030000913232,东风商用车有限公司(特快),商企类,生产加工制造业,汽车,普通,2015-12-04,03379491,雷凯,4007537260,杨静,03379491,雷凯,0.002,0.0283018873,2.4,0.0027,0.0351451433,2.7
641,420000,湖北省,420100,武汉市,420105,汉阳区,43000600,湖北省寄递事业部,43001800,武汉市寄递事业部,43000348,武汉市汉阳区寄递事业部,43000520,武汉市汉阳联城路揽投部,43000520,武汉市汉阳联城路揽投部,C0000001994092,湖北中邮物流有限责任公司,91100986812589,湖北中邮物流有限责任公司-武汉市移动小件业务（政企客户部）,1100180717264,湖北中邮物流有限责任公司(武汉市移动小件业务（政企客户部）),商企类,IT通讯类,通讯运营商,普通,2023-12-22,04196911,李萌,,,,,0,0,0,0.0009,0.0072,0.9
642,420000,湖北省,420100,武汉市,420105,汉阳区,43000600,湖北省寄递事业部,43001800,武汉市寄递事业部,43000348,武汉市汉阳区寄递事业部,43000520,武汉市汉阳联城路揽投部,43000520,武汉市汉阳联城路揽投部,C0000001994092,湖北中邮物流有限责任公司,91100986813951,湖北中邮物流有限责任公司-武汉市移动小件业务（财务部）,1100180719211,湖北中邮物流有限责任公司(武汉市移动小件业务（财务部）),商企类,IT通讯类,通讯运营商,普通,2023-12-22,03351577,罗君,,,,,0,0,0,0.0004,0.0037735848,0.4
643,420000,湖北省,420100,武汉市,420105,汉阳区,43000600,湖北省寄递事业部,43001800,武汉市寄递事业部,43000348,武汉市汉阳区寄递事业部,43000520,武汉市汉阳联城路揽投部,43000520,武汉市汉阳联城路揽投部,C0000004019734,武汉协和齿环有限公司,90000005122718,武汉协和齿环有限公司,1030001201187,武汉协和齿环有限公司(特快),商企类,生产加工制造业,汽车,普通,2015-11-23,03379491,雷凯,,,03379491,雷凯,0.0002,0.0029245283,0.2,0.0003,0.0075308119,14.9
644,420000,湖北省,420100,武汉市,420105,汉阳区,43000600,湖北省寄递事业部,43001800,武汉市寄递事业部,43000348,武汉市汉阳区寄递事业部,43000520,武汉市汉阳联城路揽投部,43000520,武汉市汉阳联城路揽投部,C0000006841919,东风汽车有限公司,80000002596170,东风汽车有限公司-东风有限,1030002359216,东风汽车有限公司(特快),商企类,生产加工制造业,汽车,普通,2015-12-04,03379491,雷凯,4007537260,杨静,03379491,雷凯,0.0117,0.1903773597,97.9,0.0038,0.0537109655,11.4
645,420000,湖北省,420100,武汉市,420105,汉阳区,43000600,湖北省寄递事业部,43001800,武汉市寄递事业部,43000348,武汉市汉阳区寄递事业部,43000520,武汉市汉阳联城路揽投部,43000520,武汉市汉阳联城路揽投部,C0000008301675,湖北太古可口可乐饮料有限公司,91101041686402,湖北太古可口可乐饮料有限公司-武汉,1100196813235,湖北太古可口可乐饮料有限公司(特快),商企类,生产加工制造业,加工制造,白银,2024-07-31,03379491,雷凯,,,03379491,雷凯,0.0024,0.0299245287,2.4,0.0096,0.1210246468,121.7
648,420000,湖北省,420100,武汉市,420105,汉阳区,43000600,湖北省寄递事业部,43001800,武汉市寄递事业部,43000348,武汉市汉阳区寄递事业部,43000520,武汉市汉阳联城路揽投部,43000520,武汉市汉阳联城路揽投部,C0000009092448,东风井关农业机械销售有限公司,91101056714950,东风井关农业机械销售有限公司-武汉,1100202324746,东风井关农业机械销售有限公司(特快),商企类,生产加工制造业,加工制造,普通,2024-10-02,03379491,雷凯,,,03379491,雷凯,0.0001,0.0009433962,0.1,0,0,0
649,420000,湖北省,420100,武汉市,420105,汉阳区,43000600,湖北省寄递事业部,43001800,武汉市寄递事业部,43000348,武汉市汉阳区寄递事业部,43000520,武汉市汉阳联城路揽投部,43000520,武汉市汉阳联城路揽投部,C0000009133499,武汉建工集团股份有限公司,90000011255554,武汉建工集团股份有限公司,1030001325320,武汉建工集团股份有限公司(特快),商企类,房产建筑,房地产、建筑建材、工程,白银,2018-03-07,03379491,雷凯,,,03379491,雷凯,0.0163,0.1767924508,56.7,0.0192,0.2248514755,25.3
650,420000,湖北省,420100,武汉市,420105,汉阳区,43000600,湖北省寄递事业部,43001800,武汉市寄递事业部,43000348,武汉市汉阳区寄递事业部,43000520,武汉市汉阳联城路揽投部,43000520,武汉市汉阳联城路揽投部,C1100099476625,中信银行股份有限公司武汉分行,91101068738555,中信银行股份有限公司武汉分行-江汉2,1100207412198,中信银行股份有限公司武汉分行(美签3),商企类,金融类,其他,黄金,2024-12-06,03736715,陈磊,4012401312,吴涛,03736715,陈磊,0.0001,0.000754717,0.1,0.0003,0.002264151,0.7
651,420000,湖北省,420100,武汉市,420105,汉阳区,43000600,湖北省寄递事业部,43001800,武汉市寄递事业部,43000348,武汉市汉阳区寄递事业部,43000520,武汉市汉阳联城路揽投部,43000520,武汉市汉阳联城路揽投部,C1100418845271,中国电信股份有限公司湖北财务共享服务中心,91100376289568,中国电信股份有限公司湖北财务共享服务中心,1100060469995,中国电信股份有限公司湖北财务共享服务中心(武汉电信会计凭证),商企类,IT通讯类,通讯运营商,白银,2020-08-04,04143834,万仲瑾,4012401312,吴涛,04143834,万仲瑾,0.0001,0.0009518868,0.1,0,0,0
652,420000,湖北省,420100,武汉市,420105,汉阳区,43000600,湖北省寄递事业部,43001800,武汉市寄递事业部,43000348,武汉市汉阳区寄递事业部,43000520,武汉市汉阳联城路揽投部,43000520,武汉市汉阳联城路揽投部,C1100451041063,麦克维尔空调制冷(武汉)有限公司,80000002598600,麦克维尔空调制冷(武汉)有限公司-麦克维尔空调制冷（武汉）有限公司-2,1030000828428,麦克维尔空调制冷(武汉)有限公司(麦克维尔空调制冷（武汉）有限公司),商企类,生产加工制造业,加工制造,普通,2015-12-04,03560792,叶飞,,,,,0,0,0,0.0022,0.0353330454,8.3
653,420000,湖北省,420100,武汉市,420105,汉阳区,43000600,湖北省寄递事业部,43001800,武汉市寄递事业部,43000348,武汉市汉阳区寄递事业部,43000520,武汉市汉阳联城路揽投部,43000520,武汉市汉阳联城路揽投部,C1100472325566,中国联合网络通信有限公司武汉市分公司,91101039020108,中国联合网络通信有限公司武汉市分公司-电话卡,1100195955488,中国联合网络通信有限公司武汉市分公司(特快),商企类,IT通讯类,通讯运营商,普通,2024-07-18,01612865,罗毅,,,,,0,0,0,0.0022,0.0124823773,2.2
654,420000,湖北省,420100,武汉市,420105,汉阳区,43000600,湖北省寄递事业部,43001800,武汉市寄递事业部,43000348,武汉市汉阳区寄递事业部,43000520,武汉市汉阳联城路揽投部,43000520,武汉市汉阳联城路揽投部,C1100481815751,武汉市人力资源和社会保障局武汉经济技术开发区（汉南区）社会保险管理处,91100924632828,武汉市人力资源和社会保障局武汉经济技术开发区（汉南区）社会保险管理处-汉南区,1100154712552,武汉市人力资源和社会保障局武汉经济技术开发区（汉南区）社会保险管理处(特快),商企类,商业服务类,专业服务、咨询（财会、法律、人力资源等）,白银,2023-05-22,03379491,雷凯,,,03379491,雷凯,0.0064,0.0892452824,21.8,0.0028,0.0292102294,2.8
655,420000,湖北省,420100,武汉市,420105,汉阳区,43000600,湖北省寄递事业部,43001800,武汉市寄递事业部,43000348,武汉市汉阳区寄递事业部,43000520,武汉市汉阳联城路揽投部,43000520,武汉市汉阳联城路揽投部,C1100562586408,湖北凌志装饰工程有限公司,91100601257463,湖北凌志装饰工程有限公司,1100101419086,湖北凌志装饰工程有限公司(特快),商企类,房产建筑,家居、室内设计、装饰装潢,普通,2021-11-29,03379491,雷凯,,,,,0,0,0,0.0008,0.0106358403,0.8
656,420000,湖北省,420100,武汉市,420105,汉阳区,43000600,湖北省寄递事业部,43001800,武汉市寄递事业部,43000348,武汉市汉阳区寄递事业部,43000520,武汉市汉阳联城路揽投部,43000520,武汉市汉阳联城路揽投部,C1100776440651,交通银行股份有限公司武汉经济技术开发区支行,81100108188693,交通银行股份有限公司武汉经济技术开发区支行-武汉,1030000898638,交通银行股份有限公司武汉经济技术开发区支行(特快),商企类,金融类,其他,普通,2019-04-02,03379491,雷凯,,,03379491,雷凯,0.0059,0.0728301882,61.5,0.0048,0.0603731602,27.9
657,420000,湖北省,420100,武汉市,420105,汉阳区,43000600,湖北省寄递事业部,43001800,武汉市寄递事业部,43000348,武汉市汉阳区寄递事业部,43000520,武汉市汉阳联城路揽投部,43000520,武汉市汉阳联城路揽投部,C1100777002836,中国建设银行股份有限公司武汉经济技术开发区支行,80000002598655,中国建设银行股份有限公司武汉经济技术开发区支行,1030000989763,中国建设银行股份有限公司武汉经济技术开发区支行(特快),商企类,金融类,对账单寄递,普通,2015-12-04,03379491,雷凯,,,03379491,雷凯,0.013,0.1418867902,35.8,0,0,0
658,420000,湖北省,420100,武汉市,420105,汉阳区,43000600,湖北省寄递事业部,43001800,武汉市寄递事业部,43000348,武汉市汉阳区寄递事业部,43000520,武汉市汉阳联城路揽投部,43000520,武汉市汉阳联城路揽投部,C1100777004131,中国工商银行股份有限公司武汉经济技术开发区支行,91101090458458,中国工商银行股份有限公司武汉经济技术开发区支行-武汉,1100213513973,中国工商银行股份有限公司武汉经济技术开发区支行(特快),商企类,金融类,对账单寄递,普通,2025-02-26,03379491,雷凯,4003356186,马丽,03379491,雷凯,0.0131,0.1266037704,13.9,0.0004,0.0037735848,0.4
659,420000,湖北省,420100,武汉市,420105,汉阳区,43000600,湖北省寄递事业部,43001800,武汉市寄递事业部,43000348,武汉市汉阳区寄递事业部,43000520,武汉市汉阳联城路揽投部,43000520,武汉市汉阳联城路揽投部,C1100927885494,武汉经开资产经营有限公司,91100873758471,武汉经开资产经营有限公司,1100138296731,武汉经开资产经营有限公司(特快),商企类,房产建筑,房地产、建筑建材、工程,普通,2022-12-12,03269635,张艳涛,,,,,0,0,0,0.0019,0.0226025616,2.5
660,420000,湖北省,420100,武汉市,420105,汉阳区,43000600,湖北省寄递事业部,43001800,武汉市寄递事业部,43000348,武汉市汉阳区寄递事业部,43000520,武汉市汉阳联城路揽投部,43000520,武汉市汉阳联城路揽投部,C1100931841008,武汉紫江包装有限公司,91100876589049,武汉紫江包装有限公司,1100139064702,武汉紫江包装有限公司(特快),商企类,贸易、消费品、调换货,快速消费品（食品、饮料、烟酒、日化）,普通,2022-12-20,03379491,雷凯,,,03379491,雷凯,0.0012,0.0255660378,13.4,0.0005,0.0574974901,84.1
661,420000,湖北省,420100,武汉市,420105,汉阳区,43000600,湖北省寄递事业部,43001800,武汉市寄递事业部,43000348,武汉市汉阳区寄递事业部,43000520,武汉市汉阳联城路揽投部,43000520,武汉市汉阳联城路揽投部,C1100945774840,中国银行股份有限公司武汉经济技术开发区支行,91101035431447,中国银行股份有限公司武汉经济技术开发区支行-武汉,1100195063398,中国银行股份有限公司武汉经济技术开发区支行(特快),商企类,金融类,行政办公,白银,2024-07-01,03379491,雷凯,4003356186,马丽,03379491,雷凯,0.0061,0.0751886788,8.1,0.0145,0.152209707,28.5
664,420000,湖北省,420100,武汉市,420105,汉阳区,43000600,湖北省寄递事业部,43001800,武汉市寄递事业部,43000348,武汉市汉阳区寄递事业部,43000520,武汉市汉阳联城路揽投部,43000520,武汉市汉阳联城路揽投部,C1101106082910,武汉提爱思全兴汽车零部件有限公司,91100923145747,武汉提爱思全兴汽车零部件有限公司,1100154187817,武汉提爱思全兴汽车零部件有限公司(特快),商企类,生产加工制造业,加工制造,白银,2023-05-18,03560792,叶飞,,,,,0,0,0,0.0085,0.1508647649,36.4
665,420000,湖北省,420100,武汉市,420105,汉阳区,43000600,湖北省寄递事业部,43001800,武汉市寄递事业部,43000348,武汉市汉阳区寄递事业部,43000520,武汉市汉阳联城路揽投部,43000520,武汉市汉阳联城路揽投部,C1101125044683,东风海博新能源科技有限公司,91100939884092,东风海博新能源科技有限公司-武汉市,1100163160032,东风海博新能源科技有限公司(特快),商企类,IT通讯类,IT服务类,普通,2023-07-19,04030471,徐家昱,,,,,0,0,0,0.0001,0.0009433962,0.1
666,420000,湖北省,420100,武汉市,420105,汉阳区,43000600,湖北省寄递事业部,43001800,武汉市寄递事业部,43000348,武汉市汉阳区寄递事业部,43000520,武汉市汉阳联城路揽投部,43000520,武汉市汉阳联城路揽投部,C1101151589822,快宝(上海)网络技术有限公司,91101016932925,快宝(上海)网络技术有限公司-快宝上门取件武汉市,1100189814441,快宝(上海)网络技术有限公司(上海)网络技术有限公司(快宝上门取件武汉市),商企类,退换货（商企）,快宝退换货（商企）,普通,2024-04-10,"03916800,03881828","徐玉婷,申莉莉",,,03916800,徐玉婷,0.0002,0.004245283,0.2,0,0,0
667,420000,湖北省,420100,武汉市,420105,汉阳区,43000600,湖北省寄递事业部,43001800,武汉市寄递事业部,43000348,武汉市汉阳区寄递事业部,43000520,武汉市汉阳联城路揽投部,43000520,武汉市汉阳联城路揽投部,C1101155197584,湖北楚象供应链集团有限公司,91100940177190,湖北楚象供应链集团有限公司,1100163360281,湖北楚象供应链集团有限公司(特快),商企类,贸易、消费品、调换货,快速消费品（食品、饮料、烟酒、日化）,普通,2023-07-20,03379491,雷凯,,,03379491,雷凯,0.0006,0.011320755,0.6,0.0004,0.0079857625,0.6
668,420000,湖北省,420100,武汉市,420105,汉阳区,43000600,湖北省寄递事业部,43001800,武汉市寄递事业部,43000348,武汉市汉阳区寄递事业部,43000520,武汉市汉阳联城路揽投部,43000520,武汉市汉阳联城路揽投部,C1101709893919,武汉德润嘉置业有限公司,91101076192547,武汉德润嘉置业有限公司-武汉,1100208139881,武汉德润嘉置业有限公司(特快),商企类,房产建筑,房地产、建筑建材、工程,,2024-12-18,03379491,雷凯,,,03379491,雷凯,0.0001,0.0009433962,0.1,0,0,0
669,420000,湖北省,420100,武汉市,420105,汉阳区,43000600,湖北省寄递事业部,43001800,武汉市寄递事业部,43000348,武汉市汉阳区寄递事业部,43000520,武汉市汉阳联城路揽投部,43000520,武汉市汉阳联城路揽投部,C1101874170572,武汉德信之光置业有限公司,91100972392464,武汉德信之光置业有限公司,1100175948837,武汉德信之光置业有限公司(特快),商企类,商业服务类,其他,普通,2023-11-01,03379491,雷凯,,,,,0,0,0,0.0013,0.0115960711,3.9
671,420000,湖北省,420100,武汉市,420105,汉阳区,43000600,湖北省寄递事业部,43001800,武汉市寄递事业部,43000348,武汉市汉阳区寄递事业部,43000520,武汉市汉阳联城路揽投部,43000520,武汉市汉阳联城路揽投部,C1102679697457,武汉保和酒店管理有限公司,91101131003360,武汉保和酒店管理有限公司,1100229726684,武汉保和酒店管理有限公司(电商标快/特快),商企类,商业服务类,酒店餐饮,,2025-09-10,03379491,雷凯,,,03379491,雷凯,0.0017,0.0164084904,24.3,0,0,0
672,420000,湖北省,420100,武汉市,420105,汉阳区,43000600,湖北省寄递事业部,43001800,武汉市寄递事业部,43000348,武汉市汉阳区寄递事业部,43000520,武汉市汉阳联城路揽投部,43000520,武汉市汉阳联城路揽投部,C1103743629264,中资环电器电子循环利用（深圳）有限公司,91101095761427,中资环电器电子循环利用（深圳）有限公司,1100216100068,中资环电器电子循环利用（深圳）有限公司(湖北),商企类,贸易、消费品、调换货,零售、批发,普通,2025-04-01,01650112,申邦艳,4003478967,申邦艳,01650112,申邦艳,0.0001,0.0011320755,0.5,0,0,0
676,420000,湖北省,420100,武汉市,420105,汉阳区,43000600,湖北省寄递事业部,43001800,武汉市寄递事业部,43000348,武汉市汉阳区寄递事业部,43005005,武汉市汉阳钟家村揽投部,43005005,武汉市汉阳钟家村揽投部,C1100406027630,有为致合文化传媒（武汉）有限公司,91100846130532,有为致合文化传媒（武汉）有限公司-武汉,1100129073824,有为致合(特快),商企类,商业服务类,其他,白银,2022-09-22,,,,,,,0,0,0,0.1442,1.19297572,260.29
679,420000,湖北省,420100,武汉市,420105,汉阳区,43000600,湖北省寄递事业部,43001800,武汉市寄递事业部,43000348,武汉市汉阳区寄递事业部,43005005,武汉市汉阳钟家村揽投部,43005005,武汉市汉阳钟家村揽投部,C1101111984984,武汉爱途国际供应链科技有限公司,91100955111150,武汉爱途国际供应链科技有限公司,1100170980962,武汉爱途国际供应链科技有限公司,商企类,贸易、消费品、调换货,贸易、进出口,普通,2023-09-06,03221634,邹林祥,,,,,0,0,0,0.0001,0.0009433962,0.1
680,420000,湖北省,420100,武汉市,420105,汉阳区,43000600,湖北省寄递事业部,43001800,武汉市寄递事业部,43000348,武汉市汉阳区寄递事业部,43005005,武汉市汉阳钟家村揽投部,43005005,武汉市汉阳钟家村揽投部,C1101151589822,快宝(上海)网络技术有限公司,91101016932925,快宝(上海)网络技术有限公司-快宝上门取件武汉市,1100189814441,快宝(上海)网络技术有限公司(上海)网络技术有限公司(快宝上门取件武汉市),商企类,退换货（商企）,快宝退换货（商企）,普通,2024-04-10,"03916800,03881828","徐玉婷,申莉莉",,,03916800,徐玉婷,0.0001,0.0011320755,0.11,0,0,0
681,420000,湖北省,420100,武汉市,420105,汉阳区,43000600,湖北省寄递事业部,43001800,武汉市寄递事业部,43000348,武汉市汉阳区寄递事业部,43005005,武汉市汉阳钟家村揽投部,43005005,武汉市汉阳钟家村揽投部,C1101387077779,荆州长盈置业有限公司,91101034380540,荆州长盈置业有限公司-武汉,1100194658678,荆州长盈置业有限公司(特快),商企类,房产建筑,房地产、建筑建材、工程,普通,2024-06-26,,,,,,,0,0,0,0.0001,0.0009433962,0.1
684,420000,湖北省,420100,武汉市,420105,汉阳区,43000600,湖北省寄递事业部,43001800,武汉市寄递事业部,43000348,武汉市汉阳区寄递事业部,43005109,武汉市汉阳十里铺揽投部,43005109,武汉市汉阳十里铺揽投部,C0000002906535,厦门雅瑞光学有限公司,80000002280877,厦门雅瑞光学有限公司,1030000968917,雅瑞光学(限公司(统签特快),商企类,贸易、消费品、调换货,零售、批发,普通,2015-11-23,03828430,夏菁,,,,,0,0,0,0,-0.0039622642,0
687,420000,湖北省,420100,武汉市,420105,汉阳区,43000600,湖北省寄递事业部,43001800,武汉市寄递事业部,43000348,武汉市汉阳区寄递事业部,43005109,武汉市汉阳十里铺揽投部,43005109,武汉市汉阳十里铺揽投部,C1101151589822,快宝(上海)网络技术有限公司,91101016932925,快宝(上海)网络技术有限公司-快宝上门取件武汉市,1100189814441,快宝(上海)网络技术有限公司(上海)网络技术有限公司(快宝上门取件武汉市),商企类,退换货（商企）,快宝退换货（商企）,普通,2024-04-10,"03916800,03881828","徐玉婷,申莉莉",,,03916800,徐玉婷,0.0003,0.0038679245,0.3,0,0,0
688,420000,湖北省,420100,武汉市,420105,汉阳区,43000600,湖北省寄递事业部,43001800,武汉市寄递事业部,43000348,武汉市汉阳区寄递事业部,43005109,武汉市汉阳十里铺揽投部,43005109,武汉市汉阳十里铺揽投部,C1101690640749,中汽研汽车检验中心（武汉）有限公司,91101037757057,中汽研汽车检验中心（武汉）有限公司-武汉,1100195479423,中汽研汽车检验中心（武汉）有限公司(特快),商企类,商业服务类,专业服务、咨询（财会、法律、人力资源等）,,2024-07-11,01613934,邹连方,,,01613934,邹连方,0.0001,0.0009433962,0.1,0,0,0
689,420000,湖北省,420100,武汉市,420105,汉阳区,43000600,湖北省寄递事业部,43001800,武汉市寄递事业部,43000348,武汉市汉阳区寄递事业部,43005109,武汉市汉阳十里铺揽投部,43005109,武汉市汉阳十里铺揽投部,C1103237395127,武汉港湾江城物业管理有限责任公司,91101163745997,武汉港湾江城物业管理有限责任公司,1100238065512,武汉港湾江城物业管理有限责任公司(特快),商企类,房产建筑,物业管理、商业中心,,2025-12-08,01613934,邹连方,,,01613934,邹连方,0.0001,0.0009433962,0.1,0,0,0
692,420000,湖北省,420100,武汉市,420105,汉阳区,43000600,湖北省寄递事业部,43001800,武汉市寄递事业部,43000348,武汉市汉阳区寄递事业部,43005111,武汉市汉阳陶家岭揽投部,43005111,武汉市汉阳陶家岭揽投部,C1100031957524,湖北省信产通信服务有限公司工程分公司,91100032611421,湖北省信产通信服务有限公司工程分公司,1030001211256,湖北省信产通信服务有限公司工程分公司(特快),商企类,商业服务类,其他,白银,2018-10-18,03909330,魏星,4003356186,马丽,03909330,魏星,0.0383,0.3681509525,419.82,0.0504,0.4860904281,614.713
693,420000,湖北省,420100,武汉市,420105,汉阳区,43000600,湖北省寄递事业部,43001800,武汉市寄递事业部,43000348,武汉市汉阳区寄递事业部,43005111,武汉市汉阳陶家岭揽投部,43005111,武汉市汉阳陶家岭揽投部,C1100099476625,中信银行股份有限公司武汉分行,91101068738555,中信银行股份有限公司武汉分行-江汉2,1100207412198,中信银行股份有限公司武汉分行(美签3),商企类,金融类,其他,黄金,2024-12-06,03736715,陈磊,,,,,0,0,0,0.0001,0.000754717,0.5
694,420000,湖北省,420100,武汉市,420105,汉阳区,43000600,湖北省寄递事业部,43001800,武汉市寄递事业部,43000348,武汉市汉阳区寄递事业部,43005111,武汉市汉阳陶家岭揽投部,43005111,武汉市汉阳陶家岭揽投部,C1100322207312,中铁房地产集团中南有限公司,91100274789100,中铁房地产集团中南有限公司,1100054316393,中铁房地产集团中南有限公司(标快),商企类,房产建筑,房地产、建筑建材、工程,普通,2020-06-08,01614238,杨瑾,,,01614238,杨瑾,0.0058,0.0578301873,5.8,0,0,0
695,420000,湖北省,420100,武汉市,420105,汉阳区,43000600,湖北省寄递事业部,43001800,武汉市寄递事业部,43000348,武汉市汉阳区寄递事业部,43005111,武汉市汉阳陶家岭揽投部,43005111,武汉市汉阳陶家岭揽投部,C1100519684993,湖北康泰源医药有限公司,91101066290680,湖北康泰源医药有限公司-武汉,1100206491442,湖北康泰源医药有限公司(特快),商企类,医药类,药品销售,普通,2024-11-25,03909330,魏星,,,,,0,0,0,0.0005,0.0061320755,0.26
696,420000,湖北省,420100,武汉市,420105,汉阳区,43000600,湖北省寄递事业部,43001800,武汉市寄递事业部,43000348,武汉市汉阳区寄递事业部,43005111,武汉市汉阳陶家岭揽投部,43005111,武汉市汉阳陶家岭揽投部,C1100566466690,武汉鑫东辉房地产开发有限公司,91101094711296,武汉鑫东辉房地产开发有限公司-武汉,1100215060882,武汉鑫东辉房地产开发有限公司(特快),商企类,房产建筑,房地产、建筑建材、工程,普通,2025-03-19,03909330,魏星,,,,,0,0,0,0.0052,0.1019027163,10.4
697,420000,湖北省,420100,武汉市,420105,汉阳区,43000600,湖北省寄递事业部,43001800,武汉市寄递事业部,43000348,武汉市汉阳区寄递事业部,43005111,武汉市汉阳陶家岭揽投部,43005111,武汉市汉阳陶家岭揽投部,C1100621570115,武汉小二帮电子商务有限公司,91100662593441,武汉小二帮电子商务有限公司,1100114885784,武汉小二帮电子商务有限公司(电商标快),商企类,生鲜特产,湖（河）鲜类,铂金,2022-05-26,03909330,魏星,,,,,0,0,0,0.0008,0.0048491518,33.57
698,420000,湖北省,420100,武汉市,420105,汉阳区,43000600,湖北省寄递事业部,43001800,武汉市寄递事业部,43000348,武汉市汉阳区寄递事业部,43005111,武汉市汉阳陶家岭揽投部,43005111,武汉市汉阳陶家岭揽投部,C1100905659826,武汉新城国际博览中心有限公司,91101078631761,武汉新城国际博览中心有限公司-武汉,1100209769926,武汉新城国际博览中心有限公司(特快),商企类,房产建筑,房地产、建筑建材、工程,,2024-12-31,01610716,王舰,,,01610716,王舰,0.0001,0.0009433962,0.1,0,0,0
699,420000,湖北省,420100,武汉市,420105,汉阳区,43000600,湖北省寄递事业部,43001800,武汉市寄递事业部,43000348,武汉市汉阳区寄递事业部,43005111,武汉市汉阳陶家岭揽投部,43005111,武汉市汉阳陶家岭揽投部,C1100926929526,中海物业管理有限公司武汉分公司,91101015222443,中海物业管理有限公司武汉分公司-武汉市,1100189527497,中海物业管理有限公司武汉分公司(特快),商企类,房产建筑,物业管理、商业中心,普通,2024-04-02,01613934,邹连方,,,,,0,0,0,0.0069,0.0626146089,13.8
702,420000,湖北省,420100,武汉市,420105,汉阳区,43000600,湖北省寄递事业部,43001800,武汉市寄递事业部,43000348,武汉市汉阳区寄递事业部,43005111,武汉市汉阳陶家岭揽投部,43005111,武汉市汉阳陶家岭揽投部,C1101151589822,快宝(上海)网络技术有限公司,91101016932925,快宝(上海)网络技术有限公司-快宝上门取件武汉市,1100189814441,快宝(上海)网络技术有限公司(上海)网络技术有限公司(快宝上门取件武汉市),商企类,退换货（商企）,快宝退换货（商企）,普通,2024-04-10,"03916800,03881828","徐玉婷,申莉莉",,,03916800,徐玉婷,0.0001,0.0011320755,0.1,0,0,0
703,420000,湖北省,420100,武汉市,420105,汉阳区,43000600,湖北省寄递事业部,43001800,武汉市寄递事业部,43000348,武汉市汉阳区寄递事业部,43005111,武汉市汉阳陶家岭揽投部,43005111,武汉市汉阳陶家岭揽投部,C1102245147748,武汉中海海融房地产有限公司,91101108244844,武汉中海海融房地产有限公司,1100219587374,武汉中海海融房地产有限公司(特快),商企类,房产建筑,房地产、建筑建材、工程,普通,2025-06-06,03909330,魏星,,,03909330,魏星,0.0027,0.0250188688,3.4,0.0066,0.0612771799,11.4
704,420000,湖北省,420100,武汉市,420105,汉阳区,43000600,湖北省寄递事业部,43001800,武汉市寄递事业部,43000348,武汉市汉阳区寄递事业部,43005611,武汉市汉阳升官渡揽投部,43005611,武汉市汉阳升官渡揽投部,C0000000536846,中交二公局第一工程有限公司,90000005015191,中交二公局第一工程有限公司-武汉,1030001393741,中交二公局第一工程有限公司(特快),商企类,房产建筑,房地产、建筑建材、工程,普通,2015-11-23,03322072,李明高,,,03322072,李明高,0.0006,0.0070754717,0.4,0.0004,0.0041415958,0.4
705,420000,湖北省,420100,武汉市,420105,汉阳区,43000600,湖北省寄递事业部,43001800,武汉市寄递事业部,43000348,武汉市汉阳区寄递事业部,43005611,武汉市汉阳升官渡揽投部,43005611,武汉市汉阳升官渡揽投部,C0000000790398,浙江吉利控股集团有限公司,91101049649230,浙江吉利控股集团有限公司-武汉仓,1100198853747,浙江吉利控股集团有限公司(特快),商企类,生鲜特产,其他类,普通,2024-08-29,01611199,马丽,,,,,0,0,0,0.001,0.0087372947,2.4
706,420000,湖北省,420100,武汉市,420105,汉阳区,43000600,湖北省寄递事业部,43001800,武汉市寄递事业部,43000348,武汉市汉阳区寄递事业部,43005611,武汉市汉阳升官渡揽投部,43005611,武汉市汉阳升官渡揽投部,C0000006521879,武汉新区产业投资发展有限公司,91101094925473,武汉新区产业投资发展有限公司-武汉,1100215233727,武汉新区产业投资发展有限公司(特快),商企类,房产建筑,房地产、建筑建材、工程,白银,2025-03-21,03322072,李明高,,,,,0,0,0,0.0191,0.1529020625,11.42
707,420000,湖北省,420100,武汉市,420105,汉阳区,43000600,湖北省寄递事业部,43001800,武汉市寄递事业部,43000348,武汉市汉阳区寄递事业部,43005611,武汉市汉阳升官渡揽投部,43005611,武汉市汉阳升官渡揽投部,C0000007931943,湖北鼎龙泰富科技产业园有限公司,90000009865389,湖北鼎龙泰富科技产业园有限公司,1030002004448,湖北鼎龙泰富科技产业园有限公司(特快),商企类,房产建筑,房地产、建筑建材、工程,普通,2017-05-04,04271829,王雅琪,,,04271829,王雅琪,0.0002,0.0029245283,0.15,0.0004,0.0037735848,0.25
711,420000,湖北省,420100,武汉市,420105,汉阳区,43000600,湖北省寄递事业部,43001800,武汉市寄递事业部,43000348,武汉市汉阳区寄递事业部,43005611,武汉市汉阳升官渡揽投部,43005611,武汉市汉阳升官渡揽投部,C1100066857688,湖北省普林标准技术服务有限公司,91100068124698,湖北省普林标准技术服务有限公司,1030001253533,湖北省普林标准技术服务有限公司(电商标快),商企类,检测类,其他,普通,2019-01-18,03322072,李明高,,,,,0,0,0,0.0001,0.0011274017,0.05
712,420000,湖北省,420100,武汉市,420105,汉阳区,43000600,湖北省寄递事业部,43001800,武汉市寄递事业部,43000348,武汉市汉阳区寄递事业部,43005611,武汉市汉阳升官渡揽投部,43005611,武汉市汉阳升官渡揽投部,C1100388172551,上海蒲菊软件科技有限公司,91101029865283,上海蒲菊软件科技有限公司-湖北,1100193357921,上海蒲菊软件科技有限公司(特快),商企类,房产建筑,物业管理、商业中心,普通,2024-06-06,03293746,罗姝,,,03293746,罗姝,0.0018,0.0157547168,1.1,0.0017,0.0194390162,1.1
713,420000,湖北省,420100,武汉市,420105,汉阳区,43000600,湖北省寄递事业部,43001800,武汉市寄递事业部,43000348,武汉市汉阳区寄递事业部,43005611,武汉市汉阳升官渡揽投部,43005611,武汉市汉阳升官渡揽投部,C1100477283058,湖北新业烟草薄片开发有限公司,91100960552920,湖北新业烟草薄片开发有限公司-武汉市,1100173352148,湖北新业烟草薄片开发有限公司(特快),商企类,贸易、消费品、调换货,快速消费品（食品、饮料、烟酒、日化）,白银,2023-09-27,03823450,皮传平,,,,,0,0,0,0.0057,0.3282075902,293.55
714,420000,湖北省,420100,武汉市,420105,汉阳区,43000600,湖北省寄递事业部,43001800,武汉市寄递事业部,43000348,武汉市汉阳区寄递事业部,43005611,武汉市汉阳升官渡揽投部,43005611,武汉市汉阳升官渡揽投部,C1100492779101,捷银国际旅行社(上海)有限公司,91100589522272,捷银国际旅行社(上海)有限公司-武汉寄递,1100099615743,捷银国际旅行社(上海)有限公司(捷银国际(捷银项目-武汉)),商企类,贸易、消费品、调换货,其他,普通,2021-10-29,01617306,刘婷婷,,,01617306,刘婷婷,0.0001,0.0005037736,1,0,0,0
715,420000,湖北省,420100,武汉市,420105,汉阳区,43000600,湖北省寄递事业部,43001800,武汉市寄递事业部,43000348,武汉市汉阳区寄递事业部,43005611,武汉市汉阳升官渡揽投部,43005611,武汉市汉阳升官渡揽投部,C1100566462393,湖北华生置业有限公司,91101012617044,湖北华生置业有限公司,1100188781915,湖北华生置业有限公司(特快专递),商企类,房产建筑,房地产、建筑建材、工程,普通,2024-03-23,03322072,李明高,,,,,0,0,0,0.0001,0.0009433962,0.05
716,420000,湖北省,420100,武汉市,420105,汉阳区,43000600,湖北省寄递事业部,43001800,武汉市寄递事业部,43000348,武汉市汉阳区寄递事业部,43005611,武汉市汉阳升官渡揽投部,43005611,武汉市汉阳升官渡揽投部,C1100614037126,中通服供应链股份有限公司,91100960841583,中通服供应链股份有限公司-中通服供应链管理有限公司JH,1100173521494,中通服供应链股份有限公司(中通服供应链管理有限公司),商企类,IT通讯类,通讯运营商,普通,2023-09-28,01611075,刘磊,4012401312,吴涛,01611075,刘磊,0.0011,0.0078556605,1.95,0,0,0
717,420000,湖北省,420100,武汉市,420105,汉阳区,43000600,湖北省寄递事业部,43001800,武汉市寄递事业部,43000348,武汉市汉阳区寄递事业部,43005611,武汉市汉阳升官渡揽投部,43005611,武汉市汉阳升官渡揽投部,C1100614037126,中通服供应链股份有限公司,91100960841583,中通服-中通服供应链管理有限公司JH,1100173521494,中通服(中通服供应链管理有限公司),商企类,交通运输、物流仓储,其他,普通,2023-09-28,03881837,敖茜,,,,,0,0,0,0.0008,0.0142843172,2.1
718,420000,湖北省,420100,武汉市,420105,汉阳区,43000600,湖北省寄递事业部,43001800,武汉市寄递事业部,43000348,武汉市汉阳区寄递事业部,43005611,武汉市汉阳升官渡揽投部,43005611,武汉市汉阳升官渡揽投部,C1100702046315,湖北力天生态景观有限公司,91100653212124,湖北力天生态景观有限公司,1100111226443,湖北力天生态景观有限公司(特快),商企类,房产建筑,房地产、建筑建材、工程,普通,2022-04-08,03322072,李明高,,,03322072,李明高,0.0008,0.0143396226,13.9,0,0,0
719,420000,湖北省,420100,武汉市,420105,汉阳区,43000600,湖北省寄递事业部,43001800,武汉市寄递事业部,43000348,武汉市汉阳区寄递事业部,43005611,武汉市汉阳升官渡揽投部,43005611,武汉市汉阳升官渡揽投部,C1100871178037,武汉新绿文旅有限公司,91100827344370,武汉新绿文旅有限公司,1100123121934,武汉新绿文旅有限公司(特快),商企类,房产建筑,物业管理、商业中心,,2022-08-05,03322072,李明高,,,03322072,李明高,0.0001,0.0019811321,0.05,0,0,0
720,420000,湖北省,420100,武汉市,420105,汉阳区,43000600,湖北省寄递事业部,43001800,武汉市寄递事业部,43000348,武汉市汉阳区寄递事业部,43005611,武汉市汉阳升官渡揽投部,43005611,武汉市汉阳升官渡揽投部,C1100909217033,重庆包邮科技有限公司,91101016932486,重庆包邮科技有限公司-武汉市,1100189813631,重庆包邮科技有限公司(特快专递),商企类,生产加工制造业,印刷、包装、造纸、办公设备、轻工业,白银,2024-04-10,03322072,李明高,,,03322072,李明高,0.0135,0.1406415114,155.65,0.0594,0.5569821943,822.1
721,420000,湖北省,420100,武汉市,420105,汉阳区,43000600,湖北省寄递事业部,43001800,武汉市寄递事业部,43000348,武汉市汉阳区寄递事业部,43005611,武汉市汉阳升官渡揽投部,43005611,武汉市汉阳升官渡揽投部,C1101007313535,湖北兰盾门业有限公司,91100907313522,湖北兰盾门业有限公司,1100149339180,湖北兰盾门业有限公司(特快),商企类,房产建筑,家居、室内设计、装饰装潢,普通,2023-03-20,03322072,李明高,,,,,0,0,0,0.0002,0.0018867924,0.35
724,420000,湖北省,420100,武汉市,420105,汉阳区,43000600,湖北省寄递事业部,43001800,武汉市寄递事业部,43000348,武汉市汉阳区寄递事业部,43005611,武汉市汉阳升官渡揽投部,43005611,武汉市汉阳升官渡揽投部,C1101104129190,湖北腾飞人才股份有限公司,91100922846036,湖北腾飞人才股份有限公司,1100154004264,湖北腾飞人才股份有限公司(特快),商企类,商业服务类,专业服务、咨询（财会、法律、人力资源等）,普通,2023-05-17,03322072,李明高,,,03322072,李明高,0.0187,0.2578301874,81.5,0,0,0
725,420000,湖北省,420100,武汉市,420105,汉阳区,43000600,湖北省寄递事业部,43001800,武汉市寄递事业部,43000348,武汉市汉阳区寄递事业部,43005611,武汉市汉阳升官渡揽投部,43005611,武汉市汉阳升官渡揽投部,C1101151589822,快宝(上海)网络技术有限公司,91101016932925,快宝(上海)网络技术有限公司-快宝上门取件武汉市,1100189814441,快宝(上海)网络技术有限公司(上海)网络技术有限公司(快宝上门取件武汉市),商企类,退换货（商企）,快宝退换货（商企）,普通,2024-04-10,"03916800,03881828","徐玉婷,申莉莉",,,03916800,徐玉婷,0.0001,0.0019811321,0.1,0,0,0
726,420000,湖北省,420100,武汉市,420105,汉阳区,43000600,湖北省寄递事业部,43001800,武汉市寄递事业部,43000348,武汉市汉阳区寄递事业部,43005611,武汉市汉阳升官渡揽投部,43005611,武汉市汉阳升官渡揽投部,C1101404873908,武汉德诚义肢矫型康复器材有限公司,91101032379513,武汉德诚义肢矫型康复器材有限公司-武汉,1100194024439,武汉德诚义肢矫型康复器材有限公司(特快),商企类,贸易、消费品、调换货,快速消费品（食品、饮料、烟酒、日化）,白银,2024-06-17,03322072,李明高,,,03322072,李明高,0.0001,0.0009433962,0.05,0.0199,0.1927674483,438.286
727,420000,湖北省,420100,武汉市,420105,汉阳区,43000600,湖北省寄递事业部,43001800,武汉市寄递事业部,43000348,武汉市汉阳区寄递事业部,43005611,武汉市汉阳升官渡揽投部,43005611,武汉市汉阳升官渡揽投部,C1101426348000,武汉盘古明道广告有限公司,91101012617156,武汉盘古明道广告有限公司-武汉,1100188782321,武汉盘古明道广告有限公司(特快专递),商企类,房产建筑,房地产、建筑建材、工程,普通,2024-03-23,03322072,李明高,,,,,0,0,0,0.0001,0.0009433962,0.05
728,420000,湖北省,420100,武汉市,420105,汉阳区,43000600,湖北省寄递事业部,43001800,武汉市寄递事业部,43000348,武汉市汉阳区寄递事业部,43005611,武汉市汉阳升官渡揽投部,43005611,武汉市汉阳升官渡揽投部,C1101717625393,武汉三江汇物流投资有限公司,91100978355728,武汉三江汇物流投资有限公司,1100177573844,武汉三江汇物流投资有限公司(特快专递),商企类,房产建筑,房地产、建筑建材、工程,普通,2023-11-21,03322072,李明高,,,,,0,0,0,0.0001,0.0009433962,0.05
729,420000,湖北省,420100,武汉市,420105,汉阳区,43000600,湖北省寄递事业部,43001800,武汉市寄递事业部,43000348,武汉市汉阳区寄递事业部,43005611,武汉市汉阳升官渡揽投部,43005611,武汉市汉阳升官渡揽投部,C1101735451693,武汉耀星房地产开发有限责任公司,91100988843484,武汉耀星房地产开发有限责任公司,1100181396976,武汉耀星房地产开发有限责任公司(特快),商企类,房产建筑,房地产、建筑建材、工程,普通,2023-12-29,03322072,李明高,,,,,0,0,0,0.0077,0.0966503781,36.66
730,420000,湖北省,420100,武汉市,420105,汉阳区,43000600,湖北省寄递事业部,43001800,武汉市寄递事业部,43000348,武汉市汉阳区寄递事业部,43005611,武汉市汉阳升官渡揽投部,43005611,武汉市汉阳升官渡揽投部,C1102054209802,湖北兰盾精彩新材料有限公司,91101034115760,湖北兰盾精彩新材料有限公司-武汉,1100194585329,湖北兰盾精彩新材料有限公司(特快),商企类,房产建筑,房地产、建筑建材、工程,普通,2024-06-25,03322072,李明高,,,,,0,0,0,0.0006,0.0068739396,1.3
731,420000,湖北省,420100,武汉市,420105,汉阳区,43000600,湖北省寄递事业部,43001800,武汉市寄递事业部,43000348,武汉市汉阳区寄递事业部,43005701,武汉市汉阳沌口揽投部,43005701,武汉市汉阳沌口揽投部,C1100871178037,武汉新绿文旅有限公司,91100827344370,武汉新绿文旅有限公司,1100123121934,武汉新绿文旅有限公司(特快),商企类,房产建筑,物业管理、商业中心,,2022-08-05,03322072,李明高,,,03322072,李明高,0.005,0.0635849061,5,0,0,0
732,420000,湖北省,420100,武汉市,420105,汉阳区,43000600,湖北省寄递事业部,43001800,武汉市寄递事业部,43000348,武汉市汉阳区寄递事业部,43007023,武汉市汉阳平塘路揽投部,43007023,武汉市汉阳平塘路揽投部,C0000001994092,湖北中邮物流有限责任公司,91100986812589,湖北中邮物流有限责任公司-武汉市移动小件业务（政企客户部）,1100180717264,湖北中邮物流有限责任公司(武汉市移动小件业务（政企客户部）),商企类,IT通讯类,通讯运营商,普通,2023-12-22,04196911,李萌,,,,,0,0,0,0.002,0.0172781116,1.82
733,420000,湖北省,420100,武汉市,420105,汉阳区,43000600,湖北省寄递事业部,43001800,武汉市寄递事业部,43000348,武汉市汉阳区寄递事业部,43007023,武汉市汉阳平塘路揽投部,43007023,武汉市汉阳平塘路揽投部,C0000003928923,武汉天鸣集团有限公司,91100913530474,武汉天鸣集团有限公司-武汉市,1100151051779,武汉天鸣集团有限公司(电商标快),商企类,生产加工制造业,加工制造,白银,2023-04-12,01610913,罗敦松,,,,,0,0,0,0.0134,0.1166866693,523.12
734,420000,湖北省,420100,武汉市,420105,汉阳区,43000600,湖北省寄递事业部,43001800,武汉市寄递事业部,43000348,武汉市汉阳区寄递事业部,43007023,武汉市汉阳平塘路揽投部,43007023,武汉市汉阳平塘路揽投部,C0000003997963,味好美（武汉）食品有限公司,90000005096820,味好美（武汉）食品有限公司,1030002034575,味好美（武汉）食品有限公司(特快),商企类,生鲜特产,其他类,白银,2015-11-23,01610913,罗敦松,4009233142,曹翩,01610913,罗敦松,0.0118,0.1757264122,114.83,0.0091,0.1454140423,108.37
735,420000,湖北省,420100,武汉市,420105,汉阳区,43000600,湖北省寄递事业部,43001800,武汉市寄递事业部,43000348,武汉市汉阳区寄递事业部,43007023,武汉市汉阳平塘路揽投部,43007023,武汉市汉阳平塘路揽投部,C0000004008923,安利捷（武汉）丰田汽车销售服务有限公司,90000005109937,安利捷（武汉）丰田汽车销售服务有限公司,1030001940558,安利捷（武汉）丰田汽车销售服务有限公司(特快),商企类,生产加工制造业,汽车,白银,2015-11-23,01610913,罗敦松,,,01610913,罗敦松,0.0175,0.1661132116,26.49,0.0231,0.2149999683,28.9
736,420000,湖北省,420100,武汉市,420105,汉阳区,43000600,湖北省寄递事业部,43001800,武汉市寄递事业部,43000348,武汉市汉阳区寄递事业部,43007023,武汉市汉阳平塘路揽投部,43007023,武汉市汉阳平塘路揽投部,C0000005244881,武汉爱民制药股份有限公司,91100904057300,武汉爱民制药股份有限公司-武汉市,1100148291209,武汉爱民制药股份有限公司(特快),商企类,医药类,药品销售,普通,2023-03-07,01610913,罗敦松,,,01610913,罗敦松,0.0036,0.0616415105,4.1,0.0051,0.0779118461,8.96
739,420000,湖北省,420100,武汉市,420105,汉阳区,43000600,湖北省寄递事业部,43001800,武汉市寄递事业部,43000348,武汉市汉阳区寄递事业部,43007023,武汉市汉阳平塘路揽投部,43007023,武汉市汉阳平塘路揽投部,C0000009432895,武汉恒信富通物流有限公司,90000011598767,武汉恒信富通物流有限公司,1030001350351,武汉恒信富通物流有限公司(标准快递),商企类,生产加工制造业,汽车,普通,2018-06-28,04141466,胡敏,,,,,0,0,0,0.0002,0.0087373637,7.56
740,420000,湖北省,420100,武汉市,420105,汉阳区,43000600,湖北省寄递事业部,43001800,武汉市寄递事业部,43000348,武汉市汉阳区寄递事业部,43007023,武汉市汉阳平塘路揽投部,43007023,武汉市汉阳平塘路揽投部,C1100566478479,武汉金牛经济发展有限公司,91100567002620,武汉金牛经济发展有限公司,1100094914380,武汉金牛经济发展有限公司(特快),商企类,其他,其他,普通,2021-08-23,04141466,胡敏,,,,,0,0,0,0,-0.0310188673,0
741,420000,湖北省,420100,武汉市,420105,汉阳区,43000600,湖北省寄递事业部,43001800,武汉市寄递事业部,43000348,武汉市汉阳区寄递事业部,43007023,武汉市汉阳平塘路揽投部,43007023,武汉市汉阳平塘路揽投部,C1100683555813,武汉达安科技有限公司,91100636035050,武汉达安科技有限公司,1100107747413,武汉达安科技有限公司(特快),商企类,生产加工制造业,汽车,普通,2022-02-21,04141466,胡敏,,,01610913,罗敦松,0.0008,0.0173584907,73.308,0.0004,0.0081579887,17.07
742,420000,湖北省,420100,武汉市,420105,汉阳区,43000600,湖北省寄递事业部,43001800,武汉市寄递事业部,43000348,武汉市汉阳区寄递事业部,43007023,武汉市汉阳平塘路揽投部,43007023,武汉市汉阳平塘路揽投部,C1100701180920,岚图汽车科技股份有限公司,91100652333453,岚图汽车科技股份有限公司,1100111164208,岚图汽车科技有限公司(特快),商企类,生产加工制造业,汽车,铂金,2022-04-07,01610913,罗敦松,4003356186,马丽,01610913,罗敦松,0.2925,7.2106226216,4671.672,0.2725,4.5343438268,1892.306
743,420000,湖北省,420100,武汉市,420105,汉阳区,43000600,湖北省寄递事业部,43001800,武汉市寄递事业部,43000348,武汉市汉阳区寄递事业部,43007023,武汉市汉阳平塘路揽投部,43007023,武汉市汉阳平塘路揽投部,C1100881514368,湖北太子药业有限公司,91100955454105,湖北太子药业有限公司,1100171107896,湖北太子药业有限公司(特快),商企类,医药类,药品销售,普通,2023-09-07,03365564,夏进杰,,,,,0,0,0,0.0001,0.0009433962,0.08
744,420000,湖北省,420100,武汉市,420105,汉阳区,43000600,湖北省寄递事业部,43001800,武汉市寄递事业部,43000348,武汉市汉阳区寄递事业部,43007023,武汉市汉阳平塘路揽投部,43007023,武汉市汉阳平塘路揽投部,C1100934071051,汉口银行股份有限公司汉阳支行,91100877937722,汉口银行股份有限公司汉阳支行,1100154712338,汉口银行股份有限公司汉阳支行(特快),商企类,金融类,行政办公,白银,2023-05-22,01611384,孙瑜,,,,,0,0,0,0.0002,0.0018867924,0.14
747,420000,湖北省,420100,武汉市,420105,汉阳区,43000600,湖北省寄递事业部,43001800,武汉市寄递事业部,43000348,武汉市汉阳区寄递事业部,43007023,武汉市汉阳平塘路揽投部,43007023,武汉市汉阳平塘路揽投部,C1101106052322,中国工商银行股份有限公司武汉汉阳支行,91100923145680,中国工商银行股份有限公司武汉汉阳支行,1100154187749,中国工商银行股份有限公司武汉汉阳支行(特快),商企类,金融类,行政办公,白银,2023-05-18,01610629,刘波,4003356186,马丽,01610629,刘波,0.0017,0.0170754713,1.7,0.0042,0.0396226404,4.2
748,420000,湖北省,420100,武汉市,420105,汉阳区,43000600,湖北省寄递事业部,43001800,武汉市寄递事业部,43000348,武汉市汉阳区寄递事业部,43007023,武汉市汉阳平塘路揽投部,43007023,武汉市汉阳平塘路揽投部,C1101151589822,快宝(上海)网络技术有限公司,91101016932925,快宝(上海)网络技术有限公司-快宝上门取件武汉市,1100189814441,快宝(上海)网络技术有限公司(上海)网络技术有限公司(快宝上门取件武汉市),商企类,退换货（商企）,快宝退换货（商企）,普通,2024-04-10,"03916800,03881828","徐玉婷,申莉莉",,,03916800,徐玉婷,0.0003,0.0030188679,0.4,0,0,0
749,420000,湖北省,420100,武汉市,420105,汉阳区,43000600,湖北省寄递事业部,43001800,武汉市寄递事业部,43000348,武汉市汉阳区寄递事业部,43007023,武汉市汉阳平塘路揽投部,43007023,武汉市汉阳平塘路揽投部,C1102007550573,岚图汽车销售服务有限公司,91101118689310,岚图汽车销售服务有限公司,1100224509262,岚图汽车销售服务有限公司(特快),商企类,生产加工制造业,汽车,,2025-08-12,01610913,罗敦松,,,01610913,罗敦松,0.0004,0.0143396227,9.16,0,0,0
750,420000,湖北省,420100,武汉市,420106,武昌区,43000600,湖北省寄递事业部,43001800,武汉市寄递事业部,43006300,武汉市武昌区寄递事业部,43000244,武汉市武昌古城揽投部,43000244,武汉市武昌古城揽投部,P8101374465773,刘文国,81100387951690,刘文国,1100061807194,刘文国(同城银行包配送),商企类,金融类,票据、凭证包,钻石,2020-08-14,01611199,马丽,,,,,0,0,0,0.8401,15.8509433962,0
751,420000,湖北省,420100,武汉市,420106,武昌区,43000600,湖北省寄递事业部,43001800,武汉市寄递事业部,43006300,武汉市武昌区寄递事业部,43000349,武汉市武昌行业客户揽投部,43000349,武汉市武昌行业客户揽投部,P8101374465773,刘文国,81100387951690,刘文国,1100061807194,刘文国(同城银行包配送),商企类,金融类,票据、凭证包,钻石,2020-08-14,"04108662,04149230","罗婧,邓君鑫",4003356186,马丽,"04149230,04108662","邓君鑫,罗婧",0.0065,3.67924528399999,13,0,0,0
752,420000,湖北省,420100,武汉市,420106,武昌区,43000600,湖北省寄递事业部,43001800,武汉市寄递事业部,43006300,武汉市武昌区寄递事业部,43000438,武汉市武昌岳家嘴揽投部,43000438,武汉市武昌岳家嘴揽投部,C0000003306833,重庆川仪自动化股份有限公司,80000009687280,重庆川仪自动化股份有限公司,1100036004173,重庆川仪自动化股份有限公司(标快),商企类,生鲜特产,其他类,白银,2019-09-11,03321071,李小敏,4006161936,李小敏,,,0,0,0,0.0223,0.130576029,30.4
754,420000,湖北省,420100,武汉市,420106,武昌区,43000600,湖北省寄递事业部,43001800,武汉市寄递事业部,43006300,武汉市武昌区寄递事业部,43000438,武汉市武昌岳家嘴揽投部,43000438,武汉市武昌岳家嘴揽投部,C0000009266935,中冶南方城市建设工程技术有限公司,90000011415046,中冶南方城市建设工程技术有限公司,1030001204382,中冶南方城市建设工程技术有限公司(标快),商企类,房产建筑,房地产、建筑建材、工程,白银,2018-05-04,03321071,李小敏,,,03321071,李小敏,0.0174,0.6919811311,770.49,0.0138,0.2212443715,209.71
755,420000,湖北省,420100,武汉市,420106,武昌区,43000600,湖北省寄递事业部,43001800,武汉市寄递事业部,43006300,武汉市武昌区寄递事业部,43000438,武汉市武昌岳家嘴揽投部,43000438,武汉市武昌岳家嘴揽投部,C1100099476625,中信银行股份有限公司武汉分行,91101068738555,中信银行股份有限公司武汉分行-江汉2,1100207412198,中信银行股份有限公司武汉分行(美签3),商企类,金融类,其他,黄金,2024-12-06,03736715,陈磊,,,,,0,0,0,0.0005,0.003773585,3.5
758,420000,湖北省,420100,武汉市,420106,武昌区,43000600,湖北省寄递事业部,43001800,武汉市寄递事业部,43006300,武汉市武昌区寄递事业部,43000438,武汉市武昌岳家嘴揽投部,43000438,武汉市武昌岳家嘴揽投部,C1101134933017,阳光财产保险股份有限公司武汉中心支公司,91100931122550,阳光财产保险股份有限公司武汉中心支公司,1100158297486,阳光财产保险股份有限公司武汉中心支公司,商企类,保险类,产险保单配送,普通,2023-06-15,01611060,罗晶,,,,,0,0,0,0.0004,0.0078166521,5.36
759,420000,湖北省,420100,武汉市,420106,武昌区,43000600,湖北省寄递事业部,43001800,武汉市寄递事业部,43006300,武汉市武昌区寄递事业部,43000438,武汉市武昌岳家嘴揽投部,43000438,武汉市武昌岳家嘴揽投部,C1101151589822,快宝(上海)网络技术有限公司,91101016932925,快宝(上海)网络技术有限公司-快宝上门取件武汉市,1100189814441,快宝(上海)网络技术有限公司(上海)网络技术有限公司(快宝上门取件武汉市),商企类,退换货（商企）,快宝退换货（商企）,普通,2024-04-10,"03916800,03881828","徐玉婷,申莉莉",,,03916800,徐玉婷,0.0005,0.0079245283,0.5,0,0,0
760,420000,湖北省,420100,武汉市,420106,武昌区,43000600,湖北省寄递事业部,43001800,武汉市寄递事业部,43006300,武汉市武昌区寄递事业部,43000438,武汉市武昌岳家嘴揽投部,43000438,武汉市武昌岳家嘴揽投部,C1101684903801,武汉华侨城滨江置业有限公司,91100986189621,武汉华侨城滨江置业有限公司,1100180283431,华侨城滨江(武汉华侨城滨江置业有限公司),商企类,房产建筑,物业管理、商业中心,普通,2023-12-19,03536678,汪磊,,,03536678,汪磊,0.0002,0.0020754717,0.13,0.0022,0.0238433871,1.822
761,420000,湖北省,420100,武汉市,420106,武昌区,43000600,湖北省寄递事业部,43001800,武汉市寄递事业部,43006300,武汉市武昌区寄递事业部,43000438,武汉市武昌岳家嘴揽投部,43000438,武汉市武昌岳家嘴揽投部,C1101739395818,利安达会计师事务所（特殊普通合伙）湖北分所,91101061643823,利安达会计师事务所（特殊普通合伙）湖北分所,1100204467296,利安达会计师事务所（特殊普通合伙）湖北分所(标快),商企类,商业服务类,专业服务、咨询（财会、法律、人力资源等）,白银,2024-10-31,03321071,李小敏,,,03321071,李小敏,0.0003,0.0043396226,2.7,0.0016,0.0125790035,7.991
762,420000,湖北省,420100,武汉市,420106,武昌区,43000600,湖北省寄递事业部,43001800,武汉市寄递事业部,43006300,武汉市武昌区寄递事业部,43000438,武汉市武昌岳家嘴揽投部,43000438,武汉市武昌岳家嘴揽投部,C1104212560103,武汉初安数码科技有限公司,91101201620532,武汉初安数码科技有限公司,1100246042000,武汉初安数码科技有限公司(标快),商企类,IT通讯类,IT服务类,,2026-05-27,04271820,魏承睦,,,04271820,魏承睦,0.0002,0.0020754718,0.4,0,0,0
763,420000,湖北省,420100,武汉市,420106,武昌区,43000600,湖北省寄递事业部,43001800,武汉市寄递事业部,43006300,武汉市武昌区寄递事业部,43000440,武汉市武昌姚家岭揽投部,43000440,武汉市武昌姚家岭揽投部,C0000000328687,中安科股份有限公司,91100925282909,中安科股份有限公司,1100155194197,中安科股份有限公司(标快),商企类,IT通讯类,IT服务类,普通,2023-05-25,04004306,黄振,,,04004306,黄振,0.0001,0.0019811321,0.05,0.0002,0.0039459062,0.1
764,420000,湖北省,420100,武汉市,420106,武昌区,43000600,湖北省寄递事业部,43001800,武汉市寄递事业部,43006300,武汉市武昌区寄递事业部,43000440,武汉市武昌姚家岭揽投部,43000440,武汉市武昌姚家岭揽投部,C0000000546139,国家电网有限公司华中分部,80000008640536,国网华中分部-国家电网公司华中分部,1030001778658,国网华中分部(国家电网有限公司华中分部),商企类,能源、矿产、环保,电气、电力、煤气、水利,普通,2017-06-06,04021336,郭红,4006511104,陈自安,04021336,郭红,0.0028,0.1074528299,68.15,0.0029,0.0527769168,11.5
765,420000,湖北省,420100,武汉市,420106,武昌区,43000600,湖北省寄递事业部,43001800,武汉市寄递事业部,43006300,武汉市武昌区寄递事业部,43000440,武汉市武昌姚家岭揽投部,43000440,武汉市武昌姚家岭揽投部,C0000002955809,中国民生银行股份有限公司信用卡中心,80000006934552,中国民生银行股份有限公司信用卡中心-J民生银行信用卡中心,1030001881596,中国民生银行股份有限公司信用卡中心(中国民生银行股份有限公司信用卡中心武汉分中心),商企类,金融类,卡函寄递,白银,2016-12-30,01610904,朱致鑫,,,,,0,0,0,0.0068,0.0818768372,23
766,420000,湖北省,420100,武汉市,420106,武昌区,43000600,湖北省寄递事业部,43001800,武汉市寄递事业部,43006300,武汉市武昌区寄递事业部,43000440,武汉市武昌姚家岭揽投部,43000440,武汉市武昌姚家岭揽投部,C0000003959747,广东启德教育服务有限公司武汉分公司,90000005046061,广东启德教育服务有限公司武汉分公司-中广广东启德,1030002106755,广东启德教育服务有限公司武汉分公司(标快),商企类,商业服务类,专业服务、咨询（财会、法律、人力资源等）,普通,2015-11-23,01612926,王波,4003368066,王波,01612926,王波,0.002,0.030754717,16.28,0,0,0
767,420000,湖北省,420100,武汉市,420106,武昌区,43000600,湖北省寄递事业部,43001800,武汉市寄递事业部,43006300,武汉市武昌区寄递事业部,43000440,武汉市武昌姚家岭揽投部,43000440,武汉市武昌姚家岭揽投部,C0000004078683,湖北省人才发展集团有限公司,91101193619372,湖北省人才发展集团有限公司-武昌,1100245096659,湖北省人才发展集团有限公司(标快),商企类,商业服务类,专业服务、咨询（财会、法律、人力资源等）,,2026-04-10,03909219,刘刚,,,03909219,刘刚,0.0001,0.0009433962,1,0,0,0
768,420000,湖北省,420100,武汉市,420106,武昌区,43000600,湖北省寄递事业部,43001800,武汉市寄递事业部,43006300,武汉市武昌区寄递事业部,43000440,武汉市武昌姚家岭揽投部,43000440,武汉市武昌姚家岭揽投部,C0000006494272,中国信达资产管理股份有限公司湖北省分公司,90000008233219,中国信达资产管理股份有限公司湖北省分公司,1100066851132,信达资产(中国信达资产管理股份有限公司湖北省分公司),商企类,金融类,信托、担保、拍卖、典当,普通,2020-09-24,03909219,刘刚,4003355804,朱致鑫,03909219,刘刚,0.0033,0.0377358487,3.3,0,0,0
769,420000,湖北省,420100,武汉市,420106,武昌区,43000600,湖北省寄递事业部,43001800,武汉市寄递事业部,43006300,武汉市武昌区寄递事业部,43000440,武汉市武昌姚家岭揽投部,43000440,武汉市武昌姚家岭揽投部,C0000007664799,深圳市万象美物业管理有限公司武汉分公司,90000009549142,深圳市万象美物业管理有限公司武汉分公司,1030001986659,深圳市万象美物业管理有限公司武汉分公司(标快),商企类,商业服务类,专业服务、咨询（财会、法律、人力资源等）,普通,2017-01-13,03321071,李小敏,4012401378,郭眈,03321071,李小敏,0.0007,0.009245283,13.84,0,0,0
770,420000,湖北省,420100,武汉市,420106,武昌区,43000600,湖北省寄递事业部,43001800,武汉市寄递事业部,43006300,武汉市武昌区寄递事业部,43000440,武汉市武昌姚家岭揽投部,43000440,武汉市武昌姚家岭揽投部,C0000007692969,平安银行股份有限公司武汉分行,91100997839489,平安银行股份有限公司武汉分行-平安银行股份有限公司武汉分行（机关）,1100185036139,平安银行股份有限公司武汉分行(平安银行股份有限公司武汉分行（机关）),商企类,金融类,行政办公,白银,2024-02-05,04004306,黄振,4003356186,马丽,04004306,黄振,0.0214,0.2424528281,66.13,0.041,0.4578413845,150.5
771,420000,湖北省,420100,武汉市,420106,武昌区,43000600,湖北省寄递事业部,43001800,武汉市寄递事业部,43006300,武汉市武昌区寄递事业部,43000440,武汉市武昌姚家岭揽投部,43000440,武汉市武昌姚家岭揽投部,C0000007703928,天健会计师事务所（特殊普通合伙）湖北分所,90000009595974,天健会计师事务所（特殊普通合伙）湖北分所,1030002096720,TJKJS(天健会计师事务所（特殊普通合伙）湖北分所),商企类,金融类,行政办公,普通,2017-02-16,04021336,郭红,,,04021336,郭红,0.0001,0.0004716981,0.1,0,0,0
772,420000,湖北省,420100,武汉市,420106,武昌区,43000600,湖北省寄递事业部,43001800,武汉市寄递事业部,43006300,武汉市武昌区寄递事业部,43000440,武汉市武昌姚家岭揽投部,43000440,武汉市武昌姚家岭揽投部,C0000008519014,华泰证券股份有限公司湖北分公司,90000010550034,华泰证券股份有限公司湖北分公司,1030001867589,华泰证券股份有限公司湖北分公司(标快),商企类,金融类,基金、证券、期货、投资,白银,2017-09-14,04004306,黄振,4010187692,杜陈欢,04004306,黄振,0.0082,0.1483962271,195.316,0.0048,0.102831313,43.04
774,420000,湖北省,420100,武汉市,420106,武昌区,43000600,湖北省寄递事业部,43001800,武汉市寄递事业部,43006300,武汉市武昌区寄递事业部,43000440,武汉市武昌姚家岭揽投部,43000440,武汉市武昌姚家岭揽投部,C0000009001796,湖北消费金融股份有限公司,90000011097097,湖北消费金融股份有限公司-办公室,1030001914997,湖北消费金融股份有限公司(标快),商企类,金融类,其他,白银,2017-12-22,04004306,黄振,4010187692,杜陈欢,04004306,黄振,0.0192,0.3450943431,30.824,0.016,0.2817988569,44.31
775,420000,湖北省,420100,武汉市,420106,武昌区,43000600,湖北省寄递事业部,43001800,武汉市寄递事业部,43006300,武汉市武昌区寄递事业部,43000440,武汉市武昌姚家岭揽投部,43000440,武汉市武昌姚家岭揽投部,C0000009111989,湖北银行股份有限公司,90000004989280,湖北银行股份有限公司-办公室,1030001214912,湖北银行股份有限公司(标快),商企类,金融类,票据、凭证包,黄金,2015-11-23,03909269,肖景林,4012401378,郭眈,03909269,肖景林,0.0178,0.2052075523,18.3,0,0,0
776,420000,湖北省,420100,武汉市,420106,武昌区,43000600,湖北省寄递事业部,43001800,武汉市寄递事业部,43006300,武汉市武昌区寄递事业部,43000440,武汉市武昌姚家岭揽投部,43000440,武汉市武昌姚家岭揽投部,C0000009195644,逸百年融资租赁有限公司,81100340758166,逸百年融资租赁有限公司-办公室,1100048695936,逸百年融资租赁有限公司(标快),商企类,金融类,其他,普通,2020-05-06,03909219,刘刚,4003355804,朱致鑫,03909219,刘刚,0.0019,0.0311320758,1.9,0,0,0
777,420000,湖北省,420100,武汉市,420106,武昌区,43000600,湖北省寄递事业部,43001800,武汉市寄递事业部,43006300,武汉市武昌区寄递事业部,43000440,武汉市武昌姚家岭揽投部,43000440,武汉市武昌姚家岭揽投部,C0000009298727,武汉福达食用油调料有限公司,91100840770020,武汉福达食用油调料有限公司-（武昌）,1100126963560,武汉福达食用油调料有限公司(武昌),商企类,生鲜特产,特产类,黄金,2022-09-08,03428808,朱文俊,4012401378,郭眈,03428808,朱文俊,0.0761,0.5486037637,3016.004,0.0819,0.5859738146,3861.711
778,420000,湖北省,420100,武汉市,420106,武昌区,43000600,湖北省寄递事业部,43001800,武汉市寄递事业部,43006300,武汉市武昌区寄递事业部,43000440,武汉市武昌姚家岭揽投部,43000440,武汉市武昌姚家岭揽投部,C0000009428272,湖北省劳务经济开发有限公司,90000011592884,湖北省劳务经济开发有限公司,1030001990340,湖北省劳务经济开发有限公司(标快),商企类,商业服务类,专业服务、咨询（财会、法律、人力资源等）,普通,2018-06-27,04004306,黄振,4010187692,杜陈欢,04004306,黄振,0.0015,0.0151886789,1.5,0.0009,0.0109176906,1.5
779,420000,湖北省,420100,武汉市,420106,武昌区,43000600,湖北省寄递事业部,43001800,武汉市寄递事业部,43006300,武汉市武昌区寄递事业部,43000440,武汉市武昌姚家岭揽投部,43000440,武汉市武昌姚家岭揽投部,C1100000033862,广州弘胜餐饮管理有限公司武汉分公司,91100000035426,广州弘胜餐饮管理有限公司武汉分公司,1100221944172,广州弘胜餐饮管理有限公司武汉分公司(标快),商企类,商业服务类,酒店餐饮,,2025-07-08,04004306,黄振,,,04004306,黄振,0.0023,0.0131132075,2.7,0,0,0
780,420000,湖北省,420100,武汉市,420106,武昌区,43000600,湖北省寄递事业部,43001800,武汉市寄递事业部,43006300,武汉市武昌区寄递事业部,43000440,武汉市武昌姚家岭揽投部,43000440,武汉市武昌姚家岭揽投部,C1100060750022,中审众环会计师事务所（特殊普通合伙）,80000009253649,中审众环会计师事务所（特殊普通合伙）-办公室,1100037415237,中审众环会计师事务所（特殊普通合伙）(标快),商企类,金融类,其他,普通,2019-09-27,01611609,韩少华,4006161936,李小敏,01611609,韩少华,0.0076,0.1190566038,107.9,0,0,0
781,420000,湖北省,420100,武汉市,420106,武昌区,43000600,湖北省寄递事业部,43001800,武汉市寄递事业部,43006300,武汉市武昌区寄递事业部,43000440,武汉市武昌姚家岭揽投部,43000440,武汉市武昌姚家岭揽投部,C1100099476625,中信银行股份有限公司武汉分行,91101068738555,中信银行股份有限公司武汉分行-江汉2,1100207412198,中信银行股份有限公司武汉分行(美签3),商企类,金融类,其他,黄金,2024-12-06,03736715,陈磊,4012401312,吴涛,03736715,陈磊,0.0001,0.000754717,0.1,0,0,0
782,420000,湖北省,420100,武汉市,420106,武昌区,43000600,湖北省寄递事业部,43001800,武汉市寄递事业部,43006300,武汉市武昌区寄递事业部,43000440,武汉市武昌姚家岭揽投部,43000440,武汉市武昌姚家岭揽投部,C1100406027630,有为致合文化传媒（武汉）有限公司,91100942006182,有为致合文化传媒（武汉）有限公司-办公室,1100164552500,有为致合文化传媒（武汉）有限公司(标快),商企类,传媒、娱乐、体育、旅游,出版、影视、文化传播,,2023-07-27,03909219,刘刚,,,03909219,刘刚,0.0001,0.0011320755,0.1,0,0,0
783,420000,湖北省,420100,武汉市,420106,武昌区,43000600,湖北省寄递事业部,43001800,武汉市寄递事业部,43006300,武汉市武昌区寄递事业部,43000440,武汉市武昌姚家岭揽投部,43000440,武汉市武昌姚家岭揽投部,C1100491779997,兴业银行股份有限公司武汉分行,80000002307495,兴业银行股份有限公司武汉分行-标快,1030000944854,兴业银行股份有限公司武汉分行(标快),商企类,金融类,行政办公,白银,2015-11-23,03304826,周帆,,,03304826,周帆,0.0121,0.1347169796,22,0,0,0
784,420000,湖北省,420100,武汉市,420106,武昌区,43000600,湖北省寄递事业部,43001800,武汉市寄递事业部,43006300,武汉市武昌区寄递事业部,43000440,武汉市武昌姚家岭揽投部,43000440,武汉市武昌姚家岭揽投部,C1100501280581,财智共享（北京）技术服务有限公司,91100612923139,财智共享（北京）技术服务有限公司-湖北省财智共享派揽,1100102769737,财智共享（北京）技术服务有限公司(湖北省财智共享派揽询证函),商企类,金融类,其他,铂金,2021-12-30,03925877,曹翩,4003478967,申邦艳,OSQ420001,省级商企综合团队,0.0592,0.3504480887,59.2,0,0,0
785,420000,湖北省,420100,武汉市,420106,武昌区,43000600,湖北省寄递事业部,43001800,武汉市寄递事业部,43006300,武汉市武昌区寄递事业部,43000440,武汉市武昌姚家岭揽投部,43000440,武汉市武昌姚家岭揽投部,C1100539468119,湖北天佑法医司法鉴定所,91100500140125,湖北天佑法医司法鉴定所,1100083329377,天佑法医(湖北天佑法医司法鉴定所),商企类,检测类,其他,普通,2021-03-02,04004306,黄振,4010187692,杜陈欢,04004306,黄振,0.0082,0.0881132073,27,0.0028,0.0277970823,3.9
786,420000,湖北省,420100,武汉市,420106,武昌区,43000600,湖北省寄递事业部,43001800,武汉市寄递事业部,43006300,武汉市武昌区寄递事业部,43000440,武汉市武昌姚家岭揽投部,43000440,武汉市武昌姚家岭揽投部,C1100711818480,前海人寿保险股份有限公司湖北分公司,81100241819108,前海人寿保险股份有限公司湖北分公司-办公室,1100035071211,前海人寿保险股份有限公司湖北分公司(标快),商企类,保险类,其他,黄金,2019-08-30,03909219,刘刚,4003355804,朱致鑫,03909219,刘刚,0.0021,0.0237735852,7.75,0,0,0
787,420000,湖北省,420100,武汉市,420106,武昌区,43000600,湖北省寄递事业部,43001800,武汉市寄递事业部,43006300,武汉市武昌区寄递事业部,43000440,武汉市武昌姚家岭揽投部,43000440,武汉市武昌姚家岭揽投部,C1100713162484,立信会计师事务所（特殊普通合伙）湖北分所,80000002236351,立信会计师事务所湖北分所-立信会计事务所,1100034754106,立信会计师事务所湖北分所(立信会计师事务所（特殊普通合伙）湖北分所),商企类,金融类,行政办公,钻石,2019-08-27,03909219,刘刚,4012401378,郭眈,03909219,刘刚,0.0044,0.0935943384,108.607,0,0,0
788,420000,湖北省,420100,武汉市,420106,武昌区,43000600,湖北省寄递事业部,43001800,武汉市寄递事业部,43006300,武汉市武昌区寄递事业部,43000440,武汉市武昌姚家岭揽投部,43000440,武汉市武昌姚家岭揽投部,C1100713163160,湖北保利大酒店有限公司,80000004236993,湖北保利大酒店有限公司-X保利广场-湖北保利大酒店有限公司,1030002332408,湖北保利大酒店有限公司(标快),商企类,商业服务类,酒店餐饮,普通,2016-09-14,03909219,刘刚,4003355804,朱致鑫,03909219,刘刚,0.0009,0.016792453,0.9,0,0,0
789,420000,湖北省,420100,武汉市,420106,武昌区,43000600,湖北省寄递事业部,43001800,武汉市寄递事业部,43006300,武汉市武昌区寄递事业部,43000440,武汉市武昌姚家岭揽投部,43000440,武汉市武昌姚家岭揽投部,C1100713214426,陶氏化学（中国）投资有限公司武汉分公司,80000006557351,陶氏武汉-X保利大厦-陶氏化学（中国）投资有限公司武汉分公司,1030001783519,陶氏武汉(陶氏化学（中国）投资有限公司武汉分公司),商企类,能源、矿产、环保,石油、石化、化工,普通,2016-12-15,03909219,刘刚,4003355804,朱致鑫,03909219,刘刚,0.0014,0.0393396227,30.898,0,0,0
790,420000,湖北省,420100,武汉市,420106,武昌区,43000600,湖北省寄递事业部,43001800,武汉市寄递事业部,43006300,武汉市武昌区寄递事业部,43000440,武汉市武昌姚家岭揽投部,43000440,武汉市武昌姚家岭揽投部,C1100713214965,鼎和财产保险股份有限公司湖北分公司,80000004097099,鼎和湖北-X-平安国际-J鼎和财产保险股份有限公司湖北分公司,1030001593259,鼎和湖北(鼎和财产保险股份有限公司湖北分公司),商企类,保险类,产险保单配送,普通,2016-08-24,04004306,黄振,4006511104,陈自安,04004306,黄振,0.0031,0.0428301893,3.1,0.0025,0.0323426078,4.9
791,420000,湖北省,420100,武汉市,420106,武昌区,43000600,湖北省寄递事业部,43001800,武汉市寄递事业部,43006300,武汉市武昌区寄递事业部,43000440,武汉市武昌姚家岭揽投部,43000440,武汉市武昌姚家岭揽投部,C1100715778579,国联期货股份有限公司武汉营业部,91100664831561,国联期货股份有限公司武汉营业部,1100116019145,国联期货股份有限公司武汉营业部(标快),商企类,金融类,基金、证券、期货、投资,普通,2022-06-07,04004306,黄振,4010187692,杜陈欢,04004306,黄振,0.0005,0.0094339624,3,0.0006,0.0118377186,0.6
792,420000,湖北省,420100,武汉市,420106,武昌区,43000600,湖北省寄递事业部,43001800,武汉市寄递事业部,43006300,武汉市武昌区寄递事业部,43000440,武汉市武昌姚家岭揽投部,43000440,武汉市武昌姚家岭揽投部,C1100914545864,湖北保利投资有限公司,91100863788484,湖北保利投资有限公司,1100135309025,保利投资(湖北保利投资有限公司),商企类,房产建筑,房地产、建筑建材、工程,普通,2022-11-15,03909219,刘刚,,,03909219,刘刚,0.0041,0.0698113208,25.5,0,0,0
795,420000,湖北省,420100,武汉市,420106,武昌区,43000600,湖北省寄递事业部,43001800,武汉市寄递事业部,43006300,武汉市武昌区寄递事业部,43000440,武汉市武昌姚家岭揽投部,43000440,武汉市武昌姚家岭揽投部,C1101073598678,武汉市丰谊商务国际旅行社有限公司,91100913551017,武汉市丰谊商务国际旅行社有限公司,1100151130418,丰谊旅行社(武汉市丰谊商务国际旅行社有限公司),商企类,传媒、娱乐、体育、旅游,旅游度假,普通,2023-04-13,04004306,黄振,,,04004306,黄振,0.0019,0.0242452833,1.9,0.0012,0.0129674586,1.2
796,420000,湖北省,420100,武汉市,420106,武昌区,43000600,湖北省寄递事业部,43001800,武汉市寄递事业部,43006300,武汉市武昌区寄递事业部,43000440,武汉市武昌姚家岭揽投部,43000440,武汉市武昌姚家岭揽投部,C1101106797384,武汉泰莱餐饮服务有限公司,91100923294966,武汉泰莱餐饮服务有限公司,1100154341370,泰莱(武汉泰莱餐饮服务有限公司),商企类,商业服务类,酒店餐饮,普通,2023-05-19,04004308,袁玉林,,,,,0,0,0,0,-0.0024528302,0
797,420000,湖北省,420100,武汉市,420106,武昌区,43000600,湖北省寄递事业部,43001800,武汉市寄递事业部,43006300,武汉市武昌区寄递事业部,43000440,武汉市武昌姚家岭揽投部,43000440,武汉市武昌姚家岭揽投部,C1101422896059,湖北中企财经职业培训学院,91101198254732,湖北中企财经职业培训学院-标快,1100245540136,湖北中企财经职业培训学院(标快),商企类,商业服务类,专业服务、咨询（财会、法律、人力资源等）,,2026-05-07,04004306,黄振,,,04004306,黄振,0.0174,0.143207547,313.517,0,0,0
798,420000,湖北省,420100,武汉市,420106,武昌区,43000600,湖北省寄递事业部,43001800,武汉市寄递事业部,43006300,武汉市武昌区寄递事业部,43000440,武汉市武昌姚家岭揽投部,43000440,武汉市武昌姚家岭揽投部,C1101484290190,武汉圣优谷电子科技有限公司,91100975646650,武汉圣优谷电子科技有限公司,1100176925170,圣优谷(武汉圣优谷电子科技有限公司),商企类,IT通讯类,IT服务类,普通,2023-11-11,04143897,胡冠行,,,,,0,0,0,0.0001,0.0009433962,0.1
799,420000,湖北省,420100,武汉市,420106,武昌区,43000600,湖北省寄递事业部,43001800,武汉市寄递事业部,43006300,武汉市武昌区寄递事业部,43000440,武汉市武昌姚家岭揽投部,43000440,武汉市武昌姚家岭揽投部,C1101591005306,湖北中德诚资产评估有限公司,91101121068034,湖北中德诚资产评估有限公司,1100224087623,湖北中德诚资产评估有限公司(标快),商企类,金融类,信托、担保、拍卖、典当,,2025-08-06,04004306,黄振,,,04004306,黄振,0.0025,0.0150471696,30.75,0,0,0
800,420000,湖北省,420100,武汉市,420106,武昌区,43000600,湖北省寄递事业部,43001800,武汉市寄递事业部,43006300,武汉市武昌区寄递事业部,43000440,武汉市武昌姚家岭揽投部,43000440,武汉市武昌姚家岭揽投部,C1101645682037,湖北保利物业管理有限公司,91101122867874,湖北保利物业管理有限公司-武昌,1100224904092,湖北保利物业管理有限公司(标快),商企类,房产建筑,物业管理、商业中心,,2025-08-15,03909219,刘刚,,,03909219,刘刚,0.0002,0.0018867924,0.2,0,0,0
801,420000,湖北省,420100,武汉市,420106,武昌区,43000600,湖北省寄递事业部,43001800,武汉市寄递事业部,43006300,武汉市武昌区寄递事业部,43000440,武汉市武昌姚家岭揽投部,43000440,武汉市武昌姚家岭揽投部,C1101701193385,武汉李济堂商贸有限公司,91101194928680,武汉李济堂商贸有限公司-标快,1100245227420,武汉李济堂商贸有限公司(标快),商企类,贸易、消费品、调换货,零售、批发,,2026-04-17,04004306,黄振,,,04004306,黄振,0.0054,0.1951886793,116.65,0,0,0
802,420000,湖北省,420100,武汉市,420106,武昌区,43000600,湖北省寄递事业部,43001800,武汉市寄递事业部,43006300,武汉市武昌区寄递事业部,43000440,武汉市武昌姚家岭揽投部,43000440,武汉市武昌姚家岭揽投部,C1101705069965,湖北金卫律师事务所,91101207900977,湖北金卫律师事务所,1100246865610,湖北金卫律师事务所(标快),商企类,商业服务类,专业服务、咨询（财会、法律、人力资源等）,,2026-06-29,03909219,刘刚,,,03909219,刘刚,0.0001,0.0011320755,0.1,0,0,0
803,420000,湖北省,420100,武汉市,420106,武昌区,43000600,湖北省寄递事业部,43001800,武汉市寄递事业部,43006300,武汉市武昌区寄递事业部,43000440,武汉市武昌姚家岭揽投部,43000440,武汉市武昌姚家岭揽投部,C1101816892726,武汉御曼餐饮服务有限公司,91100958591661,武汉御曼餐饮服务有限公司,1100172626848,武汉御曼餐饮服务有限公司(标快),商企类,商业服务类,酒店餐饮,普通,2023-09-20,04004308,袁玉林,,,,,0,0,0,0.0002,0.0036710663,4.7
804,420000,湖北省,420100,武汉市,420106,武昌区,43000600,湖北省寄递事业部,43001800,武汉市寄递事业部,43006300,武汉市武昌区寄递事业部,43000440,武汉市武昌姚家岭揽投部,43000440,武汉市武昌姚家岭揽投部,C1103743128640,湖北崇美律师事务所,91101095456057,湖北崇美律师事务所,1100215532886,湖北崇美律师事务所(标快),商企类,商业服务类,专业服务、咨询（财会、法律、人力资源等）,普通,2025-03-25,04143897,胡冠行,,,,,0,0,0,0.0056,0.0600098219,9.38
805,420000,湖北省,420100,武汉市,420106,武昌区,43000600,湖北省寄递事业部,43001800,武汉市寄递事业部,43006300,武汉市武昌区寄递事业部,43000440,武汉市武昌姚家岭揽投部,43000440,武汉市武昌姚家岭揽投部,C1104152936170,上海保利物业酒店管理集团有限公司武汉商业分公司,91101178985854,上海保利物业酒店管理集团有限公司武汉商业分公司,1100243458749,上海保利物业酒店管理集团有限公司武汉商业分公司(标快),商企类,房产建筑,物业管理、商业中心,,2026-02-14,03909219,刘刚,,,03909219,刘刚,0.0011,0.0154716982,9.15,0,0,0
808,420000,湖北省,420100,武汉市,420106,武昌区,43000600,湖北省寄递事业部,43001800,武汉市寄递事业部,43006300,武汉市武昌区寄递事业部,43006005,武汉市武昌彭刘杨揽投部,43006005,武汉市武昌彭刘杨揽投部,C0000000529332,中国工商银行股份有限公司湖北省分行,81100412349410,工商银行湖北省分行-线上线下,1100066311357,中国工商银行股份有限公司湖北省分行(线上线下),商企类,金融类,行政办公,铂金,2020-09-21,03220951,杨思思,4012401716,王聪,,,0,0,0,0.0009,0.009050372,0.9
809,420000,湖北省,420100,武汉市,420106,武昌区,43000600,湖北省寄递事业部,43001800,武汉市寄递事业部,43006300,武汉市武昌区寄递事业部,43006005,武汉市武昌彭刘杨揽投部,43006005,武汉市武昌彭刘杨揽投部,C0000005049075,银联商务股份有限公司湖北分公司,91101090914949,银联商务股份有限公司湖北分公司-运营部,1100213687706,银联商务股份有限公司湖北分公司(特快专递),商企类,金融类,其他,白银,2025-02-28,03881837,敖茜,,,,,0,0,0,0.0004,0.0045604293,23.2
810,420000,湖北省,420100,武汉市,420106,武昌区,43000600,湖北省寄递事业部,43001800,武汉市寄递事业部,43006300,武汉市武昌区寄递事业部,43006005,武汉市武昌彭刘杨揽投部,43006005,武汉市武昌彭刘杨揽投部,C0000005411034,长江证券股份有限公司武汉彭刘杨路证券营业部,90000007033171,长江证券股份有限公司武汉彭刘杨路证券营业部,1030001194324,长江证券股份有限公司武汉彭刘杨路证券营业部(标快),商企类,金融类,基金、证券、期货、投资,普通,2016-07-14,04108679,王聪,4012401716,王聪,,,0,0,0,0.0002,0.0018867924,0.2
811,420000,湖北省,420100,武汉市,420106,武昌区,43000600,湖北省寄递事业部,43001800,武汉市寄递事业部,43006300,武汉市武昌区寄递事业部,43006005,武汉市武昌彭刘杨揽投部,43006005,武汉市武昌彭刘杨揽投部,C0000006530318,中国光大银行股份有限公司武汉分行,80000002317812,中国光大银行股份有限公司武汉分行-办公室,1100037236069,中国光大银行股份有限公司武汉分行(标快),商企类,金融类,其他,白银,2019-09-25,01610802,刘涛,4012401716,王聪,,,0,0,0,0.0012,0.0129768039,1.2
812,420000,湖北省,420100,武汉市,420106,武昌区,43000600,湖北省寄递事业部,43001800,武汉市寄递事业部,43006300,武汉市武昌区寄递事业部,43006005,武汉市武昌彭刘杨揽投部,43006005,武汉市武昌彭刘杨揽投部,C0000006547440,中国中信金融资产管理股份有限公司湖北省分公司,80000002307709,中信金融-华融资产天合大厦,1030000948397,中国中信金融资产管理股份有限公司湖北省分公司,商企类,商业服务类,其他,白银,2015-11-23,04033738,田锦,4012401716,王聪,,,0,0,0,0.0019,0.0184765443,1.9
813,420000,湖北省,420100,武汉市,420106,武昌区,43000600,湖北省寄递事业部,43001800,武汉市寄递事业部,43006300,武汉市武昌区寄递事业部,43006005,武汉市武昌彭刘杨揽投部,43006005,武汉市武昌彭刘杨揽投部,C0000008021630,上海浦东发展银行股份有限公司武汉分行,80000003400085,上海浦东发展银行股份有限公司武汉分行-浦发银行彭刘杨支行复兴路网点,1100053663274,上海浦东发展银行股份有限公司武汉分行(浦发银行彭刘杨支行复兴路网点),商企类,金融类,其他,白银,2020-06-04,01611747,刘俊,4012401716,王聪,01611747,刘俊,0.007,0.1096226422,159.185,0.0014,0.0249298943,21.02
814,420000,湖北省,420100,武汉市,420106,武昌区,43000600,湖北省寄递事业部,43001800,武汉市寄递事业部,43006300,武汉市武昌区寄递事业部,43006005,武汉市武昌彭刘杨揽投部,43006005,武汉市武昌彭刘杨揽投部,C1100099476625,中信银行股份有限公司武汉分行,91101068738555,中信银行股份有限公司武汉分行-江汉2,1100207412198,中信银行股份有限公司武汉分行(美签3),商企类,金融类,其他,黄金,2024-12-06,03736715,陈磊,,,,,0,0,0,0.0001,0.000754717,0.1
815,420000,湖北省,420100,武汉市,420106,武昌区,43000600,湖北省寄递事业部,43001800,武汉市寄递事业部,43006300,武汉市武昌区寄递事业部,43006005,武汉市武昌彭刘杨揽投部,43006005,武汉市武昌彭刘杨揽投部,C1100498953145,湖北银行业保险业纠纷调解中心,91100611666042,湖北银行业保险业纠纷调解中心-办公室,1100102592360,湖北银行业保险业纠纷调解中心(标快),商企类,金融类,其他,白银,2021-12-27,04110711,李必武,4010192889,李必武,,,0,0,0,0.0028,0.0276259297,5.2
816,420000,湖北省,420100,武汉市,420106,武昌区,43000600,湖北省寄递事业部,43001800,武汉市寄递事业部,43006300,武汉市武昌区寄递事业部,43006005,武汉市武昌彭刘杨揽投部,43006005,武汉市武昌彭刘杨揽投部,C1100566439375,湖北益丰大药房连锁有限公司,91100973091955,湖北益丰大药房连锁有限公司,1100212142778,湖北益丰大药房连锁有限公司(特快),商企类,医药类,药品销售,普通,2025-02-06,01612922,张国华,,,,,0,0,0,0.0003,0.0024262507,1.2
817,420000,湖北省,420100,武汉市,420106,武昌区,43000600,湖北省寄递事业部,43001800,武汉市寄递事业部,43006300,武汉市武昌区寄递事业部,43006005,武汉市武昌彭刘杨揽投部,43006005,武汉市武昌彭刘杨揽投部,C1100716599155,湖北省创新人力资源服务中心有限公司,80000002291655,创新人力-湖北省创新人力资源服务中心有限公司（标快）,1030001687174,创新人力(湖北省创新人力资源服务中心有限公司),商企类,商业服务类,其他,白银,2015-11-23,03961591,李炜,4010192889,李必武,,,0,0,0,0.0011,0.0126899086,1.1
818,420000,湖北省,420100,武汉市,420106,武昌区,43000600,湖北省寄递事业部,43001800,武汉市寄递事业部,43006300,武汉市武昌区寄递事业部,43006005,武汉市武昌彭刘杨揽投部,43006005,武汉市武昌彭刘杨揽投部,C1100889500596,挑食猫网络科技（武汉）有限公司,91100843444368,挑食猫网络科技（武汉）有限公司,1100128418129,挑食猫(网络科技（武汉）有限公司),商企类,生鲜特产,其他类,白银,2022-09-19,01611773,王飞,4003360114,王飞,,,0,0,0,0.0173,0.0734897483,199.089
819,420000,湖北省,420100,武汉市,420106,武昌区,43000600,湖北省寄递事业部,43001800,武汉市寄递事业部,43006300,武汉市武昌区寄递事业部,43006005,武汉市武昌彭刘杨揽投部,43006005,武汉市武昌彭刘杨揽投部,C1100890834037,招商银行股份有限公司武汉积玉桥支行,91101077212877,招商银行股份有限公司武汉积玉桥支行,1100208464006,招商银行股份有限公司武汉积玉桥支行(标快),商企类,金融类,行政办公,白银,2024-12-24,04108679,王聪,,,,,0,0,0,0.0006,0.0066037735,9.9
822,420000,湖北省,420100,武汉市,420106,武昌区,43000600,湖北省寄递事业部,43001800,武汉市寄递事业部,43006300,武汉市武昌区寄递事业部,43006005,武汉市武昌彭刘杨揽投部,43006005,武汉市武昌彭刘杨揽投部,C1101106922609,武汉振达物流有限公司,91100923402563,武汉振达物流有限公司,1100154348782,振达物流(武汉振达物流有限公司),商企类,交通运输、物流仓储,交通运输,白银,2023-05-19,04108679,王聪,,,,,0,0,0,0.0092,0.0654507894,335.44
823,420000,湖北省,420100,武汉市,420106,武昌区,43000600,湖北省寄递事业部,43001800,武汉市寄递事业部,43006300,武汉市武昌区寄递事业部,43006005,武汉市武昌彭刘杨揽投部,43006005,武汉市武昌彭刘杨揽投部,P1100410883590,中国光大银行股份有限公司武汉分行（个贷到付）,81100367912358,中国光大银行股份有限公司武汉分行（个贷到付）,1100059143228,中国光大银行股份有限公司武汉分行（个贷到付),商企类,金融类,其他,普通,2020-07-22,03941538,周文,,,,,0,0,0,0,-0.0009433962,0
824,420000,湖北省,420100,武汉市,420106,武昌区,43000600,湖北省寄递事业部,43001800,武汉市寄递事业部,43006300,武汉市武昌区寄递事业部,43006010,武汉市武昌滨江商务区揽投部,43006010,武汉市武昌滨江商务区揽投部,C0000000223984,锐珂亚太投资管理（上海）有限公司,80000002289854,锐珂亚太投资管理（上海）有限公司-锐柯亚太投资有限公司,1030001762459,锐珂亚太投资管理（上海）有限公司(标快),商企类,生鲜特产,其他类,普通,2015-11-23,01611764,邓万松,4012401378,郭眈,01611764,邓万松,0.0016,0.0244528308,3.95,0.0024,0.0354833656,3.8
825,420000,湖北省,420100,武汉市,420106,武昌区,43000600,湖北省寄递事业部,43001800,武汉市寄递事业部,43006300,武汉市武昌区寄递事业部,43006010,武汉市武昌滨江商务区揽投部,43006010,武汉市武昌滨江商务区揽投部,C0000000318327,上海一诺银华服务外包有限公司,91100907347541,上海一诺银华服务外包有限公司-银华服务外包有限公司武汉分公司,1100149542085,上海一诺银华服务外包有限公司(武汉分公司),商企类,生鲜特产,其他类,白银,2023-03-22,04271814,胡亚,,,04271814,胡亚,0.1457,0.7878207458,803.05,0.1093,0.5228851117,218.6
826,420000,湖北省,420100,武汉市,420106,武昌区,43000600,湖北省寄递事业部,43001800,武汉市寄递事业部,43006300,武汉市武昌区寄递事业部,43006010,武汉市武昌滨江商务区揽投部,43006010,武汉市武昌滨江商务区揽投部,C0000000464396,岛津企业管理（中国）有限公司,90000008466352,岛津企业管理（中国）有限公司-武汉分公司,1100069208568,岛津企业管理（中国）有限公司(武汉分公司),商企类,商业服务类,专业服务、咨询（财会、法律、人力资源等）,普通,2020-10-20,01611764,邓万松,5022400750,胡亚,01611764,邓万松,0.0012,0.0283962264,14.5,0.0007,0.0156896747,4.8
827,420000,湖北省,420100,武汉市,420106,武昌区,43000600,湖北省寄递事业部,43001800,武汉市寄递事业部,43006300,武汉市武昌区寄递事业部,43006010,武汉市武昌滨江商务区揽投部,43006010,武汉市武昌滨江商务区揽投部,C0000000539197,国家开发银行湖北省分行,80000002274195,国家开发银行湖北省分行-办公室,1030000914738,国家开发银行湖北省分行(标快),商企类,金融类,行政办公,黄金,2015-11-23,03322049,蔡斌,4010161357,薛亚军,03322049,蔡斌,0.0479,0.5552830209,56.97,0.0652,0.7210897661,68.04
828,420000,湖北省,420100,武汉市,420106,武昌区,43000600,湖北省寄递事业部,43001800,武汉市寄递事业部,43006300,武汉市武昌区寄递事业部,43006010,武汉市武昌滨江商务区揽投部,43006010,武汉市武昌滨江商务区揽投部,C0000002731407,北京大麦文化传媒发展有限公司,80000002291262,北京大麦文化传媒发展有限公司-北京大麦文化传媒发展有限公司（武汉）,1100030031548,北京大麦文化传媒发展有限公司(标快),商企类,传媒、娱乐、体育、旅游,演艺票务寄递,钻石,2019-05-28,03909250,尹志伟,4009134478,尹志伟,03909250,尹志伟,2.8709,16.3900933330001,1378.23,1.895,11.5132079448,900.95
829,420000,湖北省,420100,武汉市,420106,武昌区,43000600,湖北省寄递事业部,43001800,武汉市寄递事业部,43006300,武汉市武昌区寄递事业部,43006010,武汉市武昌滨江商务区揽投部,43006010,武汉市武昌滨江商务区揽投部,C0000003543656,妮维雅（上海）有限公司,91100566949999,妮维雅（上海）有限公司-办公室,1100094616132,妮维雅（上海）有限公司(标快),商企类,贸易、消费品、调换货,零售、批发,普通,2021-08-18,01611764,邓万松,5022400750,胡亚,01611764,邓万松,0.0025,0.0609433965,39.4,0.0012,0.0549608361,43.75
830,420000,湖北省,420100,武汉市,420106,武昌区,43000600,湖北省寄递事业部,43001800,武汉市寄递事业部,43006300,武汉市武昌区寄递事业部,43006010,武汉市武昌滨江商务区揽投部,43006010,武汉市武昌滨江商务区揽投部,C0000004047094,湖北万方国际经贸合作有限公司,91100929107123,湖北万方国际经贸合作有限公司,1100157462445,万方国际(湖北万方国际经贸合作有限公司),商企类,商业服务类,专业服务、咨询（财会、法律、人力资源等）,普通,2023-06-09,04108663,廖炜凯,,,,,0,0,0,0.0006,0.0064101524,0.6
831,420000,湖北省,420100,武汉市,420106,武昌区,43000600,湖北省寄递事业部,43001800,武汉市寄递事业部,43006300,武汉市武昌区寄递事业部,43006010,武汉市武昌滨江商务区揽投部,43006010,武汉市武昌滨江商务区揽投部,C0000006530318,中国光大银行股份有限公司武汉分行,80000002317812,中国光大银行股份有限公司武汉分行-办公室,1100037236069,中国光大银行股份有限公司武汉分行(标快),商企类,金融类,其他,白银,2019-09-25,04108686,童佳欣,4012401378,郭眈,04108686,童佳欣,0.0025,0.0625471698,124.45,0.0023,0.027319932,16.25
832,420000,湖北省,420100,武汉市,420106,武昌区,43000600,湖北省寄递事业部,43001800,武汉市寄递事业部,43006300,武汉市武昌区寄递事业部,43006010,武汉市武昌滨江商务区揽投部,43006010,武汉市武昌滨江商务区揽投部,C0000006875219,缆普电缆（上海）有限公司,80000002243933,缆普电缆（上海）有限公司-武汉,1030002308232,缆普电缆（上海）有限公司(标快),商企类,IT通讯类,消费电子,普通,2015-11-23,04271814,胡亚,4009134478,尹志伟,,,0,0,0,0.0001,0.0019729531,0.1
833,420000,湖北省,420100,武汉市,420106,武昌区,43000600,湖北省寄递事业部,43001800,武汉市寄递事业部,43006300,武汉市武昌区寄递事业部,43006010,武汉市武昌滨江商务区揽投部,43006010,武汉市武昌滨江商务区揽投部,C0000008719926,中国人寿财产保险股份有限公司武汉市中心支公司,91101054274825,中国人寿财产保险股份有限公司武汉市中心支公司-办公室,1100200989011,中国人寿财产保险股份有限公司武汉市中心支公司(标快),商企类,金融类,行政办公,普通,2024-09-18,01610898,胡莹,,,01610898,胡莹,0.0051,0.0558490561,8.2,0.0061,0.0803541619,3.52
836,420000,湖北省,420100,武汉市,420106,武昌区,43000600,湖北省寄递事业部,43001800,武汉市寄递事业部,43006300,武汉市武昌区寄递事业部,43006010,武汉市武昌滨江商务区揽投部,43006010,武汉市武昌滨江商务区揽投部,C0000009440816,西藏多瑞医药股份有限公司,91101062563207,西藏多瑞医药有限公司-办公室,1100204831763,西藏多瑞医药有限公司(标快),商企类,医药类,药品销售,普通,2024-11-05,01610898,胡莹,,,,,0,0,0,0.0006,0.0086465295,1.2
837,420000,湖北省,420100,武汉市,420106,武昌区,43000600,湖北省寄递事业部,43001800,武汉市寄递事业部,43006300,武汉市武昌区寄递事业部,43006010,武汉市武昌滨江商务区揽投部,43006010,武汉市武昌滨江商务区揽投部,C1100099476625,中信银行股份有限公司武汉分行,91101068738555,中信银行股份有限公司武汉分行-江汉2,1100207412198,中信银行股份有限公司武汉分行(美签3),商企类,金融类,其他,黄金,2024-12-06,03736715,陈磊,,,,,0,0,0,0.0004,0.003018868,0.5
838,420000,湖北省,420100,武汉市,420106,武昌区,43000600,湖北省寄递事业部,43001800,武汉市寄递事业部,43006300,武汉市武昌区寄递事业部,43006010,武汉市武昌滨江商务区揽投部,43006010,武汉市武昌滨江商务区揽投部,C1100104599729,华电湖北发电有限公司,91100106065538,华电湖北发电有限公司,1030001215665,华电湖北发电有限公司(华电湖北发电有限公司),商企类,能源、矿产、环保,电气、电力、煤气、水利,普通,2019-03-27,04271814,胡亚,4009134478,尹志伟,04271814,胡亚,0.0058,0.0823584911,24.3,0.0031,0.0907047338,25
839,420000,湖北省,420100,武汉市,420106,武昌区,43000600,湖北省寄递事业部,43001800,武汉市寄递事业部,43006300,武汉市武昌区寄递事业部,43006010,武汉市武昌滨江商务区揽投部,43006010,武汉市武昌滨江商务区揽投部,C1100400678951,湖北楚农家粮油产业股份有限公司,91100357167966,湖北楚农家粮油产业股份有限公司,1100078578311,楚农家(湖北楚农家粮油产业股份有限公司),商企类,生鲜特产,其他类,黄金,2021-01-18,01610898,胡莹,,,,,0,0,0,0.1438,0.7520953277,6747.47
840,420000,湖北省,420100,武汉市,420106,武昌区,43000600,湖北省寄递事业部,43001800,武汉市寄递事业部,43006300,武汉市武昌区寄递事业部,43006010,武汉市武昌滨江商务区揽投部,43006010,武汉市武昌滨江商务区揽投部,C1100515094141,华电湖北发电有限公司新能源分公司,91100475292797,华电湖北发电有限公司新能源分公司,1100078090512,华电新能源(华电湖北发电有限公司新能源分公司),商企类,生鲜特产,其他类,普通,2021-01-13,04271814,胡亚,4009134478,尹志伟,04271814,胡亚,0.0063,0.0881132083,81.4,0.0054,0.0651541867,14.3
841,420000,湖北省,420100,武汉市,420106,武昌区,43000600,湖北省寄递事业部,43001800,武汉市寄递事业部,43006300,武汉市武昌区寄递事业部,43006010,武汉市武昌滨江商务区揽投部,43006010,武汉市武昌滨江商务区揽投部,C1100566439375,湖北益丰大药房连锁有限公司,91100973091955,湖北益丰大药房连锁有限公司,1100212142778,湖北益丰大药房连锁有限公司(特快),商企类,医药类,药品销售,普通,2025-02-06,01612922,张国华,,,,,0,0,0,0.0001,0.0005660377,0.08
842,420000,湖北省,420100,武汉市,420106,武昌区,43000600,湖北省寄递事业部,43001800,武汉市寄递事业部,43006300,武汉市武昌区寄递事业部,43006010,武汉市武昌滨江商务区揽投部,43006010,武汉市武昌滨江商务区揽投部,C1100566446171,湖北省联投城市发展有限公司,91100880422747,湖北省联投城市发展有限公司,1100228703802,湖北省联投城市发展有限公司(标快),商企类,房产建筑,房地产、建筑建材、工程,,2025-09-02,04271814,胡亚,,,04271814,胡亚,0.0012,0.0131132075,1.2,0,0,0
843,420000,湖北省,420100,武汉市,420106,武昌区,43000600,湖北省寄递事业部,43001800,武汉市寄递事业部,43006300,武汉市武昌区寄递事业部,43006010,武汉市武昌滨江商务区揽投部,43006010,武汉市武昌滨江商务区揽投部,C1100605264566,湖北捷岛科学仪器有限公司,91100561093646,湖北捷岛科学仪器有限公司,1100093972642,湖北捷岛科学仪器有限公司(标快),商企类,生产加工制造业,加工制造,普通,2021-08-05,04271814,胡亚,5022400750,胡亚,04271814,胡亚,0.0005,0.0067924529,5.6,0.0012,0.0158814695,5.55
844,420000,湖北省,420100,武汉市,420106,武昌区,43000600,湖北省寄递事业部,43001800,武汉市寄递事业部,43006300,武汉市武昌区寄递事业部,43006010,武汉市武昌滨江商务区揽投部,43006010,武汉市武昌滨江商务区揽投部,C1100614753075,长江沿岸铁路集团股份有限公司,91100570704410,长江沿岸铁路集团股份有限公司,1100095285292,长江沿岸铁路集团股份有限公司(标快),商企类,交通运输、物流仓储,交通运输,普通,2021-08-27,04271814,胡亚,5022400750,胡亚,04271814,胡亚,0.0018,0.0272641512,12.26,0.0016,0.0265017309,10.44
845,420000,湖北省,420100,武汉市,420106,武昌区,43000600,湖北省寄递事业部,43001800,武汉市寄递事业部,43006300,武汉市武昌区寄递事业部,43006010,武汉市武昌滨江商务区揽投部,43006010,武汉市武昌滨江商务区揽投部,C1100644298241,武汉威斯汀酒店管理有限公司富力威斯汀酒店分公司,91100598363253,武汉威斯汀酒店管理有限公司富力威斯汀酒店分公司,1100100967836,富力威斯汀(武汉威斯汀酒店管理有限公司富力威斯汀酒店分公司),商企类,商业服务类,酒店餐饮,普通,2021-11-22,01611764,邓万松,5022400750,胡亚,01611764,邓万松,0.002,0.0331132076,5.5,0.0023,0.0356421585,3
846,420000,湖北省,420100,武汉市,420106,武昌区,43000600,湖北省寄递事业部,43001800,武汉市寄递事业部,43006300,武汉市武昌区寄递事业部,43006010,武汉市武昌滨江商务区揽投部,43006010,武汉市武昌滨江商务区揽投部,C1100686181451,台湾土地银行股份有限公司武汉分行,91100638615001,台湾土地银行股份有限公司武汉分行,1100108207156,台湾土地银行(股份有限公司武汉分行),商企类,金融类,基金、证券、期货、投资,普通,2022-02-25,04271814,胡亚,4009134478,尹志伟,,,0,0,0,0.0001,0.0019729531,0.5
847,420000,湖北省,420100,武汉市,420106,武昌区,43000600,湖北省寄递事业部,43001800,武汉市寄递事业部,43006300,武汉市武昌区寄递事业部,43006010,武汉市武昌滨江商务区揽投部,43006010,武汉市武昌滨江商务区揽投部,C1100688235082,武汉聚诺科技有限公司,91101189864885,武汉聚诺科技有限公司-武昌,1100244504124,武汉聚诺科技有限公司(标快),商企类,IT通讯类,IT服务类,,2026-03-23,04271814,胡亚,,,04271814,胡亚,0.008,0.1054622609,9.75,0,0,0
848,420000,湖北省,420100,武汉市,420106,武昌区,43000600,湖北省寄递事业部,43001800,武汉市寄递事业部,43006300,武汉市武昌区寄递事业部,43006010,武汉市武昌滨江商务区揽投部,43006010,武汉市武昌滨江商务区揽投部,C1100695063438,武汉金白鹤医疗器械有限公司,91100646807531,武汉金白鹤医疗器械有限公司,1100109888398,武汉金白鹤医疗器械有限公司(标快),商企类,医药类,药品生产、医疗器械,普通,2022-03-18,04271814,胡亚,4009134478,尹志伟,04271814,胡亚,0.0018,0.0163867924,2,0.0015,0.0136624631,1.5
849,420000,湖北省,420100,武汉市,420106,武昌区,43000600,湖北省寄递事业部,43001800,武汉市寄递事业部,43006300,武汉市武昌区寄递事业部,43006010,武汉市武昌滨江商务区揽投部,43006010,武汉市武昌滨江商务区揽投部,C1100715777141,恒丰银行股份有限公司武汉分行,80000009444427,恒丰银行股份有限公司武汉分行-恒丰银行股份有限公司武汉分行（标快）,1100036783638,恒丰银行股份有限公司武汉分行(恒丰银行股份有限公司武汉分行),商企类,金融类,其他,普通,2019-09-20,04271814,胡亚,5022400750,胡亚,04271814,胡亚,0.0021,0.0226792458,3.95,0.003,0.0317736548,2.8
850,420000,湖北省,420100,武汉市,420106,武昌区,43000600,湖北省寄递事业部,43001800,武汉市寄递事业部,43006300,武汉市武昌区寄递事业部,43006010,武汉市武昌滨江商务区揽投部,43006010,武汉市武昌滨江商务区揽投部,C1100715796906,武汉华辉医疗设备有限公司,91100664851552,武汉华辉医疗设备有限公司,1100116143705,华辉医疗(武汉华辉医疗设备有限公司),商企类,医药类,药品生产、医疗器械,普通,2022-06-08,01611764,邓万松,4009134478,尹志伟,01611764,邓万松,0.0031,0.0646792452,63,0.0051,0.0988561196,96.85
851,420000,湖北省,420100,武汉市,420106,武昌区,43000600,湖北省寄递事业部,43001800,武汉市寄递事业部,43006300,武汉市武昌区寄递事业部,43006010,武汉市武昌滨江商务区揽投部,43006010,武汉市武昌滨江商务区揽投部,C1100928597394,武汉联瑞发房地产开发有限公司,91100874147890,武汉联瑞发房地产开发有限公司,1100138579050,武汉联瑞发房地产开发有限公司(标快),商企类,房产建筑,房地产、建筑建材、工程,白银,2022-12-14,04271814,胡亚,5022400750,胡亚,04271814,胡亚,0.0024,0.0246226412,2.4,0.0037,0.0354576759,3.06
852,420000,湖北省,420100,武汉市,420106,武昌区,43000600,湖北省寄递事业部,43001800,武汉市寄递事业部,43006300,武汉市武昌区寄递事业部,43006010,武汉市武昌滨江商务区揽投部,43006010,武汉市武昌滨江商务区揽投部,C1100942209806,华电湖北新能源有限公司,91101206523191,华电湖北新能源有限公司-标快,1100246688815,华电湖北新能源有限公司(标快),商企类,能源、矿产、环保,能源、矿产、采掘、冶炼,,2026-06-23,04271814,胡亚,,,04271814,胡亚,0.0002,0.0039622642,0.8,0,0,0
855,420000,湖北省,420100,武汉市,420106,武昌区,43000600,湖北省寄递事业部,43001800,武汉市寄递事业部,43006300,武汉市武昌区寄递事业部,43006010,武汉市武昌滨江商务区揽投部,43006010,武汉市武昌滨江商务区揽投部,C1101151589822,快宝(上海)网络技术有限公司,91101016932925,快宝(上海)网络技术有限公司-快宝上门取件武汉市,1100189814441,快宝(上海)网络技术有限公司(上海)网络技术有限公司(快宝上门取件武汉市),商企类,退换货（商企）,快宝退换货（商企）,普通,2024-04-10,"03916800,03881828","徐玉婷,申莉莉",,,03916800,徐玉婷,0.0004,0.0062264152,0.35,0,0,0
856,420000,湖北省,420100,武汉市,420106,武昌区,43000600,湖北省寄递事业部,43001800,武汉市寄递事业部,43006300,武汉市武昌区寄递事业部,43006010,武汉市武昌滨江商务区揽投部,43006010,武汉市武昌滨江商务区揽投部,C1101444746585,武汉恬逸阁医疗器械有限公司,91101028015841,武汉恬逸阁医疗器械有限公司-标快,1100192716198,武汉恬逸阁医疗器械有限公司(标快),商企类,医药类,药品生产、医疗器械,白银,2024-05-27,04271814,胡亚,,,,,0,0,0,0.0332,0.1314357982,382.53
857,420000,湖北省,420100,武汉市,420106,武昌区,43000600,湖北省寄递事业部,43001800,武汉市寄递事业部,43006300,武汉市武昌区寄递事业部,43006010,武汉市武昌滨江商务区揽投部,43006010,武汉市武昌滨江商务区揽投部,C1101480849411,湖北腾翔园林古建有限公司,91100990311331,湖北腾翔园林古建有限公司-（武昌）,1100182744637,湖北腾翔园林古建有限公司,商企类,房产建筑,房地产、建筑建材、工程,普通,2024-01-05,04271814,胡亚,5022400750,胡亚,04271814,胡亚,0.0017,0.024150944,1.358,0.0021,0.0310661507,1.05
858,420000,湖北省,420100,武汉市,420106,武昌区,43000600,湖北省寄递事业部,43001800,武汉市寄递事业部,43006300,武汉市武昌区寄递事业部,43006010,武汉市武昌滨江商务区揽投部,43006010,武汉市武昌滨江商务区揽投部,C1101482629947,诚通人力资源有限公司武汉分公司,91101059339800,诚通人力资源有限公司武汉分公司,1100203455922,诚通人力资源有限公司武汉分公司(标快),商企类,商业服务类,专业服务、咨询（财会、法律、人力资源等）,普通,2024-10-18,01610898,胡莹,,,,,0,0,0,0.0002,0.0026306041,0.1
859,420000,湖北省,420100,武汉市,420106,武昌区,43000600,湖北省寄递事业部,43001800,武汉市寄递事业部,43006300,武汉市武昌区寄递事业部,43006010,武汉市武昌滨江商务区揽投部,43006010,武汉市武昌滨江商务区揽投部,C1101521764581,艾睿（中国）电子贸易有限公司武汉分公司,91101034111441,艾睿（中国）电子贸易有限公司武汉分公司,1100194577724,艾睿（中国）电子贸易有限公司武汉分公司(标快),商企类,IT通讯类,消费电子,普通,2024-06-25,04271814,胡亚,,,,,0,0,0,0.0003,0.0041001212,1.4
860,420000,湖北省,420100,武汉市,420106,武昌区,43000600,湖北省寄递事业部,43001800,武汉市寄递事业部,43006300,武汉市武昌区寄递事业部,43006010,武汉市武昌滨江商务区揽投部,43006010,武汉市武昌滨江商务区揽投部,C1101626470840,湖北德纳法权信息科技有限公司,91101079024263,湖北德纳法权信息科技有限公司,1100210464133,湖北德纳法权信息科技有限公司(标快),商企类,IT通讯类,IT服务类,普通,2025-01-03,04271814,胡亚,,,,,0,0,0,0.011,0.0662252187,22.6
861,420000,湖北省,420100,武汉市,420106,武昌区,43000600,湖北省寄递事业部,43001800,武汉市寄递事业部,43006300,武汉市武昌区寄递事业部,43006010,武汉市武昌滨江商务区揽投部,43006010,武汉市武昌滨江商务区揽投部,C1101974714229,湖北崛郡科技有限公司,91100992868420,湖北崛郡科技有限公司,1100183480714,崛郡科技(湖北崛郡科技有限公司),商企类,生鲜特产,其他类,铂金,2024-01-15,01611764,邓万松,4012401378,郭眈,01611764,邓万松,0.6077,5.4527264902,3304.65,0.4709,4.93089010229999,4830.921
862,420000,湖北省,420100,武汉市,420106,武昌区,43000600,湖北省寄递事业部,43001800,武汉市寄递事业部,43006300,武汉市武昌区寄递事业部,43006010,武汉市武昌滨江商务区揽投部,43006010,武汉市武昌滨江商务区揽投部,C1102007845233,重庆医药集团湖北力天世纪药业有限公司,91101005512703,重庆医药集团湖北力天世纪药业有限公司,1100186498187,力天世纪(重庆医药集团湖北力天世纪药业有限公司),商企类,医药类,药品销售,普通,2024-02-29,04271814,胡亚,,,04271814,胡亚,0.0037,0.0303773586,23.73,0.0109,0.0862024423,25.9
863,420000,湖北省,420100,武汉市,420106,武昌区,43000600,湖北省寄递事业部,43001800,武汉市寄递事业部,43006300,武汉市武昌区寄递事业部,43006010,武汉市武昌滨江商务区揽投部,43006010,武汉市武昌滨江商务区揽投部,C1102094035689,湖北时间种子生命科技有限公司,91101047738114,湖北时间种子生命科技有限公司,1100198294386,湖北时间种子生命科技有限公司(标快),商企类,贸易、消费品、调换货,零售、批发,普通,2024-08-23,04271814,胡亚,5022400750,胡亚,04271814,胡亚,0.0009,0.0074622639,1.8,0.0018,0.0202807515,18.7
864,420000,湖北省,420100,武汉市,420106,武昌区,43000600,湖北省寄递事业部,43001800,武汉市寄递事业部,43006300,武汉市武昌区寄递事业部,43006010,武汉市武昌滨江商务区揽投部,43006010,武汉市武昌滨江商务区揽投部,C1102196087049,武汉芈月禾财税咨询有限公司,91101099373666,武汉芈月禾财税咨询有限公司,1100216918290,武汉芈月禾财税咨询有限公司(标快),商企类,商业服务类,专业服务、咨询（财会、法律、人力资源等）,普通,2025-04-18,04271814,胡亚,,,,,0,0,0,0.0008,0.0065660379,6.8
865,420000,湖北省,420100,武汉市,420106,武昌区,43000600,湖北省寄递事业部,43001800,武汉市寄递事业部,43006300,武汉市武昌区寄递事业部,43006010,武汉市武昌滨江商务区揽投部,43006010,武汉市武昌滨江商务区揽投部,C1102210694028,湖北姝欣科技有限责任公司,91101114049103,湖北姝欣科技有限责任公司,1100221591798,湖北姝欣科技有限责任公司(标快),商企类,IT通讯类,IT服务类,,2025-07-03,04271814,胡亚,,,04271814,胡亚,0.0003,0.0024150944,2.7,0,0,0
866,420000,湖北省,420100,武汉市,420106,武昌区,43000600,湖北省寄递事业部,43001800,武汉市寄递事业部,43006300,武汉市武昌区寄递事业部,43006010,武汉市武昌滨江商务区揽投部,43006010,武汉市武昌滨江商务区揽投部,C1102329720333,北京冠领（武汉）律师事务所,91101094323262,北京冠领（武汉）律师事务所,1100214959956,北京冠领（武汉）律师事务所(标快),商企类,商业服务类,专业服务、咨询（财会、法律、人力资源等）,普通,2025-03-18,04271814,胡亚,,,,,0,0,0,0.008,0.123919767,19.85
867,420000,湖北省,420100,武汉市,420106,武昌区,43000600,湖北省寄递事业部,43001800,武汉市寄递事业部,43006300,武汉市武昌区寄递事业部,43006010,武汉市武昌滨江商务区揽投部,43006010,武汉市武昌滨江商务区揽投部,C1103121476703,湖北楚汉智链科技有限公司,91101131003887,湖北楚汉智链科技有限公司,1100229727539,湖北楚汉智链科技有限公司(电商标快),商企类,IT通讯类,IT服务类,,2025-09-10,04271814,胡亚,,,04271814,胡亚,0.0161,0.0815849068,35.5,0,0,0
868,420000,湖北省,420100,武汉市,420106,武昌区,43000600,湖北省寄递事业部,43001800,武汉市寄递事业部,43006300,武汉市武昌区寄递事业部,43006010,武汉市武昌滨江商务区揽投部,43006010,武汉市武昌滨江商务区揽投部,C1103265534527,武汉江之都法律咨询有限公司,91101099372654,武汉江之都法律咨询有限公司,1100216917176,武汉江之都法律咨询有限公司(标快),商企类,商业服务类,专业服务、咨询（财会、法律、人力资源等）,普通,2025-04-18,04271814,胡亚,,,,,0,0,0,0.0007,0.0090308982,1.3
869,420000,湖北省,420100,武汉市,420106,武昌区,43000600,湖北省寄递事业部,43001800,武汉市寄递事业部,43006300,武汉市武昌区寄递事业部,43006010,武汉市武昌滨江商务区揽投部,43006010,武汉市武昌滨江商务区揽投部,C1103423426668,湖北机场文化产业发展有限公司,91101062804306,湖北机场文化产业发展有限公司,1100204919311,湖北机场文化产业发展有限公司(标快),商企类,传媒、娱乐、体育、旅游,出版、影视、文化传播,普通,2024-11-06,01610898,胡莹,,,,,0,0,0,0.0004,0.0037735848,0.8
870,420000,湖北省,420100,武汉市,420106,武昌区,43000600,湖北省寄递事业部,43001800,武汉市寄递事业部,43006300,武汉市武昌区寄递事业部,43006010,武汉市武昌滨江商务区揽投部,43006010,武汉市武昌滨江商务区揽投部,C1103619499362,武汉国雁科技有限公司,91101068718520,武汉国雁科技有限公司,1100207382262,武汉国雁科技有限公司(标快),商企类,IT通讯类,消费电子,普通,2024-12-06,04271814,胡亚,,,04271814,胡亚,0.0001,0.0019811321,0.2,0.0004,0.006914731,2.8
871,420000,湖北省,420100,武汉市,420106,武昌区,43000600,湖北省寄递事业部,43001800,武汉市寄递事业部,43006300,武汉市武昌区寄递事业部,43006010,武汉市武昌滨江商务区揽投部,43006010,武汉市武昌滨江商务区揽投部,C1103751357755,湖北沐昇阳信息咨询有限公司,91101099082832,湖北沐昇阳信息咨询有限公司,1100216845862,湖北沐昇阳信息咨询有限公司(标快),商企类,商业服务类,专业服务、咨询（财会、法律、人力资源等）,普通,2025-04-17,04271814,胡亚,,,04271814,胡亚,0.0006,0.0076226417,1.1,0.0009,0.0112771336,1.8
872,420000,湖北省,420100,武汉市,420106,武昌区,43000600,湖北省寄递事业部,43001800,武汉市寄递事业部,43006300,武汉市武昌区寄递事业部,43006010,武汉市武昌滨江商务区揽投部,43006010,武汉市武昌滨江商务区揽投部,C1104202150354,武汉旻禾财税咨询有限公司,91101196725733,武汉旻禾财税咨询有限公司,1100245414642,武汉旻禾财税咨询有限公司(标快),商企类,金融类,行政办公,,2026-04-28,04271814,胡亚,,,04271814,胡亚,0.002,0.0261320757,77.195,0,0,0
873,420000,湖北省,420100,武汉市,420106,武昌区,43000600,湖北省寄递事业部,43001800,武汉市寄递事业部,43006300,武汉市武昌区寄递事业部,43006010,武汉市武昌滨江商务区揽投部,43006010,武汉市武昌滨江商务区揽投部,P1100410883590,中国光大银行股份有限公司武汉分行（个贷到付）,81100367912358,中国光大银行股份有限公司武汉分行（个贷到付）,1100059143228,中国光大银行股份有限公司武汉分行（个贷到付),商企类,金融类,其他,普通,2020-07-22,03941538,周文,,,,,0,0,0,0,-0.0009433962,0
874,420000,湖北省,420100,武汉市,420106,武昌区,43000600,湖北省寄递事业部,43001800,武汉市寄递事业部,43006300,武汉市武昌区寄递事业部,43006012,武汉市武昌积玉桥揽投部,43006012,武汉市武昌积玉桥揽投部,C0000000529332,中国工商银行股份有限公司湖北省分行,81100412349410,工商银行湖北省分行-线上线下,1100066311357,工商银行湖北省分行(线上线下),商企类,金融类,行政办公,铂金,2020-09-21,03220951,杨思思,4012401716,王聪,,,0,0,0,0.0118,0.1114605329,9.82
875,420000,湖北省,420100,武汉市,420106,武昌区,43000600,湖北省寄递事业部,43001800,武汉市寄递事业部,43006300,武汉市武昌区寄递事业部,43006012,武汉市武昌积玉桥揽投部,43006012,武汉市武昌积玉桥揽投部,C0000000532101,中国建设银行股份有限公司武汉钢城支行,91100342943131,中国建设银行股份有限公司武汉钢城支行,1100048864721,建设银行(中国建设银行股份有限公司武汉钢城支行),商企类,金融类,其他,白银,2020-05-09,03760907,付媛,,,,,0,0,0,0.0075,0.0732563159,7.5
876,420000,湖北省,420100,武汉市,420106,武昌区,43000600,湖北省寄递事业部,43001800,武汉市寄递事业部,43006300,武汉市武昌区寄递事业部,43006012,武汉市武昌积玉桥揽投部,43006012,武汉市武昌积玉桥揽投部,C0000005049075,银联商务股份有限公司湖北分公司,91101090914949,银联商务股份有限公司湖北分公司-运营部,1100213687706,银联商务股份有限公司湖北分公司(特快专递),商企类,金融类,其他,白银,2025-02-28,03881837,敖茜,,,,,0,0,0,0.0001,0.0010240696,1.6
877,420000,湖北省,420100,武汉市,420106,武昌区,43000600,湖北省寄递事业部,43001800,武汉市寄递事业部,43006300,武汉市武昌区寄递事业部,43006012,武汉市武昌积玉桥揽投部,43006012,武汉市武昌积玉桥揽投部,C0000005411034,长江证券股份有限公司武汉彭刘杨路证券营业部,90000007033171,长江证券股份有限公司武汉彭刘杨路证券营业部,1030001194324,长江证券股份有限公司武汉彭刘杨路证券营业部(标快),商企类,金融类,基金、证券、期货、投资,普通,2016-07-14,04108686,童佳欣,4012401716,王聪,04108686,童佳欣,0.001,0.0106603772,1,0.001,0.0119589318,3.5
878,420000,湖北省,420100,武汉市,420106,武昌区,43000600,湖北省寄递事业部,43001800,武汉市寄递事业部,43006300,武汉市武昌区寄递事业部,43006012,武汉市武昌积玉桥揽投部,43006012,武汉市武昌积玉桥揽投部,C0000006530318,中国光大银行股份有限公司武汉分行,80000002317812,中国光大银行股份有限公司武汉分行-办公室,1100037236069,中国光大银行股份有限公司武汉分行(标快),商企类,金融类,其他,白银,2019-09-25,04108686,童佳欣,4012401378,郭眈,04108686,童佳欣,0.0237,0.239905656,54.16,0.0097,0.1037636281,12.06
879,420000,湖北省,420100,武汉市,420106,武昌区,43000600,湖北省寄递事业部,43001800,武汉市寄递事业部,43006300,武汉市武昌区寄递事业部,43006012,武汉市武昌积玉桥揽投部,43006012,武汉市武昌积玉桥揽投部,C0000006547440,中国中信金融资产管理股份有限公司湖北省分公司,80000002307709,中信金融-华融资产天合大厦,1030000948397,中信金融(中国中信金融资产管理股份有限公司湖北省分公司),商企类,商业服务类,其他,白银,2015-11-23,04033738,田锦,4012401716,王聪,04033738,田锦,0.0139,0.1557547167,15.4,0.01,0.116223166,10
880,420000,湖北省,420100,武汉市,420106,武昌区,43000600,湖北省寄递事业部,43001800,武汉市寄递事业部,43006300,武汉市武昌区寄递事业部,43006012,武汉市武昌积玉桥揽投部,43006012,武汉市武昌积玉桥揽投部,C0000008021630,上海浦东发展银行股份有限公司武汉分行,80000003400085,上海浦东发展银行股份有限公司武汉分行-浦发银行彭刘杨支行复兴路网点,1100053663274,上海浦东发展银行股份有限公司武汉分行(浦发银行彭刘杨支行复兴路网点),商企类,金融类,其他,白银,2020-06-04,04108679,王聪,4012401716,王聪,,,0,0,0,0.006,0.0805658199,93.443
881,420000,湖北省,420100,武汉市,420106,武昌区,43000600,湖北省寄递事业部,43001800,武汉市寄递事业部,43006300,武汉市武昌区寄递事业部,43006012,武汉市武昌积玉桥揽投部,43006012,武汉市武昌积玉桥揽投部,C0000008219471,中国银行股份有限公司武汉武昌支行,80000009743373,中行武昌支行-J中国银行武昌支行,1030002343949,中行武昌支行(中国银行武昌支行),商企类,金融类,其他,白银,2017-10-26,04110711,李必武,4010192889,李必武,04110711,李必武,0.0001,0.0009433962,0.1,0,0,0
883,420000,湖北省,420100,武汉市,420106,武昌区,43000600,湖北省寄递事业部,43001800,武汉市寄递事业部,43006300,武汉市武昌区寄递事业部,43006012,武汉市武昌积玉桥揽投部,43006012,武汉市武昌积玉桥揽投部,C1100064890751,宝城期货有限责任公司武汉营业部,91100066145228,宝城期货有限责任公司武汉营业部,1030002027139,宝城期货有限责任公司武汉营业部(标快),商企类,金融类,基金、证券、期货、投资,普通,2019-01-10,04110711,李必武,4010192889,李必武,,,0,0,0,0.0004,0.0078918124,0.4
884,420000,湖北省,420100,武汉市,420106,武昌区,43000600,湖北省寄递事业部,43001800,武汉市寄递事业部,43006300,武汉市武昌区寄递事业部,43006012,武汉市武昌积玉桥揽投部,43006012,武汉市武昌积玉桥揽投部,C1100099476625,中信银行股份有限公司武汉分行,91100100888401,中信银行股份有限公司武汉分行,1100089608890,中信银行股份有限公司武汉分行(中信银行股份有限公司武汉分行),商企类,金融类,卡函寄递,白银,2021-06-01,01610756,冯传家,,,,,0,0,0,0.0002,0.0011320754,0.2
885,420000,湖北省,420100,武汉市,420106,武昌区,43000600,湖北省寄递事业部,43001800,武汉市寄递事业部,43006300,武汉市武昌区寄递事业部,43006012,武汉市武昌积玉桥揽投部,43006012,武汉市武昌积玉桥揽投部,C1100099476625,中信银行股份有限公司武汉分行,91101068738555,中信银行股份有限公司武汉分行-江汉2,1100207412198,中信银行股份有限公司武汉分行(美签3),商企类,金融类,其他,黄金,2024-12-06,03736715,陈磊,4012401312,吴涛,03736715,陈磊,0.0001,0.000754717,0.1,0.0001,0.000754717,0.1
886,420000,湖北省,420100,武汉市,420106,武昌区,43000600,湖北省寄递事业部,43001800,武汉市寄递事业部,43006300,武汉市武昌区寄递事业部,43006012,武汉市武昌积玉桥揽投部,43006012,武汉市武昌积玉桥揽投部,C1100498953145,湖北银行业保险业纠纷调解中心,91100611666042,湖北银行业保险业纠纷调解中心-办公室,1100102592360,湖北银行业保险业纠纷调解中心(标快),商企类,金融类,其他,白银,2021-12-27,03961591,李炜,4010192889,李必武,03961591,李炜,0.0034,0.0428301885,70.8,0.0118,0.1305044984,121.682
887,420000,湖北省,420100,武汉市,420106,武昌区,43000600,湖北省寄递事业部,43001800,武汉市寄递事业部,43006300,武汉市武昌区寄递事业部,43006012,武汉市武昌积玉桥揽投部,43006012,武汉市武昌积玉桥揽投部,C1100566439375,湖北益丰大药房连锁有限公司,91100973091955,湖北益丰大药房连锁有限公司,1100212142778,湖北益丰大药房连锁有限公司(特快),商企类,医药类,药品销售,普通,2025-02-06,01612922,张国华,,,,,0,0,0,0.0001,0.000754717,1.6
888,420000,湖北省,420100,武汉市,420106,武昌区,43000600,湖北省寄递事业部,43001800,武汉市寄递事业部,43006300,武汉市武昌区寄递事业部,43006012,武汉市武昌积玉桥揽投部,43006012,武汉市武昌积玉桥揽投部,C1100716599155,湖北省创新人力资源服务中心有限公司,80000002291655,创新人力-湖北省创新人力资源服务中心有限公司（标快）,1030001687174,创新人力(湖北省创新人力资源服务中心有限公司),商企类,商业服务类,其他,白银,2015-11-23,03961591,李炜,4010192889,李必武,03961591,李炜,0.0076,0.0857264147,8.2,0.0104,0.1024672095,18.033
889,420000,湖北省,420100,武汉市,420106,武昌区,43000600,湖北省寄递事业部,43001800,武汉市寄递事业部,43006300,武汉市武昌区寄递事业部,43006012,武汉市武昌积玉桥揽投部,43006012,武汉市武昌积玉桥揽投部,C1100889500596,挑食猫网络科技（武汉）有限公司,91100843444368,挑食猫网络科技（武汉）有限公司,1100128418129,挑食猫(网络科技（武汉）有限公司),商企类,生鲜特产,其他类,白银,2022-09-19,01611773,王飞,4003360114,王飞,,,0,0,0,0.0176,0.1531792597,878.756
890,420000,湖北省,420100,武汉市,420106,武昌区,43000600,湖北省寄递事业部,43001800,武汉市寄递事业部,43006300,武汉市武昌区寄递事业部,43006012,武汉市武昌积玉桥揽投部,43006012,武汉市武昌积玉桥揽投部,C1100890834037,招商银行股份有限公司武汉积玉桥支行,91101077212877,招商银行股份有限公司武汉积玉桥支行,1100208464006,招商银行股份有限公司武汉积玉桥支行(标快),商企类,金融类,行政办公,白银,2024-12-24,04108679,王聪,,,,,0,0,0,0.0058,0.0654502784,87.11
893,420000,湖北省,420100,武汉市,420106,武昌区,43000600,湖北省寄递事业部,43001800,武汉市寄递事业部,43006300,武汉市武昌区寄递事业部,43006012,武汉市武昌积玉桥揽投部,43006012,武汉市武昌积玉桥揽投部,C1101106922609,武汉振达物流有限公司,91100923402563,武汉振达物流有限公司,1100154348782,振达物流(武汉振达物流有限公司),商企类,交通运输、物流仓储,交通运输,白银,2023-05-19,04108679,王聪,,,,,0,0,0,0.0424,0.3081565179,1756.552
894,420000,湖北省,420100,武汉市,420106,武昌区,43000600,湖北省寄递事业部,43001800,武汉市寄递事业部,43006300,武汉市武昌区寄递事业部,43006012,武汉市武昌积玉桥揽投部,43006012,武汉市武昌积玉桥揽投部,C1101151589822,快宝(上海)网络技术有限公司,91101016932925,快宝(上海)网络技术有限公司-快宝上门取件武汉市,1100189814441,快宝(上海)网络技术有限公司(上海)网络技术有限公司(快宝上门取件武汉市),商企类,退换货（商企）,快宝退换货（商企）,普通,2024-04-10,"03916800,03881828","徐玉婷,申莉莉",,,03916800,徐玉婷,0.0002,0.0031132076,2,0,0,0
895,420000,湖北省,420100,武汉市,420106,武昌区,43000600,湖北省寄递事业部,43001800,武汉市寄递事业部,43006300,武汉市武昌区寄递事业部,43006012,武汉市武昌积玉桥揽投部,43006012,武汉市武昌积玉桥揽投部,C1101442700022,中国工商银行股份有限公司武汉武昌支行,91101028339491,中国工商银行股份有限公司武汉武昌支行,1100192810609,中国工商银行股份有限公司武汉武昌支行(标快),商企类,金融类,行政办公,白银,2024-05-29,03304826,周帆,4012401378,郭眈,03304826,周帆,0.0033,0.0336792445,6.455,0,0,0
896,420000,湖北省,420100,武汉市,420106,武昌区,43000600,湖北省寄递事业部,43001800,武汉市寄递事业部,43006300,武汉市武昌区寄递事业部,43006012,武汉市武昌积玉桥揽投部,43006012,武汉市武昌积玉桥揽投部,C1101808432378,武汉城建瑞臻房地产开发有限公司,91100958378260,武汉城建瑞臻房地产开发有限公司,1100172312716,武汉城建瑞臻房地产开发有限公司(标快),商企类,房产建筑,房地产、建筑建材、工程,白银,2023-09-18,04108686,童佳欣,,,04108686,童佳欣,0.0026,0.028396226,2.6,0.0006,0.0060377358,3.6
897,420000,湖北省,420100,武汉市,420106,武昌区,43000600,湖北省寄递事业部,43001800,武汉市寄递事业部,43006300,武汉市武昌区寄递事业部,43006012,武汉市武昌积玉桥揽投部,43006012,武汉市武昌积玉桥揽投部,C1103743629264,中资环电器电子循环利用（深圳）有限公司,91101095761427,中资环电器电子循环利用（深圳）有限公司,1100216100068,中资环电器电子循环利用（深圳）有限公司(湖北),商企类,贸易、消费品、调换货,零售、批发,普通,2025-04-01,01650112,申邦艳,4003478967,申邦艳,01650112,申邦艳,0.0001,0.0013207547,1.5,0,0,0
898,420000,湖北省,420100,武汉市,420106,武昌区,43000600,湖北省寄递事业部,43001800,武汉市寄递事业部,43006300,武汉市武昌区寄递事业部,43006012,武汉市武昌积玉桥揽投部,43006012,武汉市武昌积玉桥揽投部,C1103917617242,武汉市怡琪耕农农业科技有限公司,91101207100463,武汉市怡琪耕农农业科技有限公司,1100246763471,武汉市怡琪耕农农业科技有限公司(标快),商企类,贸易、消费品、调换货,贸易、进出口,,2026-06-25,03956346,刘欣,,,03956346,刘欣,0.0001,0.0009433962,0.1,0,0,0
899,420000,湖北省,420100,武汉市,420106,武昌区,43000600,湖北省寄递事业部,43001800,武汉市寄递事业部,43006300,武汉市武昌区寄递事业部,43006012,武汉市武昌积玉桥揽投部,43006012,武汉市武昌积玉桥揽投部,C1103974465426,湖北省村投商贸有限公司,91101198085475,湖北省村投商贸有限公司,1100245500301,湖北省村投商贸有限公司(标快),商企类,贸易、消费品、调换货,零售、批发,,2026-05-06,03956346,刘欣,,,03956346,刘欣,0.0009,0.0101886794,10.125,0,0,0
900,420000,湖北省,420100,武汉市,420106,武昌区,43000600,湖北省寄递事业部,43001800,武汉市寄递事业部,43006300,武汉市武昌区寄递事业部,43006166,武汉市武昌徐东揽投部,43006166,武汉市武昌徐东揽投部,C0000000532101,中国建设银行股份有限公司武汉钢城支行,91100342943131,中国建设银行股份有限公司武汉钢城支行,1100048864721,建设银行(中国建设银行股份有限公司武汉钢城支行),商企类,金融类,其他,白银,2020-05-09,03760907,付媛,,,,,0,0,0,0.0001,0.0011274017,0.1
901,420000,湖北省,420100,武汉市,420106,武昌区,43000600,湖北省寄递事业部,43001800,武汉市寄递事业部,43006300,武汉市武昌区寄递事业部,43006166,武汉市武昌徐东揽投部,43006166,武汉市武昌徐东揽投部,C0000003841466,中国电力财务有限公司华中分公司,81100500139932,中国电力财务有限公司华中分公司-上清寺,1100083329096,中国电力财务有限公司华中分公司,商企类,能源、矿产、环保,电气、电力、煤气、水利,白银,2021-03-02,04294189,李佳睿,4003359998,金泉,04294189,李佳睿,0.0116,0.2044339645,26.65,0.0162,0.2407075876,36.64
902,420000,湖北省,420100,武汉市,420106,武昌区,43000600,湖北省寄递事业部,43001800,武汉市寄递事业部,43006300,武汉市武昌区寄递事业部,43006166,武汉市武昌徐东揽投部,43006166,武汉市武昌徐东揽投部,C0000006553751,国家能源集团长源电力股份有限公司,91100602955920,国家能源集团长源电力股份有限公司-办公室,1100101728315,国家能源集团长源电力股份有限公司(标快),商企类,能源、矿产、环保,电气、电力、煤气、水利,普通,2021-12-04,01611823,张步云,4012401378,郭眈,01611823,张步云,0.0029,0.0374528306,4.7,0.0056,0.0765217652,51.8
903,420000,湖北省,420100,武汉市,420106,武昌区,43000600,湖北省寄递事业部,43001800,武汉市寄递事业部,43006300,武汉市武昌区寄递事业部,43006166,武汉市武昌徐东揽投部,43006166,武汉市武昌徐东揽投部,C1100332601816,武汉德威工程技术有限公司,91100285270028,武汉德威工程技术有限公司,1100042235558,武汉德威工程技术有限公司(标快),商企类,贸易、消费品、调换货,零售、批发,普通,2020-01-13,04116711,黄彪,4010211230,黄彪,,,0,0,0,0.0003,0.0044257833,0.6
905,420000,湖北省,420100,武汉市,420106,武昌区,43000600,湖北省寄递事业部,43001800,武汉市寄递事业部,43006300,武汉市武昌区寄递事业部,43006167,武汉市武昌武大揽投部,43006167,武汉市武昌武大揽投部,C1100110596127,武汉恒友世纪数码科技有限公司,91100112118860,武汉恒友世纪数码科技有限公司,1030001408793,恒友世纪(武汉恒友世纪数码科技有限公司),商企类,IT通讯类,消费电子,白银,2019-04-10,03954180,张进,,,03954180,张进,0.0054,0.0502358475,47.2,0.0073,0.1493218349,454.414
906,420000,湖北省,420100,武汉市,420106,武昌区,43000600,湖北省寄递事业部,43001800,武汉市寄递事业部,43006300,武汉市武昌区寄递事业部,43006167,武汉市武昌武大揽投部,43006167,武汉市武昌武大揽投部,C1100235730495,湖北楚天中大物业管理有限公司,91101108028956,湖北楚天中大物业管理有限公司-办公室,1100219506960,湖北楚天中大物业管理有限公司(标快),商企类,房产建筑,物业管理、商业中心,白银,2025-06-05,01610341,王袁洁,,,,,0,0,0,0.0883,0.416509422300001,88.3
907,420000,湖北省,420100,武汉市,420106,武昌区,43000600,湖北省寄递事业部,43001800,武汉市寄递事业部,43006300,武汉市武昌区寄递事业部,43006167,武汉市武昌武大揽投部,43006167,武汉市武昌武大揽投部,C1100330320766,湖北国贸供应链管理有限公司,91101194928679,湖北国贸供应链管理有限公司,1100245227385,湖北国贸供应链管理有限公司(标快),商企类,生鲜特产,其他类,,2026-04-17,01610901,万超,,,01610901,万超,0.0001,0.0011320755,0.1,0,0,0
909,420000,湖北省,420100,武汉市,420106,武昌区,43000600,湖北省寄递事业部,43001800,武汉市寄递事业部,43006300,武汉市武昌区寄递事业部,43007021,武汉市武昌湖大揽投部,43007021,武汉市武昌湖大揽投部,C1100652623882,湖北福星惠誉三眼桥置业有限公司,91101010669241,湖北福星惠誉三眼桥置业有限公司-（武昌）,1100187965974,湖北福星惠誉三眼桥置业有限公司(标快),商企类,房产建筑,房地产、建筑建材、工程,普通,2024-03-15,04271814,胡亚,,,,,0,0,0,0.0001,0.0009433962,0.2
910,420000,湖北省,420100,武汉市,420106,武昌区,43000600,湖北省寄递事业部,43001800,武汉市寄递事业部,43006300,武汉市武昌区寄递事业部,43007021,武汉市武昌湖大揽投部,43007021,武汉市武昌湖大揽投部,C1100928615519,武汉利福泰科技有限公司,91101029406329,武汉利福泰科技有限公司-办公室,1100193190061,武汉利福泰科技有限公司(标快),商企类,生鲜特产,其他类,普通,2024-06-04,04271814,胡亚,,,,,0,0,0,0.0001,0.0009433962,0.2
912,420000,湖北省,420100,武汉市,420106,武昌区,43000600,湖北省寄递事业部,43001800,武汉市寄递事业部,43006300,武汉市武昌区寄递事业部,43007112,武汉市武昌水果湖揽投部,43007112,武汉市武昌水果湖揽投部,C0000001994092,湖北中邮物流有限责任公司,91100992865427,湖北中邮物流有限责任公司-武汉市移动小件业务（重要客户中心）,1100183475303,湖北中邮物流有限责任公司(武汉市移动小件业务（重要客户中心）),商企类,IT通讯类,通讯运营商,普通,2024-01-15,03351577,罗君,,,,,0,0,0,0.0001,0.0012946253,0.1
913,420000,湖北省,420100,武汉市,420106,武昌区,43000600,湖北省寄递事业部,43001800,武汉市寄递事业部,43006300,武汉市武昌区寄递事业部,43007112,武汉市武昌水果湖揽投部,43007112,武汉市武昌水果湖揽投部,C0000002456399,深圳力维智联技术有限公司,81100209071506,深圳力维-X-华银大厦-深圳力维智联技术有限公司（到付）,1100030923986,中兴力维(深圳力维智联技术有限公司（到付）),商企类,IT通讯类,IT服务类,普通,2019-06-27,01610797,吴田,,,,,0,0,0,0,-0.0029245283,0
914,420000,湖北省,420100,武汉市,420106,武昌区,43000600,湖北省寄递事业部,43001800,武汉市寄递事业部,43006300,武汉市武昌区寄递事业部,43007112,武汉市武昌水果湖揽投部,43007112,武汉市武昌水果湖揽投部,C0000003902969,华夏银行股份有限公司武汉分行,80000003842524,华夏银行股份有限公司武汉分行-办公室,1030000923323,华夏银行股份有限公司武汉分行(标快),商企类,金融类,票据、凭证包,白银,2016-07-04,04271820,魏承睦,,,04271820,魏承睦,0.0164,0.2972641515,218.091,0.0141,0.1923350236,56.12
915,420000,湖北省,420100,武汉市,420106,武昌区,43000600,湖北省寄递事业部,43001800,武汉市寄递事业部,43006300,武汉市武昌区寄递事业部,43007112,武汉市武昌水果湖揽投部,43007112,武汉市武昌水果湖揽投部,C0000003934043,中移铁通有限公司湖北分公司,90000005013627,中移铁通有限公司湖北分公司-中移铁通湖北分公司,1030002051361,中移铁通有限公司湖北分公司(标快),商企类,IT通讯类,通讯运营商,白银,2015-11-23,04271820,魏承睦,4003355804,朱致鑫,04271820,魏承睦,0.0248,0.3197169864,101.67,0.018,0.2163394401,50.557
916,420000,湖北省,420100,武汉市,420106,武昌区,43000600,湖北省寄递事业部,43001800,武汉市寄递事业部,43006300,武汉市武昌区寄递事业部,43007112,武汉市武昌水果湖揽投部,43007112,武汉市武昌水果湖揽投部,C0000003959747,广东启德教育服务有限公司武汉分公司,90000005046061,广东启德教育服务有限公司武汉分公司-中广广东启德,1030002106755,广东启德教育服务有限公司武汉分公司(标快),商企类,商业服务类,专业服务、咨询（财会、法律、人力资源等）,普通,2015-11-23,01612926,王波,4003368066,王波,,,0,0,0,0.0017,0.0262354593,10.3
917,420000,湖北省,420100,武汉市,420106,武昌区,43000600,湖北省寄递事业部,43001800,武汉市寄递事业部,43006300,武汉市武昌区寄递事业部,43007112,武汉市武昌水果湖揽投部,43007112,武汉市武昌水果湖揽投部,C0000005391053,中国建设银行股份有限公司武汉省直支行,90000007011593,中国建设银行股份有限公司武汉省直支行,1030002208297,中国建设银行股份有限公司武汉省直支行(标快),商企类,金融类,票据、凭证包,普通,2016-07-07,04143918,陈敏,4010284027,胡冠行,04143918,陈敏,0.0114,0.1168867904,11.4,0.0118,0.1237304366,7.9
918,420000,湖北省,420100,武汉市,420106,武昌区,43000600,湖北省寄递事业部,43001800,武汉市寄递事业部,43006300,武汉市武昌区寄递事业部,43007112,武汉市武昌水果湖揽投部,43007112,武汉市武昌水果湖揽投部,C0000006494272,中国信达资产管理股份有限公司湖北省分公司,90000008233219,中国信达资产管理股份有限公司湖北省分公司,1100066851132,信达资产(中国信达资产管理股份有限公司湖北省分公司),商企类,金融类,信托、担保、拍卖、典当,普通,2020-09-24,01610904,朱致鑫,4003355804,朱致鑫,,,0,0,0,0.0014,0.0144211092,1.8
919,420000,湖北省,420100,武汉市,420106,武昌区,43000600,湖北省寄递事业部,43001800,武汉市寄递事业部,43006300,武汉市武昌区寄递事业部,43007112,武汉市武昌水果湖揽投部,43007112,武汉市武昌水果湖揽投部,C0000006555810,湖北省农村信用社联合社,80000003317789,湖北省农村信用社联合社-标快,1030002375146,湖北省农村信用社联合社(标快),商企类,金融类,卡函寄递,铂金,2016-03-02,01610904,朱致鑫,,,01610904,朱致鑫,0.0727,0.3212264139,82.46,0,0,0
920,420000,湖北省,420100,武汉市,420106,武昌区,43000600,湖北省寄递事业部,43001800,武汉市寄递事业部,43006300,武汉市武昌区寄递事业部,43007112,武汉市武昌水果湖揽投部,43007112,武汉市武昌水果湖揽投部,C0000008021630,上海浦东发展银行股份有限公司武汉分行,80000003842568,上海浦东发展银行股份有限公司武汉分行-J浦发银行武汉洪山支行,1030000921905,上海浦东发展银行股份有限公司武汉分行(浦发银行武汉洪山支行),商企类,金融类,票据、凭证包,白银,2016-07-04,01610904,朱致鑫,,,01610904,朱致鑫,0.0111,0.1508018879,106.715,0.0088,0.1370613186,159.04
922,420000,湖北省,420100,武汉市,420106,武昌区,43000600,湖北省寄递事业部,43001800,武汉市寄递事业部,43006300,武汉市武昌区寄递事业部,43007112,武汉市武昌水果湖揽投部,43007112,武汉市武昌水果湖揽投部,C0000009195644,逸百年融资租赁有限公司,81100340758166,逸百年融资租赁有限公司-办公室,1100048695936,逸百年融资租赁有限公司(标快),商企类,金融类,其他,普通,2020-05-06,01610904,朱致鑫,4003355804,朱致鑫,,,0,0,0,0.0008,0.013724511,0.8
923,420000,湖北省,420100,武汉市,420106,武昌区,43000600,湖北省寄递事业部,43001800,武汉市寄递事业部,43006300,武汉市武昌区寄递事业部,43007112,武汉市武昌水果湖揽投部,43007112,武汉市武昌水果湖揽投部,C1100008317630,武汉中测宏图测量仪器有限公司,91100008493848,武汉中测宏图测量仪器有限公司,1030002045106,武汉中测宏图测量仪器有限公司(标快),商企类,生产加工制造业,其他,白银,2018-08-22,01610904,朱致鑫,,,01610904,朱致鑫,0.0088,0.0362735854,40.03,0.0237,0.0926650978,81.809
924,420000,湖北省,420100,武汉市,420106,武昌区,43000600,湖北省寄递事业部,43001800,武汉市寄递事业部,43006300,武汉市武昌区寄递事业部,43007112,武汉市武昌水果湖揽投部,43007112,武汉市武昌水果湖揽投部,C1100099476625,中信银行股份有限公司武汉分行,91101068738555,中信银行股份有限公司武汉分行-江汉2,1100207412198,中信银行股份有限公司武汉分行(美签3),商企类,金融类,其他,黄金,2024-12-06,03736715,陈磊,,,,,0,0,0,0.0002,0.001509434,2
925,420000,湖北省,420100,武汉市,420106,武昌区,43000600,湖北省寄递事业部,43001800,武汉市寄递事业部,43006300,武汉市武昌区寄递事业部,43007112,武汉市武昌水果湖揽投部,43007112,武汉市武昌水果湖揽投部,C1100486336743,湖北恒基建设工程项目管理有限公司,91100446719430,湖北恒基建设工程项目管理有限公司,1100074547852,恒基建设(湖北恒基建设工程项目管理有限公司),商企类,房产建筑,房地产、建筑建材、工程,普通,2020-12-07,04271820,魏承睦,4003355804,朱致鑫,04271820,魏承睦,0.0083,0.070811321,103.752,0.0069,0.0543082142,97.44
926,420000,湖北省,420100,武汉市,420106,武昌区,43000600,湖北省寄递事业部,43001800,武汉市寄递事业部,43006300,武汉市武昌区寄递事业部,43007112,武汉市武昌水果湖揽投部,43007112,武汉市武昌水果湖揽投部,C1100490061417,中国农业银行股份有限公司湖北省分行,90000005029758,中国农业银行股份有限公司湖北省分行-津津花园,1030001750401,中国农业银行股份有限公司湖北省分行(标快),商企类,金融类,行政办公,白银,2015-11-23,01610904,朱致鑫,,,01610904,朱致鑫,0.0164,0.2483962267,75.453,0.0215,0.2896792819,54.1
927,420000,湖北省,420100,武汉市,420106,武昌区,43000600,湖北省寄递事业部,43001800,武汉市寄递事业部,43006300,武汉市武昌区寄递事业部,43007112,武汉市武昌水果湖揽投部,43007112,武汉市武昌水果湖揽投部,C1100497853064,中竞发工程管理咨询有限公司湖北分公司,91100458106848,中竞发工程管理咨询有限公司湖北分公司,1100075261654,中竞发(工程管理咨询有限公司湖北分公司),商企类,商业服务类,专业服务、咨询（财会、法律、人力资源等）,普通,2020-12-15,01610904,朱致鑫,4003355804,朱致鑫,,,0,0,0,0.0012,0.0083207551,8.47
928,420000,湖北省,420100,武汉市,420106,武昌区,43000600,湖北省寄递事业部,43001800,武汉市寄递事业部,43006300,武汉市武昌区寄递事业部,43007112,武汉市武昌水果湖揽投部,43007112,武汉市武昌水果湖揽投部,C1100569126988,武汉华璋房地产开发有限公司,91101011285651,武汉华璋房地产开发有限公司,1100188270299,华璋房地产(武汉华璋房地产开发有限公司),商企类,房产建筑,房地产、建筑建材、工程,普通,2024-03-19,04004311,褚慧阳,,,,,0,0,0,0.0001,0.0009433962,0.1
929,420000,湖北省,420100,武汉市,420106,武昌区,43000600,湖北省寄递事业部,43001800,武汉市寄递事业部,43006300,武汉市武昌区寄递事业部,43007112,武汉市武昌水果湖揽投部,43007112,武汉市武昌水果湖揽投部,C1100640049555,湖北国云信息科技有限公司,91100594349242,湖北国云信息科技有限公司,1100100422001,国云信息(湖北国云信息科技有限公司),商企类,IT通讯类,IT服务类,普通,2021-11-11,01610904,朱致鑫,4003355804,朱致鑫,01610904,朱致鑫,0.0041,0.0680188681,35.409,0.0024,0.0308429107,2.974
930,420000,湖北省,420100,武汉市,420106,武昌区,43000600,湖北省寄递事业部,43001800,武汉市寄递事业部,43006300,武汉市武昌区寄递事业部,43007112,武汉市武昌水果湖揽投部,43007112,武汉市武昌水果湖揽投部,C1100645308019,湖北胜邦达新材料有限公司,91100599304631,湖北胜邦达新材料有限公司,1100101235116,胜邦达(湖北胜邦达新材料有限公司),商企类,生产加工制造业,印刷、包装、造纸、办公设备、轻工业,普通,2021-11-25,01610904,朱致鑫,,,,,0,0,0,0.0001,0.0004716981,0.1
931,420000,湖北省,420100,武汉市,420106,武昌区,43000600,湖北省寄递事业部,43001800,武汉市寄递事业部,43006300,武汉市武昌区寄递事业部,43007112,武汉市武昌水果湖揽投部,43007112,武汉市武昌水果湖揽投部,C1100711818480,前海人寿保险股份有限公司湖北分公司,81100241819108,前海人寿保险股份有限公司湖北分公司-办公室,1100035071211,前海人寿保险股份有限公司湖北分公司(标快),商企类,保险类,其他,黄金,2019-08-30,01610904,朱致鑫,4003355804,朱致鑫,,,0,0,0,0.0366,0.4098026432,59.03
932,420000,湖北省,420100,武汉市,420106,武昌区,43000600,湖北省寄递事业部,43001800,武汉市寄递事业部,43006300,武汉市武昌区寄递事业部,43007112,武汉市武昌水果湖揽投部,43007112,武汉市武昌水果湖揽投部,C1100713162484,立信会计师事务所（特殊普通合伙）湖北分所,80000002236351,立信会计师事务所湖北分所-立信会计事务所,1100034754106,立信会计师事务所湖北分所(立信会计师事务所（特殊普通合伙）湖北分所),商企类,金融类,行政办公,钻石,2019-08-27,01610904,朱致鑫,4003355804,朱致鑫,,,0,0,0,0.0865,1.0321229597,111.82
933,420000,湖北省,420100,武汉市,420106,武昌区,43000600,湖北省寄递事业部,43001800,武汉市寄递事业部,43006300,武汉市武昌区寄递事业部,43007112,武汉市武昌水果湖揽投部,43007112,武汉市武昌水果湖揽投部,C1100713163160,湖北保利大酒店有限公司,80000004236993,湖北保利大酒店有限公司-X保利广场-湖北保利大酒店有限公司,1030002332408,湖北保利大酒店有限公司,商企类,商业服务类,酒店餐饮,普通,2016-09-14,01610904,朱致鑫,4003355804,朱致鑫,,,0,0,0,0.0013,0.0254682795,4.65
934,420000,湖北省,420100,武汉市,420106,武昌区,43000600,湖北省寄递事业部,43001800,武汉市寄递事业部,43006300,武汉市武昌区寄递事业部,43007112,武汉市武昌水果湖揽投部,43007112,武汉市武昌水果湖揽投部,C1100713214426,陶氏化学（中国）投资有限公司武汉分公司,80000006557351,陶氏武汉-X保利大厦-陶氏化学（中国）投资有限公司武汉分公司,1030001783519,陶氏武汉(陶氏化学（中国）投资有限公司武汉分公司),商企类,能源、矿产、环保,石油、石化、化工,普通,2016-12-15,01610904,朱致鑫,4003355804,朱致鑫,,,0,0,0,0.0013,0.0246149384,6.15
935,420000,湖北省,420100,武汉市,420106,武昌区,43000600,湖北省寄递事业部,43001800,武汉市寄递事业部,43006300,武汉市武昌区寄递事业部,43007112,武汉市武昌水果湖揽投部,43007112,武汉市武昌水果湖揽投部,C1100713262610,上海保利物业酒店管理集团有限公司武汉分公司,81100506209464,上海保利物业酒店管理集团有限公司武汉分公司,1100084447111,保利武汉(上海保利物业酒店管理集团有限公司武汉分公司),商企类,商业服务类,酒店餐饮,普通,2021-03-15,01610904,朱致鑫,4003355804,朱致鑫,,,0,0,0,0.0019,0.0267129995,1.9
936,420000,湖北省,420100,武汉市,420106,武昌区,43000600,湖北省寄递事业部,43001800,武汉市寄递事业部,43006300,武汉市武昌区寄递事业部,43007112,武汉市武昌水果湖揽投部,43007112,武汉市武昌水果湖揽投部,C1100886728865,中碳协（湖北）服务有限公司,91100841175479,中碳协（湖北）服务有限公司,1100127303862,中碳协(（湖北）服务有限公司),商企类,能源、矿产、环保,环保,,2022-09-09,03909219,刘刚,,,03909219,刘刚,0.0001,0.0019811321,0.1,0,0,0
937,420000,湖北省,420100,武汉市,420106,武昌区,43000600,湖北省寄递事业部,43001800,武汉市寄递事业部,43006300,武汉市武昌区寄递事业部,43007112,武汉市武昌水果湖揽投部,43007112,武汉市武昌水果湖揽投部,C1100899909714,武汉鑫百旺印务有限公司,91100852865545,武汉鑫百旺印务有限公司,1100131211449,鑫百旺(武汉鑫百旺印务有限公司),商企类,传媒、娱乐、体育、旅游,出版、影视、文化传播,普通,2022-10-12,01610904,朱致鑫,,,,,0,0,0,0.0001,0.0019729531,0.1
938,420000,湖北省,420100,武汉市,420106,武昌区,43000600,湖北省寄递事业部,43001800,武汉市寄递事业部,43006300,武汉市武昌区寄递事业部,43007112,武汉市武昌水果湖揽投部,43007112,武汉市武昌水果湖揽投部,C1100914545864,湖北保利投资有限公司,91100863788484,湖北保利投资有限公司,1100135309025,保利投资(湖北保利投资有限公司),商企类,房产建筑,房地产、建筑建材、工程,普通,2022-11-15,01610904,朱致鑫,,,,,0,0,0,0.007,0.098020685,7.3
939,420000,湖北省,420100,武汉市,420106,武昌区,43000600,湖北省寄递事业部,43001800,武汉市寄递事业部,43006300,武汉市武昌区寄递事业部,43007112,武汉市武昌水果湖揽投部,43007112,武汉市武昌水果湖揽投部,C1100974143909,中交希迪工程检测（武汉）有限公司,91101011281613,中交希迪工程检测（武汉）有限公司,1100188262155,中交工程(中交希迪工程检测（武汉）有限公司),商企类,交通运输、物流仓储,交通运输,普通,2024-03-19,04143918,陈敏,,,,,0,0,0,0.0001,0.0019729531,0.1
942,420000,湖北省,420100,武汉市,420106,武昌区,43000600,湖北省寄递事业部,43001800,武汉市寄递事业部,43006300,武汉市武昌区寄递事业部,43007112,武汉市武昌水果湖揽投部,43007112,武汉市武昌水果湖揽投部,C1101075656800,国药控股湖北致润医疗器械有限公司,91100915385339,国药控股湖北致润医疗器械有限公司,1100151265068,致润医疗(国药控股湖北致润医疗器械有限公司),商企类,医药类,药品生产、医疗器械,普通,2023-04-17,04004311,褚慧阳,,,,,0,0,0,0.0002,0.0014495586,0.2
943,420000,湖北省,420100,武汉市,420106,武昌区,43000600,湖北省寄递事业部,43001800,武汉市寄递事业部,43006300,武汉市武昌区寄递事业部,43007112,武汉市武昌水果湖揽投部,43007112,武汉市武昌水果湖揽投部,C1101160314424,湖北趣玩文化有限公司,91100943115959,湖北趣玩文化有限公司,1100165056870,湖北趣玩文化有限公司(标快),商企类,传媒、娱乐、体育、旅游,出版、影视、文化传播,普通,2023-07-31,01610694,成孝生,,,,,0,0,0,0.005,0.0401797649,185.3
944,420000,湖北省,420100,武汉市,420106,武昌区,43000600,湖北省寄递事业部,43001800,武汉市寄递事业部,43006300,武汉市武昌区寄递事业部,43007112,武汉市武昌水果湖揽投部,43007112,武汉市武昌水果湖揽投部,C1101341308080,武汉盛鸿嘉科技有限公司,91101099082821,武汉盛鸿嘉科技有限公司,1100216845840,武汉盛鸿嘉科技有限公司(标快),商企类,IT通讯类,IT服务类,白银,2025-04-17,04108679,王聪,,,,,0,0,0,0.0103,0.2019027618,10.5
945,420000,湖北省,420100,武汉市,420106,武昌区,43000600,湖北省寄递事业部,43001800,武汉市寄递事业部,43006300,武汉市武昌区寄递事业部,43007112,武汉市武昌水果湖揽投部,43007112,武汉市武昌水果湖揽投部,C1101408399084,中南工程咨询设计集团投资开发有限公司,91101153959173,中南工程咨询设计集团投资开发有限公司,1100234305593,中南工程咨询设计集团投资开发有限公司(标快),商企类,商业服务类,专业服务、咨询（财会、法律、人力资源等）,,2025-10-31,01610904,朱致鑫,,,01610904,朱致鑫,0.001,0.0110188682,1,0,0,0
946,420000,湖北省,420100,武汉市,420106,武昌区,43000600,湖北省寄递事业部,43001800,武汉市寄递事业部,43006300,武汉市武昌区寄递事业部,43007112,武汉市武昌水果湖揽投部,43007112,武汉市武昌水果湖揽投部,C1101482166213,中移铁通有限公司武汉分公司,91100981075822,中移铁通有限公司武汉分公司,1100178378804,铁通武汉(中移铁通有限公司武汉分公司),商企类,IT通讯类,通讯运营商,普通,2023-11-30,04271820,魏承睦,,,04271820,魏承睦,0.0062,0.1023584896,45.983,0.0046,0.0487206152,9.87
947,420000,湖北省,420100,武汉市,420106,武昌区,43000600,湖北省寄递事业部,43001800,武汉市寄递事业部,43006300,武汉市武昌区寄递事业部,43007112,武汉市武昌水果湖揽投部,43007112,武汉市武昌水果湖揽投部,C1101497509647,武汉祥茂置业有限公司,91101011286696,武汉祥茂置业有限公司,1100188272022,祥茂置业(武汉祥茂置业有限公司),商企类,房产建筑,房地产、建筑建材、工程,,2024-03-19,04004311,褚慧阳,,,04004311,褚慧阳,0.0001,0.0009433962,0.1,0,0,0
948,420000,湖北省,420100,武汉市,420106,武昌区,43000600,湖北省寄递事业部,43001800,武汉市寄递事业部,43006300,武汉市武昌区寄递事业部,43007112,武汉市武昌水果湖揽投部,43007112,武汉市武昌水果湖揽投部,C1101735541817,湖北好博会展文化发展有限公司,91101003685072,湖北好博会展文化发展有限公司,1100186051643,好博会展(湖北好博会展文化发展有限公司),商企类,传媒、娱乐、体育、旅游,出版、影视、文化传播,普通,2024-02-23,03976344,王波,,,,,0,0,0,0.0001,0.0009433962,0.1
949,420000,湖北省,420100,武汉市,420106,武昌区,43000600,湖北省寄递事业部,43001800,武汉市寄递事业部,43006300,武汉市武昌区寄递事业部,43007112,武汉市武昌水果湖揽投部,43007112,武汉市武昌水果湖揽投部,C1101848760613,武汉置澄科技有限公司,91100964247879,武汉置澄科技有限公司,1100174148872,武汉置澄科技有限公司(标快),商企类,生鲜特产,其他类,普通,2023-10-13,03321071,李小敏,,,,,0,0,0,0.0142,0.1146246275,16.1
950,420000,湖北省,420100,武汉市,420106,武昌区,43000600,湖北省寄递事业部,43001800,武汉市寄递事业部,43006300,武汉市武昌区寄递事业部,43007112,武汉市武昌水果湖揽投部,43007112,武汉市武昌水果湖揽投部,C1102010821174,武汉市武昌区陈祖莹文具经营部,91101007620727,武汉市武昌区陈祖莹文具经营部,1100187037479,武汉市武昌区陈祖莹文具经营部(标快),商企类,贸易、消费品、调换货,零售、批发,普通,2024-03-05,01610694,成孝生,,,,,0,0,0,0.0003,0.0011556258,0.45
951,420000,湖北省,420100,武汉市,420106,武昌区,43000600,湖北省寄递事业部,43001800,武汉市寄递事业部,43006300,武汉市武昌区寄递事业部,43007112,武汉市武昌水果湖揽投部,43007112,武汉市武昌水果湖揽投部,C1102522061156,湖北富邦优租智能科技有限公司,91101100907167,湖北富邦优租智能科技有限公司,1100217494302,湖北富邦优租智能科技有限公司(标快),商企类,IT通讯类,消费电子,普通,2025-04-29,04143918,陈敏,,,04143918,陈敏,0.0117,0.1778867969,20.96,0.0003,0.0047350875,0.3
952,420000,湖北省,420100,武汉市,420106,武昌区,43000600,湖北省寄递事业部,43001800,武汉市寄递事业部,43006300,武汉市武昌区寄递事业部,43007112,武汉市武昌水果湖揽投部,43007112,武汉市武昌水果湖揽投部,C1104213220084,武汉睿诚泰科技有限公司,91101201821108,武汉睿诚泰科技有限公司,1100246116866,武汉睿诚泰科技有限公司(标快),商企类,IT通讯类,IT服务类,,2026-05-29,04143918,陈敏,,,04143918,陈敏,0.0276,0.2195660327,35.275,0,0,0
953,420000,湖北省,420100,武汉市,420106,武昌区,43000600,湖北省寄递事业部,43001800,武汉市寄递事业部,43006300,武汉市武昌区寄递事业部,43007707,武汉市武昌东亭揽投部,43007707,武汉市武昌东亭揽投部,C0000000533056,湖北党员生活杂志社,81100279375072,湖北党员生活杂志社-办公室,1100040473347,湖北党员生活杂志社(标快),商企类,生鲜特产,特产类,钻石,2019-12-19,01612731,周洪森,4008967808,罗思玲,01612731,周洪森,1.9402,10.5682733833,29589.261,0.5546,2.8567457885,12646.327
954,420000,湖北省,420100,武汉市,420106,武昌区,43000600,湖北省寄递事业部,43001800,武汉市寄递事业部,43006300,武汉市武昌区寄递事业部,43007707,武汉市武昌东亭揽投部,43007707,武汉市武昌东亭揽投部,C0000000533179,长江文艺杂志社,91101041233826,长江文艺杂志社-办公室,1100196574408,长江文艺杂志社(标快),商企类,传媒、娱乐、体育、旅游,出版、影视、文化传播,铂金,2024-07-29,01612731,周洪森,,,,,0,0,0,0.4285,3.3089041612,8592.265
955,420000,湖北省,420100,武汉市,420106,武昌区,43000600,湖北省寄递事业部,43001800,武汉市寄递事业部,43006300,武汉市武昌区寄递事业部,43007707,武汉市武昌东亭揽投部,43007707,武汉市武昌东亭揽投部,C0000006530318,中国光大银行股份有限公司武汉分行,80000002317812,中国光大银行股份有限公司武汉分行-办公室,1100037236069,中国光大银行股份有限公司武汉分行(标快),商企类,金融类,其他,白银,2019-09-25,01610802,刘涛,4012401716,王聪,,,0,0,0,0.0002,0.0018867924,0.2
956,420000,湖北省,420100,武汉市,420106,武昌区,43000600,湖北省寄递事业部,43001800,武汉市寄递事业部,43006300,武汉市武昌区寄递事业部,43007707,武汉市武昌东亭揽投部,43007707,武汉市武昌东亭揽投部,C0000006542063,湖北日报传媒集团(湖北日报社),91101062563173,湖北日报传媒集团(湖北日报社)-支点杂志社,1100204831729,湖北日报传媒集团(湖北日报社)(支点杂志社),商企类,传媒、娱乐、体育、旅游,出版、影视、文化传播,白银,2024-11-05,01612696,胡建权,4012401378,郭眈,01612696,胡建权,0.2336,0.7889623328,3552.07,0.0734,0.2525509101,1053.1
957,420000,湖北省,420100,武汉市,420106,武昌区,43000600,湖北省寄递事业部,43001800,武汉市寄递事业部,43006300,武汉市武昌区寄递事业部,43007707,武汉市武昌东亭揽投部,43007707,武汉市武昌东亭揽投部,C0000007664799,深圳市万象美物业管理有限公司武汉分公司,90000009549142,深圳市万象美物业管理有限公司武汉分公司,1030001986659,深圳市万象美物业管理有限公司武汉分公司(标快),商企类,商业服务类,专业服务、咨询（财会、法律、人力资源等）,普通,2017-01-13,03321071,李小敏,4012401378,郭眈,03321071,李小敏,0.0006,0.0114150945,4.9,0.0013,0.0176898907,2.8
958,420000,湖北省,420100,武汉市,420106,武昌区,43000600,湖北省寄递事业部,43001800,武汉市寄递事业部,43006300,武汉市武昌区寄递事业部,43007707,武汉市武昌东亭揽投部,43007707,武汉市武昌东亭揽投部,C0000008011954,上海瑞慈医疗投资集团有限公司,91101018925749,上海瑞慈医疗投资集团有限公司-上海瑞慈医疗投资集团有限公司（武汉）,1100190439806,上海瑞慈医疗投资集团有限公司(武汉),商企类,医药类,药品生产、医疗器械,白银,2024-04-19,03942222,陈容,,,03942222,陈容,0.0199,0.094132078,62.6,0.0441,0.2133268806,93.4
959,420000,湖北省,420100,武汉市,420106,武昌区,43000600,湖北省寄递事业部,43001800,武汉市寄递事业部,43006300,武汉市武昌区寄递事业部,43007707,武汉市武昌东亭揽投部,43007707,武汉市武昌东亭揽投部,C0000008021630,上海浦东发展银行股份有限公司武汉分行,80000003842568,上海浦东发展银行股份有限公司武汉分行-J浦发银行武汉洪山支行,1030000921905,上海浦东发展银行股份有限公司武汉分行(浦发银行武汉洪山支行),商企类,金融类,票据、凭证包,白银,2016-07-04,01610904,朱致鑫,,,01610904,朱致鑫,0.0001,0.0009433962,0.1,0,0,0
962,420000,湖北省,420100,武汉市,420106,武昌区,43000600,湖北省寄递事业部,43001800,武汉市寄递事业部,43006300,武汉市武昌区寄递事业部,43007707,武汉市武昌东亭揽投部,43007707,武汉市武昌东亭揽投部,C0000009092392,武汉电信实业有限责任公司,91100859901846,武汉电信实业有限责任公司-售后终端维修中心-武汉电信实业有限责任公司-线上渠道,1100133820560,武汉电信实业有限责任公司(线上渠道),商企类,生鲜特产,特产类,普通,2022-11-03,04033741,刘耀文,,,,,0,0,0,0.0031,0.0248584908,3.1
963,420000,湖北省,420100,武汉市,420106,武昌区,43000600,湖北省寄递事业部,43001800,武汉市寄递事业部,43006300,武汉市武昌区寄递事业部,43007707,武汉市武昌东亭揽投部,43007707,武汉市武昌东亭揽投部,C0000009417393,湖北律辰律师事务所,91101091954405,湖北律辰律师事务所,1100214002933,湖北律辰律师事务所(标快),商企类,商业服务类,专业服务、咨询（财会、法律、人力资源等）,白银,2025-03-05,03321071,李小敏,,,,,0,0,0,0.0123,0.1735945675,15.9
964,420000,湖北省,420100,武汉市,420106,武昌区,43000600,湖北省寄递事业部,43001800,武汉市寄递事业部,43006300,武汉市武昌区寄递事业部,43007707,武汉市武昌东亭揽投部,43007707,武汉市武昌东亭揽投部,C1100000030016,湖北天乾资产管理有限公司,91100000031275,湖北天乾资产管理有限公司,1030001300165,湖北天乾资产管理有限公司(标快),商企类,金融类,基金、证券、期货、投资,普通,2018-07-27,03321071,李小敏,4012401378,郭眈,03321071,李小敏,0.0001,0.0009433962,0.1,0.0021,0.0331955599,2.2
965,420000,湖北省,420100,武汉市,420106,武昌区,43000600,湖北省寄递事业部,43001800,武汉市寄递事业部,43006300,武汉市武昌区寄递事业部,43007707,武汉市武昌东亭揽投部,43007707,武汉市武昌东亭揽投部,C1100405322806,中国新闻发展有限责任公司湖北分公司,91100362101847,中国新闻发展有限责任公司湖北分公司,1100054438398,中国新闻发展有限责任公司湖北分公司(标快),商企类,传媒、娱乐、体育、旅游,新闻媒体,普通,2020-06-11,03321071,李小敏,,,03321071,李小敏,0.0018,0.0251886796,5.5,0.0024,0.0332700355,4
966,420000,湖北省,420100,武汉市,420106,武昌区,43000600,湖北省寄递事业部,43001800,武汉市寄递事业部,43006300,武汉市武昌区寄递事业部,43007707,武汉市武昌东亭揽投部,43007707,武汉市武昌东亭揽投部,C1100405935761,中国长城资产管理股份有限公司湖北省分公司,91100362749429,中国长城资产管理股份有限公司湖北省分公司,1100055100643,长城资产(中国长城资产管理股份有限公司湖北省分公司),商企类,金融类,其他,普通,2020-06-18,01611342,匡新林,4006161936,李小敏,01611342,匡新林,0.0058,0.0777358491,50.95,0.0034,0.042524276,8
967,420000,湖北省,420100,武汉市,420106,武昌区,43000600,湖北省寄递事业部,43001800,武汉市寄递事业部,43006300,武汉市武昌区寄递事业部,43007707,武汉市武昌东亭揽投部,43007707,武汉市武昌东亭揽投部,C1100418845271,中国电信股份有限公司湖北财务共享服务中心,91100376289568,中国电信股份有限公司湖北财务共享服务中心,1100060469995,中国电信股份有限公司湖北财务共享服务中心(武汉电信会计凭证),商企类,IT通讯类,通讯运营商,白银,2020-08-04,04143834,万仲瑾,4012401312,吴涛,04143834,万仲瑾,0.0004,0.0088622642,10.6,0.0005,0.0143367924,19.45
968,420000,湖北省,420100,武汉市,420106,武昌区,43000600,湖北省寄递事业部,43001800,武汉市寄递事业部,43006300,武汉市武昌区寄递事业部,43007707,武汉市武昌东亭揽投部,43007707,武汉市武昌东亭揽投部,C1100419790653,武汉永达威消防工程有限公司,91100925270074,武汉永达威消防工程有限公司-办公室,1100155175703,武汉永达威消防工程有限公司(标快),商企类,生产加工制造业,加工制造,普通,2023-05-25,03909219,刘刚,,,03909219,刘刚,0.0002,0.0018867924,0.2,0.0014,0.009631695,2.3
969,420000,湖北省,420100,武汉市,420106,武昌区,43000600,湖北省寄递事业部,43001800,武汉市寄递事业部,43006300,武汉市武昌区寄递事业部,43007707,武汉市武昌东亭揽投部,43007707,武汉市武昌东亭揽投部,C1100431789217,谊度（深圳）科技有限公司,91100389910350,谊度（深圳）科技有限公司,1100115533516,谊度（深圳）科技有限公司(标快),商企类,IT通讯类,IT服务类,普通,2022-06-02,03321071,李小敏,4006161936,李小敏,03321071,李小敏,0.0043,0.0766037746,5.82,0.0035,0.066892505,2.8
970,420000,湖北省,420100,武汉市,420106,武昌区,43000600,湖北省寄递事业部,43001800,武汉市寄递事业部,43006300,武汉市武昌区寄递事业部,43007707,武汉市武昌东亭揽投部,43007707,武汉市武昌东亭揽投部,C1100441542035,武汉安卡达速递有限公司,91100962982132,武汉安卡达速递有限公司,1100173710775,安卡达(武汉安卡达速递有限公司),商企类,商业服务类,专业服务、咨询（财会、法律、人力资源等）,普通,2023-10-07,03774949,周末,,,,,0,0,0,0.0001,0.0009433962,0.1
971,420000,湖北省,420100,武汉市,420106,武昌区,43000600,湖北省寄递事业部,43001800,武汉市寄递事业部,43006300,武汉市武昌区寄递事业部,43007707,武汉市武昌东亭揽投部,43007707,武汉市武昌东亭揽投部,C1100453785497,湖北省卫生健康委员会,91100907290223,湖北省卫生健康委员会-湖北省委保健办（杂志）,1100149223058,湖北省卫生健康委员会(标快),商企类,传媒、娱乐、体育、旅游,出版、影视、文化传播,普通,2023-03-17,03321071,李小敏,,,03321071,李小敏,0.0126,0.0534905669,72.911,0.0129,0.0539048393,69.8
972,420000,湖北省,420100,武汉市,420106,武昌区,43000600,湖北省寄递事业部,43001800,武汉市寄递事业部,43006300,武汉市武昌区寄递事业部,43007707,武汉市武昌东亭揽投部,43007707,武汉市武昌东亭揽投部,C1100473224228,武汉中商超市连锁有限公司,91100360034794,武汉中商超市连锁有限公司-营销部,1100054314469,武汉中商超市连锁有限公司(营销部),商企类,贸易、消费品、调换货,零售、批发,普通,2020-06-08,01612926,王波,4003368066,王波,,,0,0,0,0.0001,0.0009433962,0.1
973,420000,湖北省,420100,武汉市,420106,武昌区,43000600,湖北省寄递事业部,43001800,武汉市寄递事业部,43006300,武汉市武昌区寄递事业部,43007707,武汉市武昌东亭揽投部,43007707,武汉市武昌东亭揽投部,C1100497850735,中国经济信息社有限公司湖北分公司,91100458104475,中国经济信息社有限公司湖北分公司,1100075258481,中国经济信息社有限公司湖北分公司(标快),商企类,IT通讯类,IT服务类,普通,2020-12-15,03321071,李小敏,4006161936,李小敏,03321071,李小敏,0.0044,0.0514150941,28.9,0.0034,0.05061061,36.97
974,420000,湖北省,420100,武汉市,420106,武昌区,43000600,湖北省寄递事业部,43001800,武汉市寄递事业部,43006300,武汉市武昌区寄递事业部,43007707,武汉市武昌东亭揽投部,43007707,武汉市武昌东亭揽投部,C1100566850743,武汉中和置业有限公司,91101023611219,武汉中和置业有限公司,1100191775114,中和置业(武汉中和置业有限公司),商企类,房产建筑,房地产、建筑建材、工程,普通,2024-05-10,03321071,李小敏,,,03321071,李小敏,0.0088,0.0960377348,10.4,0.0072,0.071460358,7.6
975,420000,湖北省,420100,武汉市,420106,武昌区,43000600,湖北省寄递事业部,43001800,武汉市寄递事业部,43006300,武汉市武昌区寄递事业部,43007707,武汉市武昌东亭揽投部,43007707,武汉市武昌东亭揽投部,C1100589997515,武汉尚谷凯尔广告传媒有限公司,91101168308593,武汉尚谷凯尔广告传媒有限公司-武昌,1100240084280,武汉尚谷凯尔广告传媒有限公司(标快),商企类,商业服务类,广告、会展、公关、中介,,2025-12-29,03321071,李小敏,,,03321071,李小敏,0.0239,0.1652264228,23.9,0,0,0
976,420000,湖北省,420100,武汉市,420106,武昌区,43000600,湖北省寄递事业部,43001800,武汉市寄递事业部,43006300,武汉市武昌区寄递事业部,43007707,武汉市武昌东亭揽投部,43007707,武汉市武昌东亭揽投部,C1100604212243,武汉鑫保汽车销售服务有限公司武昌分公司,91100560176984,武汉鑫保汽车销售服务有限公司武昌分公司,1100093797030,武汉鑫保汽车销售服务有限公司武昌分公司(标快),商企类,贸易、消费品、调换货,贸易、进出口,普通,2021-08-03,03321071,李小敏,4006161936,李小敏,,,0,0,0,0.0025,0.0337553655,12.29
977,420000,湖北省,420100,武汉市,420106,武昌区,43000600,湖北省寄递事业部,43001800,武汉市寄递事业部,43006300,武汉市武昌区寄递事业部,43007707,武汉市武昌东亭揽投部,43007707,武汉市武昌东亭揽投部,C1100714840387,湖北特别关注传媒股份有限公司,80000002600547,湖北特别关注传媒股份有限公司-编辑部,1030001087943,湖北特别关注传媒股份有限公司(编辑部),商企类,传媒、娱乐、体育、旅游,新闻媒体,普通,2015-12-04,03671784,胡碧,4006161936,李小敏,,,0,0,0,0.0005,0.0067760948,0.5
978,420000,湖北省,420100,武汉市,420106,武昌区,43000600,湖北省寄递事业部,43001800,武汉市寄递事业部,43006300,武汉市武昌区寄递事业部,43007707,武汉市武昌东亭揽投部,43007707,武汉市武昌东亭揽投部,C1100906679661,华能国际电力股份有限公司湖北分公司,80000002328050,华能国际电力股份有限公司湖北分公司-办公室,1030000906201,华能国际电力股份有限公司湖北分公司(标快),商企类,能源、矿产、环保,能源、矿产、采掘、冶炼,普通,2015-11-23,03321071,李小敏,4006161936,李小敏,03321071,李小敏,0.0024,0.0353773587,2.8,0.0038,0.0502313043,11.18
979,420000,湖北省,420100,武汉市,420106,武昌区,43000600,湖北省寄递事业部,43001800,武汉市寄递事业部,43006300,武汉市武昌区寄递事业部,43007707,武汉市武昌东亭揽投部,43007707,武汉市武昌东亭揽投部,C1100912841254,武汉汉欧国际贸易有限公司,91100862558310,武汉汉欧国际贸易有限公司,1100134911911,汉鸥国际(武汉汉鸥国际贸易有限公司),商企类,贸易、消费品、调换货,零售、批发,普通,2022-11-11,03774949,周末,4006161936,李小敏,,,0,0,0,0.0001,0.0009433962,0.1
980,420000,湖北省,420100,武汉市,420106,武昌区,43000600,湖北省寄递事业部,43001800,武汉市寄递事业部,43006300,武汉市武昌区寄递事业部,43007707,武汉市武昌东亭揽投部,43007707,武汉市武昌东亭揽投部,C1100920384198,碳排放权登记结算（武汉）有限责任公司,91100893194679,碳排放权登记结算（武汉）有限责任公司-（武昌）,1100145469797,碳排放权登记结算（武汉）有限责任公司,商企类,检测类,其他,普通,2023-02-06,01610790,陈波,,,,,0,0,0,0.0001,0.0009433962,0.1
981,420000,湖北省,420100,武汉市,420106,武昌区,43000600,湖北省寄递事业部,43001800,武汉市寄递事业部,43006300,武汉市武昌区寄递事业部,43007707,武汉市武昌东亭揽投部,43007707,武汉市武昌东亭揽投部,C1100930299352,中国农业发展银行湖北省分行,80000002236328,中国农业发展银行湖北省分行,1030001779693,中国农业发展银行湖北省分行(中国农业发展银行湖北省分行营业部),商企类,金融类,卡函寄递,白银,2015-11-23,03909269,肖景林,4012401378,郭眈,03909269,肖景林,0.0037,0.0551886792,22.89,0.0126,0.1765286428,38.2
982,420000,湖北省,420100,武汉市,420106,武昌区,43000600,湖北省寄递事业部,43001800,武汉市寄递事业部,43006300,武汉市武昌区寄递事业部,43007707,武汉市武昌东亭揽投部,43007707,武汉市武昌东亭揽投部,C1100930299352,中国农业发展银行湖北省分行,91101128663289,中国农业发展银行湖北省分行-银企对账单,1100228703936,中国农业发展银行湖北省分行(银企对账单),商企类,金融类,对账单寄递,,2025-09-02,03321071,李小敏,,,03321071,李小敏,0.0129,0.1551886862,12.9,0,0,0
983,420000,湖北省,420100,武汉市,420106,武昌区,43000600,湖北省寄递事业部,43001800,武汉市寄递事业部,43006300,武汉市武昌区寄递事业部,43007707,武汉市武昌东亭揽投部,43007707,武汉市武昌东亭揽投部,C1100944199558,武汉嘉荷数字科技有限公司,91100994841849,武汉嘉荷数字科技有限公司-办公室,1100184148031,武汉嘉荷数字科技有限公司(标快),商企类,IT通讯类,IT服务类,普通,2024-01-24,01611600,沈俭,,,,,0,0,0,0.0001,0.0009433962,0.1
984,420000,湖北省,420100,武汉市,420106,武昌区,43000600,湖北省寄递事业部,43001800,武汉市寄递事业部,43006300,武汉市武昌区寄递事业部,43007707,武汉市武昌东亭揽投部,43007707,武汉市武昌东亭揽投部,C1100944200359,恒鑫泰经贸湖北有限公司,91100881546778,恒鑫泰经贸湖北有限公司,1100142572351,恒鑫泰(经贸湖北有限公司),商企类,贸易、消费品、调换货,零售、批发,普通,2023-01-11,03949732,兰冰,,,,,0,0,0,0.0001,0.0009433962,0.1
987,420000,湖北省,420100,武汉市,420106,武昌区,43000600,湖北省寄递事业部,43001800,武汉市寄递事业部,43006300,武汉市武昌区寄递事业部,43007707,武汉市武昌东亭揽投部,43007707,武汉市武昌东亭揽投部,C1101065952819,湖北崇德雅言档案管理有限公司,91100910246127,湖北崇德雅言档案管理有限公司,1100150326605,湖北崇德雅言档案管理有限公司(标快),商企类,商业服务类,专业服务、咨询（财会、法律、人力资源等）,白银,2023-03-31,03321071,李小敏,,,03321071,李小敏,0.0169,0.1952830187,223.2,0.0187,0.1993159478,255.75
988,420000,湖北省,420100,武汉市,420106,武昌区,43000600,湖北省寄递事业部,43001800,武汉市寄递事业部,43006300,武汉市武昌区寄递事业部,43007707,武汉市武昌东亭揽投部,43007707,武汉市武昌东亭揽投部,C1101069710646,国联人寿保险股份有限公司湖北分公司,91100912064341,国联人寿保险股份有限公司湖北分公司,1100150682419,国联人寿保险股份有限公司湖北分公司(标快),商企类,保险类,其他,普通,2023-04-06,01610790,陈波,,,01610790,陈波,0.0012,0.0176415095,3.4,0.001,0.0166369656,1.4
989,420000,湖北省,420100,武汉市,420106,武昌区,43000600,湖北省寄递事业部,43001800,武汉市寄递事业部,43006300,武汉市武昌区寄递事业部,43007707,武汉市武昌东亭揽投部,43007707,武汉市武昌东亭揽投部,C1101140027759,华能湖北能源销售有限责任公司,91100933630466,华能湖北能源销售有限责任公司,1100159247505,华能湖北(能源销售有限责任公司),商企类,能源、矿产、环保,电气、电力、煤气、水利,普通,2023-06-25,03321071,李小敏,,,03321071,李小敏,0.001,0.0121698116,4.8,0.0014,0.017858317,1.4
990,420000,湖北省,420100,武汉市,420106,武昌区,43000600,湖北省寄递事业部,43001800,武汉市寄递事业部,43006300,武汉市武昌区寄递事业部,43007707,武汉市武昌东亭揽投部,43007707,武汉市武昌东亭揽投部,C1101151589822,快宝(上海)网络技术有限公司,91101016932925,快宝(上海)网络技术有限公司-快宝上门取件武汉市,1100189814441,快宝(上海)网络技术有限公司(上海)网络技术有限公司(快宝上门取件武汉市),商企类,退换货（商企）,快宝退换货（商企）,普通,2024-04-10,"03916800,03881828","徐玉婷,申莉莉",,,03916800,徐玉婷,0.0003,0.0042452831,0.8,0,0,0
991,420000,湖北省,420100,武汉市,420106,武昌区,43000600,湖北省寄递事业部,43001800,武汉市寄递事业部,43006300,武汉市武昌区寄递事业部,43007707,武汉市武昌东亭揽投部,43007707,武汉市武昌东亭揽投部,C1101226026876,湖北楚天传媒文化传播有限公司,91100947347309,湖北楚天传媒文化传播有限公司,1100167537461,湖北楚天传媒文化传播有限公司(标快),商企类,传媒、娱乐、体育、旅游,出版、影视、文化传播,普通,2023-08-15,03435860,杨茶英,,,,,0,0,0,0.0002,0.0018867924,0.2
992,420000,湖北省,420100,武汉市,420106,武昌区,43000600,湖北省寄递事业部,43001800,武汉市寄递事业部,43006300,武汉市武昌区寄递事业部,43007707,武汉市武昌东亭揽投部,43007707,武汉市武昌东亭揽投部,C1101559830878,武汉市优邦数治科技有限公司,91101175177832,武汉市优邦数治科技有限公司,1100243059544,武汉市优邦数治科技有限公司(标快),商企类,IT通讯类,IT服务类,,2026-01-30,03321071,李小敏,,,03321071,李小敏,0.0001,0.0009433962,0.1,0,0,0
993,420000,湖北省,420100,武汉市,420106,武昌区,43000600,湖北省寄递事业部,43001800,武汉市寄递事业部,43006300,武汉市武昌区寄递事业部,43007707,武汉市武昌东亭揽投部,43007707,武汉市武昌东亭揽投部,C1101596421000,湖北云思鹤科技有限公司,91101055113086,湖北云思鹤科技有限公司,1100201434523,湖北云思鹤科技有限公司(标快),商企类,生鲜特产,湖（河）鲜类,白银,2024-09-23,03909269,肖景林,,,03909269,肖景林,0.0262,0.398981121,148.834,0.0514,0.6643696806,147.714
994,420000,湖北省,420100,武汉市,420106,武昌区,43000600,湖北省寄递事业部,43001800,武汉市寄递事业部,43006300,武汉市武昌区寄递事业部,43007707,武汉市武昌东亭揽投部,43007707,武汉市武昌东亭揽投部,C1101718040418,湖北佰硕天企业管理咨询有限公司,91101079801963,湖北佰硕天企业管理咨询有限公司,1100210670851,湖北佰硕天企业管理咨询有限公司(电商标快),商企类,商业服务类,专业服务、咨询（财会、法律、人力资源等）,普通,2025-01-07,03321071,李小敏,,,03321071,李小敏,0.0127,0.0899622684,5.93,0.0009,0.0071778177,0.472
995,420000,湖北省,420100,武汉市,420106,武昌区,43000600,湖北省寄递事业部,43001800,武汉市寄递事业部,43006300,武汉市武昌区寄递事业部,43007707,武汉市武昌东亭揽投部,43007707,武汉市武昌东亭揽投部,C1102064545402,中国质量认证中心有限公司武汉分公司,91101036021241,中国质量认证中心有限公司武汉分公司,1100195180668,中国质量认证中心有限公司武汉分公司(标快),商企类,检测类,其他,白银,2024-07-03,03909269,肖景林,,,03909269,肖景林,0.0015,0.0680188683,83.1,0.0123,0.3226663924,298.1
996,420000,湖北省,420100,武汉市,420106,武昌区,43000600,湖北省寄递事业部,43001800,武汉市寄递事业部,43006300,武汉市武昌区寄递事业部,43007707,武汉市武昌东亭揽投部,43007707,武汉市武昌东亭揽投部,C1102975962901,湖北元本律师事务所,91101202523276,湖北元本律师事务所,1100246173847,湖北元本律师事务所(标快),商企类,商业服务类,专业服务、咨询（财会、法律、人力资源等）,,2026-06-02,03321071,李小敏,,,03321071,李小敏,0.0007,0.0097169811,1.6,0,0,0
997,420000,湖北省,420100,武汉市,420106,武昌区,43000600,湖北省寄递事业部,43001800,武汉市寄递事业部,43006300,武汉市武昌区寄递事业部,43007707,武汉市武昌东亭揽投部,43007707,武汉市武昌东亭揽投部,C1103842078622,武汉伟星房地产开发有限公司,91101172180866,武汉伟星房地产开发有限公司,1100241851407,武汉伟星房地产开发有限公司(标快),商企类,房产建筑,房地产、建筑建材、工程,,2026-01-14,03909216,王晓天,,,03909216,王晓天,0.0003,0.0028301886,0.3,0,0,0
998,420000,湖北省,420100,武汉市,420106,武昌区,43000600,湖北省寄递事业部,43001800,武汉市寄递事业部,43006300,武汉市武昌区寄递事业部,43007707,武汉市武昌东亭揽投部,43007707,武汉市武昌东亭揽投部,C1103936172889,武汉云闪裁企业咨询服务有限公司,91101186619778,武汉云闪裁企业咨询服务有限公司,1100243856965,武汉云闪裁企业咨询服务有限公司(标快),商企类,商业服务类,专业服务、咨询（财会、法律、人力资源等）,,2026-03-09,03321071,李小敏,,,03321071,李小敏,0.0009,0.0124622638,2.824,0,0,0
999,420000,湖北省,420100,武汉市,420106,武昌区,43000600,湖北省寄递事业部,43001800,武汉市寄递事业部,43006300,武汉市武昌区寄递事业部,43007708,武汉市武昌中北路揽投部,43007708,武汉市武昌中北路揽投部,C0000007664799,深圳市万象美物业管理有限公司武汉分公司,90000009549142,深圳市万象美物业管理有限公司武汉分公司,1030001986659,深圳市万象美物业管理有限公司武汉分公司(标快),商企类,商业服务类,专业服务、咨询（财会、法律、人力资源等）,普通,2017-01-13,01611408,詹黎黎,4006161936,李小敏,,,0,0,0,0.002,0.0235342731,12.99
1001,420000,湖北省,420100,武汉市,420106,武昌区,43000600,湖北省寄递事业部,43001800,武汉市寄递事业部,43006300,武汉市武昌区寄递事业部,43007708,武汉市武昌中北路揽投部,43007708,武汉市武昌中北路揽投部,C0000009111989,湖北银行股份有限公司,90000004989280,湖北银行股份有限公司-办公室,1030001214912,湖北银行股份有限公司(标快),商企类,金融类,票据、凭证包,黄金,2015-11-23,01611764,邓万松,4006161936,李小敏,,,0,0,0,0.0176,0.1964078273,17.6
1002,420000,湖北省,420100,武汉市,420106,武昌区,43000600,湖北省寄递事业部,43001800,武汉市寄递事业部,43006300,武汉市武昌区寄递事业部,43007708,武汉市武昌中北路揽投部,43007708,武汉市武昌中北路揽投部,C1100060750022,中审众环会计师事务所（特殊普通合伙）,80000009253649,中审众环会计师事务所（特殊普通合伙）-办公室,1100037415237,中审众环会计师事务所（特殊普通合伙）(标快),商企类,金融类,其他,普通,2019-09-27,01611609,韩少华,4006161936,李小敏,,,0,0,0,0.0057,0.0665114669,52.9
1003,420000,湖北省,420100,武汉市,420106,武昌区,43000600,湖北省寄递事业部,43001800,武汉市寄递事业部,43006300,武汉市武昌区寄递事业部,43007708,武汉市武昌中北路揽投部,43007708,武汉市武昌中北路揽投部,C1100491779997,兴业银行股份有限公司武汉分行,80000002307495,兴业银行股份有限公司武汉分行-标快,1030000944854,兴业银行股份有限公司武汉分行(标快),商企类,金融类,行政办公,白银,2015-11-23,03304826,周帆,,,,,0,0,0,0.0036,0.050251947,10.6
1004,420000,湖北省,420100,武汉市,420106,武昌区,43000600,湖北省寄递事业部,43001800,武汉市寄递事业部,43006300,武汉市武昌区寄递事业部,43007708,武汉市武昌中北路揽投部,43007708,武汉市武昌中北路揽投部,C1100501280581,财智共享（北京）技术服务有限公司,91100612923139,财智共享（北京）技术服务有限公司-湖北省财智共享派揽,1100102769737,财智共享（北京）技术服务有限公司(湖北省财智共享派揽询证函),商企类,金融类,其他,铂金,2021-12-30,03828430,夏菁,,,,,0,0,0,0.025,0.2244278109,25.9
1007,420000,湖北省,420100,武汉市,420106,武昌区,43000600,湖北省寄递事业部,43001800,武汉市寄递事业部,43006300,武汉市武昌区寄递事业部,43007708,武汉市武昌中北路揽投部,43007708,武汉市武昌中北路揽投部,C1101392290615,武汉光谷信息技术股份有限公司,91101063238252,武汉光谷信息技术股份有限公司-办公室,1100205124680,武汉光谷信息技术股份有限公司(标快),商企类,IT通讯类,IT服务类,普通,2024-11-08,01610695,容大庆,,,,,0,0,0,0.0008,0.0091365327,1.5
1008,420000,湖北省,420100,武汉市,420106,武昌区,43000600,湖北省寄递事业部,43001800,武汉市寄递事业部,43006300,武汉市武昌区寄递事业部,43007709,武汉市武昌余家头揽投部,43007709,武汉市武昌余家头揽投部,C0000000532101,中国建设银行股份有限公司武汉钢城支行,91100342943131,中国建设银行股份有限公司武汉钢城支行,1100048864721,建设银行(中国建设银行股份有限公司武汉钢城支行),商企类,金融类,其他,白银,2020-05-09,04108686,童佳欣,4012401716,王聪,04108686,童佳欣,0.0156,0.1847169797,26.54,0.0081,0.0966171872,14.5
1009,420000,湖北省,420100,武汉市,420106,武昌区,43000600,湖北省寄递事业部,43001800,武汉市寄递事业部,43006300,武汉市武昌区寄递事业部,43007709,武汉市武昌余家头揽投部,43007709,武汉市武昌余家头揽投部,C0000001994092,湖北中邮物流有限责任公司,91100986810699,湖北中邮物流有限责任公司-武汉市移动小件业务（仓储中心）,1100180714575,湖北中邮物流有限责任公司(武汉市移动小件业务（仓储中心）),商企类,IT通讯类,通讯运营商,铂金,2023-12-22,04108687,陈梦园,,,,,0,0,0,0.0001,0.0010830189,0.099
1010,420000,湖北省,420100,武汉市,420106,武昌区,43000600,湖北省寄递事业部,43001800,武汉市寄递事业部,43006300,武汉市武昌区寄递事业部,43007709,武汉市武昌余家头揽投部,43007709,武汉市武昌余家头揽投部,C0000003914951,长江财产保险股份有限公司,90000004989796,长江财产保险股份有限公司,1030002038355,长江财产保险股份有限公司(标快),商企类,保险类,产险保单配送,白银,2015-11-23,04294189,李佳睿,4007499313,冯超,04294189,李佳睿,0.005,0.0797169815,8.801,0.0117,0.1707789927,19
1013,420000,湖北省,420100,武汉市,420106,武昌区,43000600,湖北省寄递事业部,43001800,武汉市寄递事业部,43006300,武汉市武昌区寄递事业部,43007709,武汉市武昌余家头揽投部,43007709,武汉市武昌余家头揽投部,C1100067337435,北京嘀嘀无限科技发展有限公司武汉分公司,91100068606930,北京嘀嘀无限科技发展有限公司武汉分公司,1030001349337,北京嘀嘀无限科技发展有限公司武汉分公司(武汉寄递),商企类,商业服务类,行政寄递,普通,2019-01-18,04116711,黄彪,,,,,0,0,0,0.0019,0.0329330453,9.5
1014,420000,湖北省,420100,武汉市,420106,武昌区,43000600,湖北省寄递事业部,43001800,武汉市寄递事业部,43006300,武汉市武昌区寄递事业部,43007709,武汉市武昌余家头揽投部,43007709,武汉市武昌余家头揽投部,C1100099476625,中信银行股份有限公司武汉分行,91101068738555,中信银行股份有限公司武汉分行-江汉2,1100207412198,中信银行股份有限公司武汉分行(美签3),商企类,金融类,其他,黄金,2024-12-06,03736715,陈磊,,,,,0,0,0,0.0001,0.000754717,0.1
1015,420000,湖北省,420100,武汉市,420106,武昌区,43000600,湖北省寄递事业部,43001800,武汉市寄递事业部,43006300,武汉市武昌区寄递事业部,43007709,武汉市武昌余家头揽投部,43007709,武汉市武昌余家头揽投部,C1100332601816,武汉德威工程技术有限公司,91100285270028,武汉德威工程技术有限公司,1100042235558,武汉德威工程技术有限公司(标快),商企类,贸易、消费品、调换货,零售、批发,普通,2020-01-13,04116711,黄彪,4010211230,黄彪,04116711,黄彪,0.0012,0.0211320759,3.1,0,0,0
1016,420000,湖北省,420100,武汉市,420106,武昌区,43000600,湖北省寄递事业部,43001800,武汉市寄递事业部,43006300,武汉市武昌区寄递事业部,43007709,武汉市武昌余家头揽投部,43007709,武汉市武昌余家头揽投部,C1100579627738,三峡国际招标有限责任公司武汉分公司,91100537340846,三峡国际招标有限责任公司武汉分公司,1100089777347,三峡招标(三峡国际招标有限责任公司武汉分公司),商企类,商业服务类,专业服务、咨询（财会、法律、人力资源等）,普通,2021-06-03,04271820,魏承睦,4012401378,郭眈,04271820,魏承睦,0.0006,0.0108490567,1.1,0.001,0.0188839796,1.2
1017,420000,湖北省,420100,武汉市,420106,武昌区,43000600,湖北省寄递事业部,43001800,武汉市寄递事业部,43006300,武汉市武昌区寄递事业部,43007709,武汉市武昌余家头揽投部,43007709,武汉市武昌余家头揽投部,C1100860438001,湖北丹梵蔻美容护肤有限公司,91100817906946,湖北丹梵蔻美容护肤有限公司,1100119313202,丹梵蔻(湖北丹梵蔻美容护肤有限公司（代收）),商企类,生鲜特产,其他类,普通,2022-06-30,03956631,戴霁,4009406054,戴霁,03956631,戴霁,0.0002,0.004245283,1,0.0008,0.0198234811,11.6
1018,420000,湖北省,420100,武汉市,420106,武昌区,43000600,湖北省寄递事业部,43001800,武汉市寄递事业部,43006300,武汉市武昌区寄递事业部,43007709,武汉市武昌余家头揽投部,43007709,武汉市武昌余家头揽投部,C1100930814197,湖北地龙天安物业管理有限公司,91100896210165,湖北地龙天安物业管理有限公司-（标快）,1100145627377,湖北地龙天安物业管理有限公司(标快),商企类,房产建筑,物业管理、商业中心,普通,2023-02-13,03956631,戴霁,,,03956631,戴霁,0.0002,0.0024528302,0.16,0.0001,0.0009433962,0.1
1021,420000,湖北省,420100,武汉市,420106,武昌区,43000600,湖北省寄递事业部,43001800,武汉市寄递事业部,43006300,武汉市武昌区寄递事业部,43007709,武汉市武昌余家头揽投部,43007709,武汉市武昌余家头揽投部,C1101106321253,龙源保康风力发电有限公司,91101023595197,龙源保康风力发电有限公司,1100191774124,龙源保康(风力发电有限公司),商企类,能源、矿产、环保,电气、电力、煤气、水利,普通,2024-05-10,03760907,付媛,,,03760907,付媛,0.0028,0.0430188684,8.6,0.0036,0.0548871376,8.65
1022,420000,湖北省,420100,武汉市,420106,武昌区,43000600,湖北省寄递事业部,43001800,武汉市寄递事业部,43006300,武汉市武昌区寄递事业部,43007709,武汉市武昌余家头揽投部,43007709,武汉市武昌余家头揽投部,C1101151589822,快宝(上海)网络技术有限公司,91101016932925,快宝(上海)网络技术有限公司-快宝上门取件武汉市,1100189814441,快宝(上海)网络技术有限公司(上海)网络技术有限公司(快宝上门取件武汉市),商企类,退换货（商企）,快宝退换货（商企）,普通,2024-04-10,"03916800,03881828","徐玉婷,申莉莉",,,03916800,徐玉婷,0.0004,0.0061320756,0.9,0,0,0
1023,420000,湖北省,420100,武汉市,420106,武昌区,43000600,湖北省寄递事业部,43001800,武汉市寄递事业部,43006300,武汉市武昌区寄递事业部,43007709,武汉市武昌余家头揽投部,43007709,武汉市武昌余家头揽投部,C1101151927873,中国石化国际事业有限公司武汉招标中心,91100938682424,中国石化国际事业有限公司武汉招标中心,1100162453968,中石化招标(中国石化国际事业有限公司武汉招标中心),商企类,生鲜特产,其他类,普通,2023-07-14,03635497,冯超,,,,,0,0,0,0.0001,0.0009433962,0.1
1024,420000,湖北省,420100,武汉市,420106,武昌区,43000600,湖北省寄递事业部,43001800,武汉市寄递事业部,43006300,武汉市武昌区寄递事业部,43007709,武汉市武昌余家头揽投部,43007709,武汉市武昌余家头揽投部,C1101427428358,武汉捷立尚信息科技有限公司,91101207324584,武汉捷立尚信息科技有限公司,1100246806806,武汉捷立尚信息科技有限公司(标快),商企类,IT通讯类,IT服务类,,2026-06-26,01605021,张斌,,,01605021,张斌,0.0001,0.0009433962,0.1,0,0,0
1025,420000,湖北省,420100,武汉市,420106,武昌区,43000600,湖北省寄递事业部,43001800,武汉市寄递事业部,43006300,武汉市武昌区寄递事业部,43007709,武汉市武昌余家头揽投部,43007709,武汉市武昌余家头揽投部,C1102208460442,武汉润公子服装有限公司,91101207324573,武汉润公子服装有限公司,1100246806794,武汉润公子服装有限公司(标快),商企类,贸易、消费品、调换货,零售、批发,,2026-06-26,01605021,张斌,,,01605021,张斌,0.0001,0.0009433962,0.1,0,0,0
1026,420000,湖北省,420100,武汉市,420106,武昌区,43000600,湖北省寄递事业部,43001800,武汉市寄递事业部,43006300,武汉市武昌区寄递事业部,43007709,武汉市武昌余家头揽投部,43007709,武汉市武昌余家头揽投部,C1102476804575,武汉华誉科技咨询有限公司,91101207324595,武汉华誉科技咨询有限公司,1100246806817,武汉华誉科技咨询有限公司(标快),商企类,IT通讯类,IT服务类,,2026-06-26,01605021,张斌,,,01605021,张斌,0.0001,0.0009433962,0.1,0,0,0
1027,420000,湖北省,420100,武汉市,420106,武昌区,43000600,湖北省寄递事业部,43001800,武汉市寄递事业部,43006300,武汉市武昌区寄递事业部,43007709,武汉市武昌余家头揽投部,43007709,武汉市武昌余家头揽投部,C1102526032956,武汉写际服饰有限公司,91101207324562,武汉写际服饰有限公司,1100246806783,武汉写际服饰有限公司(标快),商企类,贸易、消费品、调换货,零售、批发,,2026-06-26,01605021,张斌,,,01605021,张斌,0.0001,0.0009433962,0.1,0,0,0
1028,420000,湖北省,420100,武汉市,420106,武昌区,43000600,湖北省寄递事业部,43001800,武汉市寄递事业部,43006300,武汉市武昌区寄递事业部,43007709,武汉市武昌余家头揽投部,43007709,武汉市武昌余家头揽投部,C1104225553266,武汉市青山区曾群物流营业部（个体工商户）,91101207325170,武汉市青山区曾群物流营业部（个体工商户）,1100246808077,武汉市青山区曾群物流营业部（个体工商户）(标快),商企类,交通运输、物流仓储,物流仓储,,2026-06-26,01605021,张斌,,,01605021,张斌,0.0001,0.0009433962,0.1,0,0,0
1029,420000,湖北省,420100,武汉市,420107,青山区,43000600,湖北省寄递事业部,43001800,武汉市寄递事业部,43000347,武汉市青山区寄递事业部,43005114,武汉市青山建一路揽投部,43005114,武汉市青山建一路揽投部,C0000000395513,上海宝华国际招标有限公司,90000000476771,上海宝华国际招标有限公司,1100174065005,上海宝华国际招标有限公司(特快专递),商企类,生鲜特产,其他类,白银,2023-10-12,04271833,胡尧,5022545132,胡尧,,,0,0,0,0.0047,0.060773584,5
1030,420000,湖北省,420100,武汉市,420107,青山区,43000600,湖北省寄递事业部,43001800,武汉市寄递事业部,43000347,武汉市青山区寄递事业部,43005114,武汉市青山建一路揽投部,43005114,武汉市青山建一路揽投部,C0000006539991,武汉钢铁集团气体有限责任公司,90000008280974,武汉钢铁集团气体有限责任公司,1100202366449,武汉钢铁集团气体有限责任公司(特快专递),商企类,能源、矿产、环保,石油、石化、化工,普通,2024-10-08,01611605,郭俊,4003368583,高美娟,01611605,郭俊,0.0032,0.0361509435,3.7,0.0025,0.0269070371,2.6
1031,420000,湖北省,420100,武汉市,420107,青山区,43000600,湖北省寄递事业部,43001800,武汉市寄递事业部,43000347,武汉市青山区寄递事业部,43005114,武汉市青山建一路揽投部,43005114,武汉市青山建一路揽投部,C0000006551490,宝信软件（武汉）有限公司,81100350220408,宝信软件（武汉）有限公司,1100051224444,宝信软件（武汉）有限公司(特快专递),商企类,IT通讯类,IT服务类,普通,2020-05-20,01611605,郭俊,4003368583,高美娟,01611605,郭俊,0.0032,0.053773585,30.05,0.0037,0.0692922796,22.3
1032,420000,湖北省,420100,武汉市,420107,青山区,43000600,湖北省寄递事业部,43001800,武汉市寄递事业部,43000347,武汉市青山区寄递事业部,43005114,武汉市青山建一路揽投部,43005114,武汉市青山建一路揽投部,C0000008021630,上海浦东发展银行股份有限公司武汉分行,90000009970274,上海浦东发展银行股份有限公司武汉分行,1100173638651,上海浦东发展银行股份有限公司武汉分行(特快专递),商企类,金融类,票据、凭证包,普通,2023-10-02,01611605,郭俊,4003360608,肖珺,01611605,郭俊,0.0052,0.0819811317,115.1,0.0035,0.0443930671,55.6
1036,420000,湖北省,420100,武汉市,420107,青山区,43000600,湖北省寄递事业部,43001800,武汉市寄递事业部,43000347,武汉市青山区寄递事业部,43005114,武汉市青山建一路揽投部,43005114,武汉市青山建一路揽投部,C1100001574773,武汉化工新城华润燃气有限公司,91100001586260,武汉化工新城华润燃气有限公司,1100000276579,武汉化工新城华润燃气有限公司(特快专递),商企类,商业服务类,其他,普通,2019-05-14,01611605,郭俊,4003368583,高美娟,01611605,郭俊,0.0007,0.0099056604,1.5,0.0022,0.0258007612,2.8
1037,420000,湖北省,420100,武汉市,420107,青山区,43000600,湖北省寄递事业部,43001800,武汉市寄递事业部,43000347,武汉市青山区寄递事业部,43005114,武汉市青山建一路揽投部,43005114,武汉市青山建一路揽投部,C1100057374581,武汉世联兴业房地产经纪有限公司,91100058562165,武汉世联兴业房地产经纪有限公司,1030001517345,武汉世联兴业房地产经纪有限公司(特快专递),商企类,房产建筑,房地产、建筑建材、工程,普通,2018-12-19,01611605,郭俊,4007023169,张贵,01611605,郭俊,0.0003,0.0030188679,0.3,0.0017,0.0169421847,1.7
1038,420000,湖北省,420100,武汉市,420107,青山区,43000600,湖北省寄递事业部,43001800,武汉市寄递事业部,43000347,武汉市青山区寄递事业部,43005114,武汉市青山建一路揽投部,43005114,武汉市青山建一路揽投部,C1100236316328,大唐钟祥风电有限公司,91100225123748,大唐钟祥风电有限公司,1100031443119,大唐钟祥风电有限公司(特快专递),商企类,生鲜特产,其他类,白银,2019-07-22,01611605,郭俊,4003368583,高美娟,01611605,郭俊,0.0093,0.15537736,60.51,0.007,0.1021771665,38.6
1039,420000,湖北省,420100,武汉市,420107,青山区,43000600,湖北省寄递事业部,43001800,武汉市寄递事业部,43000347,武汉市青山区寄递事业部,43005114,武汉市青山建一路揽投部,43005114,武汉市青山建一路揽投部,C1100249590573,湖北省建工第二建设有限公司,91100227931219,湖北省建工第二建设有限公司,1100031883319,湖北省建工第二建设有限公司(特快专递),商企类,房产建筑,房地产、建筑建材、工程,普通,2019-08-05,01611605,郭俊,4003368583,高美娟,01611605,郭俊,0.0014,0.0141509433,1.55,0.0019,0.0187548895,3.5
1040,420000,湖北省,420100,武汉市,420107,青山区,43000600,湖北省寄递事业部,43001800,武汉市寄递事业部,43000347,武汉市青山区寄递事业部,43005114,武汉市青山建一路揽投部,43005114,武汉市青山建一路揽投部,C1100444371735,武汉奥山商业管理有限公司,91100403083448,武汉奥山商业管理有限公司,1100064816782,武汉奥山商业管理有限公司(特快专递),商企类,商业服务类,专业服务、咨询（财会、法律、人力资源等）,普通,2020-09-07,01611605,郭俊,4003368583,高美娟,01611605,郭俊,0.0044,0.0368301896,4.4,0.0045,0.0400190765,4.09
1041,420000,湖北省,420100,武汉市,420107,青山区,43000600,湖北省寄递事业部,43001800,武汉市寄递事业部,43000347,武汉市青山区寄递事业部,43005114,武汉市青山建一路揽投部,43005114,武汉市青山建一路揽投部,C1100511553956,金科智慧服务集团股份有限公司湖北分公司,91100471815389,金科智慧服务集团股份有限公司湖北分公司,1100076512777,金科智慧服务集团股份有限公司湖北分公司(特快专递),商企类,房产建筑,物业管理、商业中心,普通,2021-01-05,03605056,龙克润,,,,,0,0,0,0.0001,0.0009433962,0.1
1042,420000,湖北省,420100,武汉市,420107,青山区,43000600,湖北省寄递事业部,43001800,武汉市寄递事业部,43000347,武汉市青山区寄递事业部,43005114,武汉市青山建一路揽投部,43005114,武汉市青山建一路揽投部,C1100521288299,希界维奥山（武汉）影城有限公司,91100481371354,希界维奥山（武汉）影城有限公司,1100079515931,希界维奥山（武汉）影城有限公司(特快专递),商企类,传媒、娱乐、体育、旅游,出版、影视、文化传播,普通,2021-01-26,01610795,吕伟,4003360608,肖珺,,,0,0,0,0.0007,0.0198273758,10.86
1043,420000,湖北省,420100,武汉市,420107,青山区,43000600,湖北省寄递事业部,43001800,武汉市寄递事业部,43000347,武汉市青山区寄递事业部,43005114,武汉市青山建一路揽投部,43005114,武汉市青山建一路揽投部,C1100566484106,武汉汉口北一号公馆建设有限公司,91100876404483,武汉汉口北一号公馆建设有限公司,1100184468137,武汉汉口北一号公馆建设有限公司(特快专递),商企类,房产建筑,房地产、建筑建材、工程,普通,2024-01-29,04033727,肖静娴,4009831528,肖静娴,,,0,0,0,0.0001,0.0009433962,0.1
1044,420000,湖北省,420100,武汉市,420107,青山区,43000600,湖北省寄递事业部,43001800,武汉市寄递事业部,43000347,武汉市青山区寄递事业部,43005114,武汉市青山建一路揽投部,43005114,武汉市青山建一路揽投部,C1100596047980,武汉运盛智配科技有限公司,91100552258694,武汉运盛智配科技有限公司,1100092645817,武汉运盛智配科技有限公司(特快专递),商企类,IT通讯类,通讯运营商,普通,2021-07-13,03319992,张珊红,,,,,0,0,0,0.0002,0.0030064048,0.2
1045,420000,湖北省,420100,武汉市,420107,青山区,43000600,湖北省寄递事业部,43001800,武汉市寄递事业部,43000347,武汉市青山区寄递事业部,43005114,武汉市青山建一路揽投部,43005114,武汉市青山建一路揽投部,C1100606114729,上海欧冶材料技术有限责任公司华中分公司,91100561961910,上海欧冶材料技术有限责任公司华中分公司,1100094031616,上海欧冶材料技术有限责任公司华中分公司(特快专递),商企类,生产加工制造业,加工制造,普通,2021-08-06,04143869,王凡,,,,,0,0,0,0.0001,0.0009433962,0.1
1046,420000,湖北省,420100,武汉市,420107,青山区,43000600,湖北省寄递事业部,43001800,武汉市寄递事业部,43000347,武汉市青山区寄递事业部,43005114,武汉市青山建一路揽投部,43005114,武汉市青山建一路揽投部,C1100627498794,武汉长信智享汽车服务有限公司,91100582340352,武汉长信智享汽车服务有限公司,1100097022552,武汉长信智享汽车服务有限公司(特快专递),商企类,交通运输、物流仓储,交通运输,普通,2021-10-13,04143869,王凡,,,,,0,0,0,0.0001,0.0009433962,0.1
1047,420000,湖北省,420100,武汉市,420107,青山区,43000600,湖北省寄递事业部,43001800,武汉市寄递事业部,43000347,武汉市青山区寄递事业部,43005114,武汉市青山建一路揽投部,43005114,武汉市青山建一路揽投部,C1100653591270,湖北天汇宸安建设工程有限公司,91100607770201,湖北天汇宸安建设工程有限公司,1100102204843,湖北天汇宸安建设工程有限公司(特快专递),商企类,房产建筑,房地产、建筑建材、工程,普通,2021-12-16,01611605,郭俊,4003368583,高美娟,01611605,郭俊,0.0003,0.0035849057,0.7,0,0,0
1048,420000,湖北省,420100,武汉市,420107,青山区,43000600,湖北省寄递事业部,43001800,武汉市寄递事业部,43000347,武汉市青山区寄递事业部,43005114,武汉市青山建一路揽投部,43005114,武汉市青山建一路揽投部,C1100662328638,武汉华枫传感技术有限责任公司,91100616810745,武汉华枫传感技术有限责任公司,1100104297533,武汉华枫传感技术有限责任公司(特快专递),商企类,生产加工制造业,加工制造,普通,2022-01-10,03543166,李婕,,,,,0,0,0,0.0011,0.0239806559,4.7
1049,420000,湖北省,420100,武汉市,420107,青山区,43000600,湖北省寄递事业部,43001800,武汉市寄递事业部,43000347,武汉市青山区寄递事业部,43005114,武汉市青山建一路揽投部,43005114,武汉市青山建一路揽投部,C1100713262979,通用（武汉）自动化科技有限公司,91100662643773,通用（武汉）自动化科技有限公司,1100115193079,通用电气（武汉）自动化有限公司(特快专递),商企类,生产加工制造业,大型设备、机电设备、重工业,普通,2022-05-30,01611605,郭俊,4003368583,高美娟,01611605,郭俊,0.0005,0.0069811321,1,0.001,0.2191034272,83.4
1050,420000,湖北省,420100,武汉市,420107,青山区,43000600,湖北省寄递事业部,43001800,武汉市寄递事业部,43000347,武汉市青山区寄递事业部,43005114,武汉市青山建一路揽投部,43005114,武汉市青山建一路揽投部,C1100865103128,武汉赢城文化传媒有限公司,91100821958151,武汉赢城文化传媒有限公司,1100120869165,武汉赢城文化传媒有限公司(特快专递),商企类,传媒、娱乐、体育、旅游,出版、影视、文化传播,普通,2022-07-15,03543166,李婕,,,04028770,丁鸿鸣,0.0001,0.0004811321,1,0,0,0
1053,420000,湖北省,420100,武汉市,420107,青山区,43000600,湖北省寄递事业部,43001800,武汉市寄递事业部,43000347,武汉市青山区寄递事业部,43005114,武汉市青山建一路揽投部,43005114,武汉市青山建一路揽投部,C1101151589822,快宝(上海)网络技术有限公司,91101016932925,快宝(上海)网络技术有限公司-快宝上门取件武汉市,1100189814441,快宝(上海)网络技术有限公司(上海)网络技术有限公司(快宝上门取件武汉市),商企类,退换货（商企）,快宝退换货（商企）,普通,2024-04-10,"03916800,03881828","徐玉婷,申莉莉",,,03916800,徐玉婷,0.0002,0.0020754717,0.2,0,0,0
1054,420000,湖北省,420100,武汉市,420107,青山区,43000600,湖北省寄递事业部,43001800,武汉市寄递事业部,43000347,武汉市青山区寄递事业部,43005114,武汉市青山建一路揽投部,43005114,武汉市青山建一路揽投部,C1101413346879,武汉方特工业设备技术有限公司,91100963670373,武汉方特工业设备技术有限公司,1100173918157,武汉方特工业设备技术有限公司(特快专递),商企类,能源、矿产、环保,能源、矿产、采掘、冶炼,普通,2023-10-10,01611605,郭俊,,,01611605,郭俊,0.0002,0.0031132076,0.2,0.0001,0.0019729531,0.1
1055,420000,湖北省,420100,武汉市,420107,青山区,43000600,湖北省寄递事业部,43001800,武汉市寄递事业部,43000347,武汉市青山区寄递事业部,43005114,武汉市青山建一路揽投部,43005114,武汉市青山建一路揽投部,C1101613753019,武汉华君睿房地产开发有限公司,91100976321448,武汉华君睿房地产开发有限公司,1100177075379,武汉华君睿房地产开发有限公司(特快专递),商企类,房产建筑,房地产、建筑建材、工程,普通,2023-11-14,03543166,李婕,,,,,0,0,0,0.0001,0.0009433962,0.1
1056,420000,湖北省,420100,武汉市,420107,青山区,43000600,湖北省寄递事业部,43001800,武汉市寄递事业部,43000347,武汉市青山区寄递事业部,43005114,武汉市青山建一路揽投部,43005114,武汉市青山建一路揽投部,C1102698708877,北京中设认证服务有限公司湖北分公司,91101063004051,北京中设认证服务有限公司湖北分公司,1100204960137,北京中设认证服务有限公司湖北分公司(特快专递),商企类,商业服务类,其他,普通,2024-11-07,01611605,郭俊,4003368583,高美娟,01611605,郭俊,0.0018,0.0122830188,11.6,0.0026,0.0158210142,11.4
1058,420000,湖北省,420100,武汉市,420107,青山区,43000600,湖北省寄递事业部,43001800,武汉市寄递事业部,43000347,武汉市青山区寄递事业部,43008006,武汉市青山青化路揽投部,43008006,武汉市青山青化路揽投部,C0000008278443,中国铁建港航局集团有限公司,91101199747538,中铁建港航局-中国铁建港航局集团有限公司,1100245753907,中铁建港航局(寄递服务合同（铁建）),商企类,房产建筑,房地产、建筑建材、工程,,2026-05-15,01611950,聂利青,,,01611950,聂利青,0.0005,0.0099056605,0.48,0,0,0
1062,420000,湖北省,420100,武汉市,420107,青山区,43000600,湖北省寄递事业部,43001800,武汉市寄递事业部,43000347,武汉市青山区寄递事业部,43008006,武汉市青山青化路揽投部,43008006,武汉市青山青化路揽投部,C1100550617916,武汉新华书店股份有限公司青山书店,91100509685533,武汉新华书店股份有限公司青山书店,1100206110675,武汉新华书店股份有限公司青山书店(特快专递),商企类,商业服务类,其他,普通,2024-11-20,01611859,陈娟,5022349426,陈娟,,,0,0,0,0.0002,0.0009056604,3.4
1065,420000,湖北省,420100,武汉市,420107,青山区,43000600,湖北省寄递事业部,43001800,武汉市寄递事业部,43000347,武汉市青山区寄递事业部,43008006,武汉市青山青化路揽投部,43008006,武汉市青山青化路揽投部,P0000002206943,收件人付费,80000002600873,收件人付费,1100037135382,收件人付费(武汉公司收件人付费),商企类,其他,其他,普通,2019-09-24,04033727,肖静娴,,,,,0,0,0,0,-0.0090566037,0
1066,420000,湖北省,420100,武汉市,420107,青山区,43000600,湖北省寄递事业部,43001800,武汉市寄递事业部,43000347,武汉市青山区寄递事业部,43008007,武汉市青山电商客户揽投部,43008007,武汉市青山电商客户揽投部,C1100975350012,湖北同胜众邮物流有限公司,91100902773257,湖北同胜众邮物流有限公司,1100148008991,湖北同胜众邮物流有限公司(电商标快),商企类,交通运输、物流仓储,交通运输,铂金,2023-03-03,01613555,江胜强,4003368583,高美娟,01613555,江胜强,0.0833,0.7116132117,6038.538,0,0,0
1067,420000,湖北省,420100,武汉市,420107,青山区,43000600,湖北省寄递事业部,43001800,武汉市寄递事业部,43000347,武汉市青山区寄递事业部,43008007,武汉市青山电商客户揽投部,43008007,武汉市青山电商客户揽投部,P8101374465773,刘文国,81100387951690,刘文国,1100061807194,刘文国(同城银行包配送),商企类,金融类,票据、凭证包,钻石,2020-08-14,"04149230,04108662","邓君鑫,罗婧",4003356186,马丽,"04108662,04149230","罗婧,邓君鑫",0.0035,1.981132076,70,0.3,5.6603773585,0
1070,420000,湖北省,420100,武汉市,420107,青山区,43000600,湖北省寄递事业部,43001800,武汉市寄递事业部,43000347,武汉市青山区寄递事业部,43008107,武汉市青山仁和路揽投部,43008107,武汉市青山仁和路揽投部,C0000001994092,湖北中邮物流有限责任公司,91100986819980,湖北中邮物流有限责任公司-武汉市移动小件业务（高校部）,1100180728750,湖北中邮物流有限责任公司(武汉市移动小件业务（高校部）),商企类,IT通讯类,通讯运营商,白银,2023-12-22,04017737,戢杏娥,,,,,0,0,0,0.0004,0.0032,1
1071,420000,湖北省,420100,武汉市,420107,青山区,43000600,湖北省寄递事业部,43001800,武汉市寄递事业部,43000347,武汉市青山区寄递事业部,43008107,武汉市青山仁和路揽投部,43008107,武汉市青山仁和路揽投部,C0000001994092,湖北中邮物流有限责任公司,91101020890800,湖北中邮物流有限责任公司-武汉市移动小件业务（武汉移动市场部）,1100191077401,湖北中邮物流有限责任公司(武汉市移动小件业务（武汉移动市场部）),商企类,IT通讯类,通讯运营商,铂金,2024-04-29,03351577,罗君,,,,,0,0,0,0.0016,0.0144764499,2.958
1074,420000,湖北省,420100,武汉市,420107,青山区,43000600,湖北省寄递事业部,43001800,武汉市寄递事业部,43000347,武汉市青山区寄递事业部,43008107,武汉市青山仁和路揽投部,43008107,武汉市青山仁和路揽投部,C1100388614855,武汉市地安君泰房地产开发有限公司商业管理分公司,91100344407026,武汉市地安君泰房地产开发有限公司商业管理分公司,1100049254961,武汉市地安君泰房地产开发有限公司商业管理分公司(特快专递),商企类,房产建筑,房地产、建筑建材、工程,普通,2020-05-12,03543166,李婕,4006164973,易由妃,01610795,吕伟,0.0026,0.0351886792,2,0.0018,0.0190402454,1.11
1075,420000,湖北省,420100,武汉市,420107,青山区,43000600,湖北省寄递事业部,43001800,武汉市寄递事业部,43000347,武汉市青山区寄递事业部,43008107,武汉市青山仁和路揽投部,43008107,武汉市青山仁和路揽投部,C1100552974598,武汉富尔汽车销售服务有限公司,91100511848683,武汉富尔汽车销售服务有限公司,1100085474189,武汉富尔汽车销售服务有限公司(特快专递),商企类,生产加工制造业,汽车,普通,2021-03-26,03543166,李婕,,,01611859,陈娟,0.0022,0.0331132075,37.45,0.0014,0.0177815038,13.8
1076,420000,湖北省,420100,武汉市,420107,青山区,43000600,湖北省寄递事业部,43001800,武汉市寄递事业部,43000347,武汉市青山区寄递事业部,43008107,武汉市青山仁和路揽投部,43008107,武汉市青山仁和路揽投部,C1100566435517,金地集团武汉房地产开发有限公司,91101198675223,金地集团武汉房地产开发有限公司,1100245594427,金地集团武汉房地产开发有限公司(标快),商企类,房产建筑,物业管理、商业中心,,2026-05-09,03224158,黄红阶,,,03224158,黄红阶,0.0003,0.0049056604,0.6,0,0,0
1077,420000,湖北省,420100,武汉市,420107,青山区,43000600,湖北省寄递事业部,43001800,武汉市寄递事业部,43000347,武汉市青山区寄递事业部,43008107,武汉市青山仁和路揽投部,43008107,武汉市青山仁和路揽投部,C1100658141546,武汉金悦鑫汉和置业有限公司,91100612462047,武汉金悦鑫汉和置业有限公司,1100102646742,武汉金悦鑫汉和置业有限公司(特快专递),商企类,其他,其他,普通,2021-12-28,04171716,丁松,,,,,0,0,0,0.0001,0.0009019214,0.05
1078,420000,湖北省,420100,武汉市,420107,青山区,43000600,湖北省寄递事业部,43001800,武汉市寄递事业部,43000347,武汉市青山区寄递事业部,43008107,武汉市青山仁和路揽投部,43008107,武汉市青山仁和路揽投部,C1100911849318,武汉金驰耀楚置地有限公司,91100861842674,武汉金驰耀楚置地有限公司,1100191648708,武汉金驰耀楚置地有限公司(特快专递),商企类,房产建筑,物业管理、商业中心,普通,2024-05-10,04171716,丁松,,,,,0,0,0,0.0001,0.0009433962,0.1
1081,420000,湖北省,420100,武汉市,420107,青山区,43000600,湖北省寄递事业部,43001800,武汉市寄递事业部,43000347,武汉市青山区寄递事业部,43008107,武汉市青山仁和路揽投部,43008107,武汉市青山仁和路揽投部,C1101110245220,武汉金地弘楚房地产开发有限公司,91100924107487,武汉金地弘楚房地产开发有限公司,1100154601627,武汉金地弘楚房地产开发有限公司(特快专递),商企类,房产建筑,房地产、建筑建材、工程,白银,2023-05-22,01605040,汪丽,,,,,0,0,0,0.03,0.3118571397,29.85
1082,420000,湖北省,420100,武汉市,420107,青山区,43000600,湖北省寄递事业部,43001800,武汉市寄递事业部,43000347,武汉市青山区寄递事业部,43008107,武汉市青山仁和路揽投部,43008107,武汉市青山仁和路揽投部,C1101151589822,快宝(上海)网络技术有限公司,91101016932925,快宝(上海)网络技术有限公司-快宝上门取件武汉市,1100189814441,快宝(上海)网络技术有限公司(上海)网络技术有限公司(快宝上门取件武汉市),商企类,退换货（商企）,快宝退换货（商企）,普通,2024-04-10,"03916800,03881828","徐玉婷,申莉莉",,,03916800,徐玉婷,0.0001,0.0011320755,0.05,0,0,0
1083,420000,湖北省,420100,武汉市,420107,青山区,43000600,湖北省寄递事业部,43001800,武汉市寄递事业部,43000347,武汉市青山区寄递事业部,43008107,武汉市青山仁和路揽投部,43008107,武汉市青山仁和路揽投部,C1101435320134,武汉贵阁物业管理有限责任公司,91101111227670,武汉贵阁物业管理有限责任公司,1100220382100,武汉贵阁物业管理有限责任公司(特快专递),商企类,商业服务类,其他,普通,2025-06-19,03543166,李婕,,,03543166,李婕,0.0011,0.0093207549,1.5,0.0002,0.0023330795,0.42
1084,420000,湖北省,420100,武汉市,420107,青山区,43000600,湖北省寄递事业部,43001800,武汉市寄递事业部,43000347,武汉市青山区寄递事业部,43008107,武汉市青山仁和路揽投部,43008107,武汉市青山仁和路揽投部,C1101455065930,武汉恒信嘉宝汽车销售服务有限公司,91100974461339,武汉恒信嘉宝汽车销售服务有限公司,1100176622242,HXJB(武汉恒信嘉宝汽车销售服务有限公司),商企类,生产加工制造业,汽车,普通,2023-11-08,,吕伟,,,,,0,0,0,0.0005,0.0061145489,1.05
1085,420000,湖北省,420100,武汉市,420107,青山区,43000600,湖北省寄递事业部,43001800,武汉市寄递事业部,43000347,武汉市青山区寄递事业部,43008107,武汉市青山仁和路揽投部,43008107,武汉市青山仁和路揽投部,C1102161167680,湖北旭楚建设工程有限公司,91101094535010,湖北旭楚建设工程有限公司,1100215046640,湖北旭楚建设工程有限公司(特快专递),商企类,房产建筑,房地产、建筑建材、工程,普通,2025-03-19,03543166,李婕,,,,,0,0,0,0.0003,0.0024113554,0.15
1086,420000,湖北省,420100,武汉市,420107,青山区,43000600,湖北省寄递事业部,43001800,武汉市寄递事业部,43000347,武汉市青山区寄递事业部,43008107,武汉市青山仁和路揽投部,43008107,武汉市青山仁和路揽投部,C1102164361601,武汉执诚咨询有限公司,91101094192075,武汉执诚咨询有限公司,1100214882243,武汉执诚咨询有限公司(特快专递),商企类,商业服务类,专业服务、咨询（财会、法律、人力资源等）,普通,2025-03-17,01611859,陈娟,5022349426,陈娟,,,0,0,0,0.0048,0.0476501181,5.12
1087,420000,湖北省,420100,武汉市,420107,青山区,43000600,湖北省寄递事业部,43001800,武汉市寄递事业部,43000347,武汉市青山区寄递事业部,43008107,武汉市青山仁和路揽投部,43008107,武汉市青山仁和路揽投部,C1102375188163,武汉优成汽车销售服务有限公司,91101094942348,武汉优成汽车销售服务有限公司,1100215299831,武汉优成汽车销售服务有限公司(特快专递),商企类,其他,其他,普通,2025-03-21,03543166,李婕,,,,,0,0,0,0.0001,0.000754717,0.1
1088,420000,湖北省,420100,武汉市,420107,青山区,43000600,湖北省寄递事业部,43001800,武汉市寄递事业部,43000347,武汉市青山区寄递事业部,43008107,武汉市青山仁和路揽投部,43008107,武汉市青山仁和路揽投部,C1102631646730,武汉众盈汽车销售服务有限公司,91101094942360,武汉众盈汽车销售服务有限公司,1100215299853,武汉众盈汽车销售服务有限公司(特快专递),商企类,生产加工制造业,汽车,普通,2025-03-21,03543166,李婕,,,,,0,0,0,0.0001,0.000754717,0.1
1089,420000,湖北省,420100,武汉市,420107,青山区,43000600,湖北省寄递事业部,43001800,武汉市寄递事业部,43000347,武汉市青山区寄递事业部,43008107,武汉市青山仁和路揽投部,43008107,武汉市青山仁和路揽投部,P0000002206943,收件人付费,80000002600873,收件人付费,1100037135382,收件人付费(武汉公司收件人付费),商企类,其他,其他,普通,2019-09-24,04033727,肖静娴,,,,,0,0,0,0,-0.0169811321,0
1090,420000,湖北省,420100,武汉市,420107,青山区,43000600,湖北省寄递事业部,43001800,武汉市寄递事业部,43000347,武汉市青山区寄递事业部,43008109,武汉市青山红钢城揽投部,43008109,武汉市青山红钢城揽投部,C0000000395513,上海宝华国际招标有限公司,90000000476771,上海宝华国际招标有限公司,1100174065005,上海宝华国际招标有限公司(特快专递),商企类,生鲜特产,其他类,白银,2023-10-12,04271833,胡尧,5022545132,胡尧,,,0,0,0,0.0002,0.0029163493,0.2
1091,420000,湖北省,420100,武汉市,420107,青山区,43000600,湖北省寄递事业部,43001800,武汉市寄递事业部,43000347,武汉市青山区寄递事业部,43008109,武汉市青山红钢城揽投部,43008109,武汉市青山红钢城揽投部,C0000000532303,武汉船用机械有限责任公司,80000002236216,武汉船用机械有限责任公司-船用机厂,1030000846125,武汉船用机械有限责任公司(特快专递),商企类,生鲜特产,其他类,黄金,2015-11-23,03543166,李婕,4007110638,夏宏钢,03223948,龚正辉,0.0406,0.5109339493,86.84,0,0,0
1092,420000,湖北省,420100,武汉市,420107,青山区,43000600,湖北省寄递事业部,43001800,武汉市寄递事业部,43000347,武汉市青山区寄递事业部,43008109,武汉市青山红钢城揽投部,43008109,武汉市青山红钢城揽投部,C0000003973440,交通银行股份有限公司湖北省分行,90000005065130,交通银行股份有限公司湖北省分行,1100174068907,交通银行股份有限公司湖北省分行(特快专递),商企类,金融类,基金、证券、期货、投资,普通,2023-10-12,03543166,李婕,4003361115,王际波,01611948,王际波,0.0043,0.0631132072,57.8,0.0029,0.0372876053,21.85
1093,420000,湖北省,420100,武汉市,420107,青山区,43000600,湖北省寄递事业部,43001800,武汉市寄递事业部,43000347,武汉市青山区寄递事业部,43008109,武汉市青山红钢城揽投部,43008109,武汉市青山红钢城揽投部,C0000006539991,武汉钢铁集团气体有限责任公司,90000008280974,武汉钢铁集团气体有限责任公司,1100202366449,武汉钢铁集团气体有限责任公司(特快专递),商企类,能源、矿产、环保,石油、石化、化工,普通,2024-10-08,03304045,巴雯婷,4006093503,巴雯婷,,,0,0,0,0.0001,0.0009958716,0.1
1097,420000,湖北省,420100,武汉市,420107,青山区,43000600,湖北省寄递事业部,43001800,武汉市寄递事业部,43000347,武汉市青山区寄递事业部,43008109,武汉市青山红钢城揽投部,43008109,武汉市青山红钢城揽投部,C0000009217548,武汉深瑞商业运营管理有限公司,90000011355522,武汉深瑞商业运营管理有限公司,1030001323564,武汉深瑞商业运营管理有限公司(特快专递),商企类,房产建筑,房地产、建筑建材、工程,普通,2018-04-12,03543166,李婕,,,01610795,吕伟,0.0023,0.0233018863,1.15,0.0013,0.0156229878,0.65
1098,420000,湖北省,420100,武汉市,420107,青山区,43000600,湖北省寄递事业部,43001800,武汉市寄递事业部,43000347,武汉市青山区寄递事业部,43008109,武汉市青山红钢城揽投部,43008109,武汉市青山红钢城揽投部,C1100099476625,中信银行股份有限公司武汉分行,91101068738555,中信银行股份有限公司武汉分行-江汉2,1100207412198,中信银行股份有限公司武汉分行(美签3),商企类,金融类,其他,黄金,2024-12-06,03736715,陈磊,,,,,0,0,0,0.0001,0.000754717,0.18
1099,420000,湖北省,420100,武汉市,420107,青山区,43000600,湖北省寄递事业部,43001800,武汉市寄递事业部,43000347,武汉市青山区寄递事业部,43008109,武汉市青山红钢城揽投部,43008109,武汉市青山红钢城揽投部,C1100236316328,大唐钟祥风电有限公司,91100225123748,大唐钟祥风电有限公司,1100031443119,大唐钟祥风电有限公司(特快专递),商企类,生鲜特产,其他类,白银,2019-07-22,01611896,宋宏斌,4003360822,宋宏斌,,,0,0,0,0.0004,0.0052654924,1.7
1100,420000,湖北省,420100,武汉市,420107,青山区,43000600,湖北省寄递事业部,43001800,武汉市寄递事业部,43000347,武汉市青山区寄递事业部,43008109,武汉市青山红钢城揽投部,43008109,武汉市青山红钢城揽投部,C1100454376012,中国工商银行股份有限公司武汉分行,91100413549761,中国工商银行股份有限公司武汉分行,1100173727100,中国工商银行股份有限公司武汉分行(特快专递),商企类,金融类,票据、凭证包,普通,2023-10-08,03120439,邵兰哲,5022522564,侯洪路,01611948,王际波,0.0183,0.1857547137,9.21,0.0076,0.085550154,10.85
1101,420000,湖北省,420100,武汉市,420107,青山区,43000600,湖北省寄递事业部,43001800,武汉市寄递事业部,43000347,武汉市青山区寄递事业部,43008109,武汉市青山红钢城揽投部,43008109,武汉市青山红钢城揽投部,C1100474731660,武汉市问津电工新材有限公司,91100435157669,武汉市问津电工新材有限公司,1100070722369,武汉市问津电工新材有限公司(特快专递),商企类,生产加工制造业,加工制造,普通,2020-11-02,04143869,王凡,,,,,0,0,0,0.0007,0.0116560499,8.152
1102,420000,湖北省,420100,武汉市,420107,青山区,43000600,湖北省寄递事业部,43001800,武汉市寄递事业部,43000347,武汉市青山区寄递事业部,43008109,武汉市青山红钢城揽投部,43008109,武汉市青山红钢城揽投部,C1100496885989,武汉扬光实业有限公司资源循环科技分公司,91100457129886,武汉扬光实业有限公司资源循环科技分公司,1100075150022,武汉扬光实业有限公司资源循环科技分公司(特快专递),商企类,生鲜特产,其他类,白银,2020-12-14,03619985,叶火明,4003368583,高美娟,T42010720241022163,追梦团队,0.0349,0.2149056501,72.5,0.0319,0.1935642026,59.468
1103,420000,湖北省,420100,武汉市,420107,青山区,43000600,湖北省寄递事业部,43001800,武汉市寄递事业部,43000347,武汉市青山区寄递事业部,43008109,武汉市青山红钢城揽投部,43008109,武汉市青山红钢城揽投部,C1100563056973,武汉腾星汽车销售服务有限公司,91100521465375,武汉腾星汽车销售服务有限公司,1100086965770,武汉腾星汽车销售服务有限公司(特快专递),商企类,生产加工制造业,汽车,普通,2021-04-20,01610795,吕伟,,,,,0,0,0,0.0015,0.0177994199,6.4
1104,420000,湖北省,420100,武汉市,420107,青山区,43000600,湖北省寄递事业部,43001800,武汉市寄递事业部,43000347,武汉市青山区寄递事业部,43008109,武汉市青山红钢城揽投部,43008109,武汉市青山红钢城揽投部,C1100564908150,湖北省冶金材料分析测试中心有限公司,91100523323437,湖北省冶金材料分析测试中心有限公司,1100087384710,湖北省冶金材料分析测试中心有限公司(特快专递),商企类,生鲜特产,其他类,普通,2021-04-25,03543166,李婕,,,01611948,王际波,0.0025,0.0351886795,8.76,0.0038,0.0550278255,12.719
1105,420000,湖北省,420100,武汉市,420107,青山区,43000600,湖北省寄递事业部,43001800,武汉市寄递事业部,43000347,武汉市青山区寄递事业部,43008109,武汉市青山红钢城揽投部,43008109,武汉市青山红钢城揽投部,C1100565595614,武汉市天下房仓科技有限公司,91100524021466,武汉市天下房仓科技有限公司,1100087726406,武汉市天下房仓科技有限公司(特快专递),商企类,商业服务类,其他,普通,2021-04-27,03543166,李婕,5022349437,黄涛,01605040,汪丽,0.0029,0.0434716992,1.75,0.002,0.0300671634,1.15
1106,420000,湖北省,420100,武汉市,420107,青山区,43000600,湖北省寄递事业部,43001800,武汉市寄递事业部,43000347,武汉市青山区寄递事业部,43008109,武汉市青山红钢城揽投部,43008109,武汉市青山红钢城揽投部,C1100566463103,湖北建工集团有限公司,91101187453438,湖北建工集团有限公司-武汉,1100244044190,湖北建工集团有限公司(特快专递),商企类,房产建筑,房地产、建筑建材、工程,,2026-03-12,03543166,李婕,,,04033727,肖静娴,0.0009,0.0132075475,0.98,0,0,0
1107,420000,湖北省,420100,武汉市,420107,青山区,43000600,湖北省寄递事业部,43001800,武汉市寄递事业部,43000347,武汉市青山区寄递事业部,43008109,武汉市青山红钢城揽投部,43008109,武汉市青山红钢城揽投部,C1100566470066,武汉青山商场股份有限公司,91100906233713,武汉青山商场股份有限公司,1100148783924,武汉青山商场股份有限公司(特快专递),商企类,贸易、消费品、调换货,零售、批发,普通,2023-03-14,03811944,陈扬,4008525112,陈扬,,,0,0,0,0.0013,0.0175572877,29.871
1108,420000,湖北省,420100,武汉市,420107,青山区,43000600,湖北省寄递事业部,43001800,武汉市寄递事业部,43000347,武汉市青山区寄递事业部,43008109,武汉市青山红钢城揽投部,43008109,武汉市青山红钢城揽投部,C1100661466393,中船双瑞（洛阳）特种装备股份有限公司武汉分公司,91100615912220,中船双瑞（洛阳）特种装备股份有限公司武汉分公司,1100103979102,中船双瑞(洛阳)特种装备股份有限公司武汉分公司(特快专递),商企类,生产加工制造业,加工制造,普通,2022-01-07,03543166,李婕,5022349437,黄涛,01611859,陈娟,0.0062,0.1059433974,6.17,0,0,0
1109,420000,湖北省,420100,武汉市,420107,青山区,43000600,湖北省寄递事业部,43001800,武汉市寄递事业部,43000347,武汉市青山区寄递事业部,43008109,武汉市青山红钢城揽投部,43008109,武汉市青山红钢城揽投部,C1100683556049,湖北菁得利农业科技有限公司,91100636035241,湖北菁得利农业科技有限公司,1100107747806,湖北菁得利农业科技有限公司(电商标快),商企类,生鲜特产,其他类,白银,2022-02-21,03543166,李婕,4003360619,张丽,,,0,0,0,0.0194,0.190811943,2409.597
1110,420000,湖北省,420100,武汉市,420107,青山区,43000600,湖北省寄递事业部,43001800,武汉市寄递事业部,43000347,武汉市青山区寄递事业部,43008109,武汉市青山红钢城揽投部,43008109,武汉市青山红钢城揽投部,C1100713276873,武汉西马钢铁物流有限公司,91100662659624,武汉西马钢铁物流有限公司,1100115224748,武汉西马钢铁物流有限公司(特快专递),商企类,交通运输、物流仓储,交通运输,普通,2022-05-30,03543166,李婕,,,03543166,李婕,0.0004,0.0055660378,0.2,0.0001,0.0009433962,0.05
1111,420000,湖北省,420100,武汉市,420107,青山区,43000600,湖北省寄递事业部,43001800,武汉市寄递事业部,43000347,武汉市青山区寄递事业部,43008109,武汉市青山红钢城揽投部,43008109,武汉市青山红钢城揽投部,C1100861790519,武汉佳泰贸科技有限公司,91100819066787,武汉佳泰贸科技有限公司,1100119706680,武汉佳泰贸科技有限公司(特快专递),商企类,贸易、消费品、调换货,零售、批发,普通,2022-07-04,03543166,李婕,,,03513040,张淑芳,0.0001,0.0019811321,0.1,0.0003,0.0028301886,0.7
1112,420000,湖北省,420100,武汉市,420107,青山区,43000600,湖北省寄递事业部,43001800,武汉市寄递事业部,43000347,武汉市青山区寄递事业部,43008109,武汉市青山红钢城揽投部,43008109,武汉市青山红钢城揽投部,C1100865103128,武汉赢城文化传媒有限公司,91100821958151,武汉赢城文化传媒有限公司,1100120869165,武汉赢城文化传媒有限公司(特快专递),商企类,传媒、娱乐、体育、旅游,出版、影视、文化传播,普通,2022-07-15,04028770,丁鸿鸣,,,,,0,0,0,0.0011,0.0172045613,3.52
1115,420000,湖北省,420100,武汉市,420107,青山区,43000600,湖北省寄递事业部,43001800,武汉市寄递事业部,43000347,武汉市青山区寄递事业部,43008109,武汉市青山红钢城揽投部,43008109,武汉市青山红钢城揽投部,C1101073595484,橙联（中国）有限公司,91101112480571,橙联（中国）有限公司-鄂州,1100220989642,橙联（中国）有限公司(特快专递),商企类,贸易、消费品、调换货,贸易、进出口,,2025-06-26,03925877,曹翩,4003478967,申邦艳,,,0.0002,0.0021226415,3.35,0,0,0
1116,420000,湖北省,420100,武汉市,420107,青山区,43000600,湖北省寄递事业部,43001800,武汉市寄递事业部,43000347,武汉市青山区寄递事业部,43008109,武汉市青山红钢城揽投部,43008109,武汉市青山红钢城揽投部,C1101080389326,武汉西力特科技有限公司,91100916957290,武汉西力特科技有限公司,1100151926062,武汉西力特科技有限公司(电商标快),商企类,IT通讯类,IT服务类,黄金,2023-04-24,03543166,李婕,5022349437,黄涛,03646621,陈训武,0.0344,0.4124339634,2713.815,0.0465,0.6198916334,3554.857
1117,420000,湖北省,420100,武汉市,420107,青山区,43000600,湖北省寄递事业部,43001800,武汉市寄递事业部,43000347,武汉市青山区寄递事业部,43008109,武汉市青山红钢城揽投部,43008109,武汉市青山红钢城揽投部,C1101189001068,长沙赢城互娱网络有限公司,91100946354081,长沙赢城互娱网络有限公司,1100167084806,长沙赢城互娱网络有限公司(特快专递),商企类,IT通讯类,通讯运营商,普通,2023-08-11,04028770,丁鸿鸣,,,,,0,0,0,0.0003,0.003949801,0.43
1118,420000,湖北省,420100,武汉市,420107,青山区,43000600,湖北省寄递事业部,43001800,武汉市寄递事业部,43000347,武汉市青山区寄递事业部,43008109,武汉市青山红钢城揽投部,43008109,武汉市青山红钢城揽投部,C1101189455274,武汉赫兹创意文化传媒有限公司,91100946354339,武汉赫兹创意文化传媒有限公司,1100167085234,武汉赫兹创意文化传媒有限公司(特快专递),商企类,IT通讯类,互联网,普通,2023-08-11,04028770,丁鸿鸣,,,,,0,0,0,0.0001,0.0009433962,0.05
1119,420000,湖北省,420100,武汉市,420107,青山区,43000600,湖北省寄递事业部,43001800,武汉市寄递事业部,43000347,武汉市青山区寄递事业部,43008109,武汉市青山红钢城揽投部,43008109,武汉市青山红钢城揽投部,C1101560665630,武汉钢实钢福材新型产品科技有限公司,91100986154263,武汉钢实钢福材新型产品科技有限公司,1100216149803,武汉钢实钢福材新型产品科技有限公司(特快专递),商企类,其他,其他,普通,2025-04-02,03543166,李婕,,,,,0,0,0,0.0001,0.0009582915,0.1
1120,420000,湖北省,420100,武汉市,420107,青山区,43000600,湖北省寄递事业部,43001800,武汉市寄递事业部,43000347,武汉市青山区寄递事业部,43008109,武汉市青山红钢城揽投部,43008109,武汉市青山红钢城揽投部,C1101719918907,浙江欧铭电气有限公司,91101012016777,浙江欧铭电气有限公司,1100188582565,浙江欧铭电气有限公司(特快专递、电商标快),商企类,生鲜特产,特产类,普通,2024-03-21,03543166,李婕,4003368583,高美娟,03605056,龙克润,0.0001,0.0087830189,14.95,0.0001,0.0061161675,9.7
1121,420000,湖北省,420100,武汉市,420107,青山区,43000600,湖北省寄递事业部,43001800,武汉市寄递事业部,43000347,武汉市青山区寄递事业部,43008109,武汉市青山红钢城揽投部,43008109,武汉市青山红钢城揽投部,C1101727329968,武汉米筛湖食品有限公司,91101046438637,武汉米筛湖食品有限公司,1100197902099,武汉米筛湖食品有限公司(特快专递),商企类,生鲜特产,其他类,,2024-08-19,04033727,肖静娴,4003368583,高美娟,04033727,肖静娴,0.0082,0.046622641,183.795,0,0,0
1122,420000,湖北省,420100,武汉市,420107,青山区,43000600,湖北省寄递事业部,43001800,武汉市寄递事业部,43000347,武汉市青山区寄递事业部,43008109,武汉市青山红钢城揽投部,43008109,武汉市青山红钢城揽投部,C1101828894147,湖北琥歌生物科技有限公司,91100959139435,湖北琥歌生物科技有限公司,1100172842332,湖北琥歌生物科技有限公司(特快专递),商企类,其他,其他,普通,2023-09-22,01611859,陈娟,5022349426,陈娟,,,0,0,0,0.0003,0.007046261,12.65
1123,420000,湖北省,420100,武汉市,420107,青山区,43000600,湖北省寄递事业部,43001800,武汉市寄递事业部,43000347,武汉市青山区寄递事业部,43008109,武汉市青山红钢城揽投部,43008109,武汉市青山红钢城揽投部,C1101877865497,武汉沃云文化传媒有限公司,91100973055551,武汉沃云文化传媒有限公司,1100176076582,武汉沃云文化传媒有限公司(特快专递),商企类,传媒、娱乐、体育、旅游,出版、影视、文化传播,普通,2023-11-02,04028770,丁鸿鸣,,,,,0,0,0,0.0001,0.0009433962,0.05
1124,420000,湖北省,420100,武汉市,420107,青山区,43000600,湖北省寄递事业部,43001800,武汉市寄递事业部,43000347,武汉市青山区寄递事业部,43008109,武汉市青山红钢城揽投部,43008109,武汉市青山红钢城揽投部,C1101915679662,武汉优道优选粮油食品有限公司,91100979699618,武汉优道优选粮油食品有限公司,1100178021955,武汉优道优选粮油食品有限公司(电商标快),商企类,生鲜特产,特产类,普通,2023-11-25,03543166,李婕,4007381773,刘国钧,,,0,0,0,0.0096,0.0479406873,292.45
1125,420000,湖北省,420100,武汉市,420107,青山区,43000600,湖北省寄递事业部,43001800,武汉市寄递事业部,43000347,武汉市青山区寄递事业部,43008109,武汉市青山红钢城揽投部,43008109,武汉市青山红钢城揽投部,C1102032587009,武汉市青山区为爱调频烘焙工作坊,91101021046949,武汉市青山区为爱调频烘焙工作坊,1100191204032,武汉市青山区为爱调频烘焙工作坊(电商标快),商企类,生鲜特产,特产类,普通,2024-04-30,03619985,叶火明,,,,,0,0,0,0.0001,0.0009433962,0.05
1127,420000,湖北省,420100,武汉市,420107,青山区,43000600,湖北省寄递事业部,43001800,武汉市寄递事业部,43000347,武汉市青山区寄递事业部,43008109,武汉市青山红钢城揽投部,43008109,武汉市青山红钢城揽投部,C1102814114799,武汉能动钜业工程有限公司,91101100777252,武汉能动钜业工程有限公司,1100217423089,武汉能动钜业工程有限公司(特快专递),商企类,其他,其他,普通,2025-04-28,03543166,李婕,,,,,0,0,0,0.0011,0.009949178,3.61
1128,420000,湖北省,420100,武汉市,420107,青山区,43000600,湖北省寄递事业部,43001800,武汉市寄递事业部,43000347,武汉市青山区寄递事业部,43008109,武汉市青山红钢城揽投部,43008109,武汉市青山红钢城揽投部,C1102865557707,湖北万联科创有限公司,91101094323172,湖北万联科创有限公司,1100214959697,湖北万联科创有限公司(特快专递),商企类,能源、矿产、环保,其他,普通,2025-03-18,03543166,李婕,,,,,0,0,0,0.0004,0.0051907392,0.2
1129,420000,湖北省,420100,武汉市,420107,青山区,43000600,湖北省寄递事业部,43001800,武汉市寄递事业部,43000347,武汉市青山区寄递事业部,43008109,武汉市青山红钢城揽投部,43008109,武汉市青山红钢城揽投部,C1103740491088,武汉市武昌区井姐百货商行（个体工商户）,91101094323206,武汉市武昌区井姐百货商行（个体工商户）,1100214959721,武汉市武昌区井姐百货商行（个体工商户）(电商标快、特快专递),商企类,贸易、消费品、调换货,零售、批发,白银,2025-03-18,01611855,胡金元,4003360596,胡金元,,,0,0,0,0.0655,0.2392463787,867.25
1130,420000,湖北省,420100,武汉市,420107,青山区,43000600,湖北省寄递事业部,43001800,武汉市寄递事业部,43000347,武汉市青山区寄递事业部,43008203,武汉市青山工人村揽投部,43008203,武汉市青山工人村揽投部,C0000000532303,武汉船用机械有限责任公司,80000002236216,武汉船用机械有限责任公司-船用机厂,1030000846125,武汉船用机械有限责任公司(特快专递),商企类,生鲜特产,其他类,黄金,2015-11-23,01610795,吕伟,5022597511,左扬,,,0,0,0,0.0459,0.650140467,667.15
1131,420000,湖北省,420100,武汉市,420107,青山区,43000600,湖北省寄递事业部,43001800,武汉市寄递事业部,43000347,武汉市青山区寄递事业部,43008203,武汉市青山工人村揽投部,43008203,武汉市青山工人村揽投部,C0000006506210,武汉钢铁集团耐火材料有限责任公司,90000008245706,武汉钢铁集团耐火材料有限责任公司-鄂州市寄递,1100174160900,武汉钢铁集团耐火材料有限责任公司(特快专递),商企类,生产加工制造业,大型设备、机电设备、重工业,普通,2023-10-13,03543166,李婕,,,03543166,李婕,0.0021,0.031037736,3.9,0.0018,0.0331799811,7.2
1134,420000,湖北省,420100,武汉市,420107,青山区,43000600,湖北省寄递事业部,43001800,武汉市寄递事业部,43000347,武汉市青山区寄递事业部,43008203,武汉市青山工人村揽投部,43008203,武汉市青山工人村揽投部,C1100466180760,武汉双虎涂料股份有限公司,91100426032931,武汉双虎涂料股份有限公司,1100069056031,SHTL(武汉双虎涂料有限公司),商企类,能源、矿产、环保,石油、石化、化工,普通,2020-10-19,04033727,肖静娴,,,,,0,0,0,0.0006,0.0066899341,0.6
1135,420000,湖北省,420100,武汉市,420107,青山区,43000600,湖北省寄递事业部,43001800,武汉市寄递事业部,43000347,武汉市青山区寄递事业部,43008203,武汉市青山工人村揽投部,43008203,武汉市青山工人村揽投部,C1100468615945,武汉钢铁有限公司,91100428751043,武汉钢铁有限公司,1100174160652,武汉钢铁有限公司(特快专递),商企类,生鲜特产,其他类,黄金,2023-10-13,03543166,李婕,4006567723,王珏,03543166,李婕,0.0242,0.7935660429,939.1,0.0233,0.7114570238,739.45
1136,420000,湖北省,420100,武汉市,420107,青山区,43000600,湖北省寄递事业部,43001800,武汉市寄递事业部,43000347,武汉市青山区寄递事业部,43008203,武汉市青山工人村揽投部,43008203,武汉市青山工人村揽投部,C1100499470533,武汉武钢大数据产业园有限公司,91100459735971,武汉武钢大数据产业园有限公司,1100075498049,武汉武钢大数据产业园有限公司(特快专递),商企类,IT通讯类,IT服务类,普通,2020-12-17,03543166,李婕,4012401806,吕伟,01610795,吕伟,0.0007,0.010754717,1,0.0011,0.0146795913,1.8
1137,420000,湖北省,420100,武汉市,420107,青山区,43000600,湖北省寄递事业部,43001800,武汉市寄递事业部,43000347,武汉市青山区寄递事业部,43008203,武汉市青山工人村揽投部,43008203,武汉市青山工人村揽投部,C1100501295341,欧冶工业品股份有限公司,91100461648292,欧冶工业品股份有限公司,1100075794048,欧冶工业品股份有限公司(特快专递),商企类,能源、矿产、环保,能源、矿产、采掘、冶炼,普通,2020-12-23,03543166,李婕,,,01610795,吕伟,0.0037,0.0476415106,4.3,0.0024,0.0309753163,3
1138,420000,湖北省,420100,武汉市,420107,青山区,43000600,湖北省寄递事业部,43001800,武汉市寄递事业部,43000347,武汉市青山区寄递事业部,43008203,武汉市青山工人村揽投部,43008203,武汉市青山工人村揽投部,C1100545389309,湖北钢世源钢材加工配送有限公司,91100504805677,湖北钢世源钢材加工配送有限公司,1100084266929,湖北钢世源钢材加工配送有限公司(特快专递),商企类,生产加工制造业,加工制造,普通,2021-03-12,04143869,王凡,,,,,0,0,0,0.0002,0.001509434,0.2
1139,420000,湖北省,420100,武汉市,420107,青山区,43000600,湖北省寄递事业部,43001800,武汉市寄递事业部,43000347,武汉市青山区寄递事业部,43008203,武汉市青山工人村揽投部,43008203,武汉市青山工人村揽投部,C1100566471371,武汉安振岩土工程有限公司,91100580746114,武汉安振岩土工程有限公司,1100169837163,武汉安振岩土工程有限公司(特快专递),商企类,能源、矿产、环保,能源、矿产、采掘、冶炼,普通,2023-08-30,03543166,李婕,,,03224158,黄红阶,0.0009,0.0087547172,0.45,0.0009,0.0147579627,0.82
1140,420000,湖北省,420100,武汉市,420107,青山区,43000600,湖北省寄递事业部,43001800,武汉市寄递事业部,43000347,武汉市青山区寄递事业部,43008203,武汉市青山工人村揽投部,43008203,武汉市青山工人村揽投部,C1100602196208,武汉市高雄科技发展有限责任公司,91100558118426,武汉市高雄科技发展有限责任公司,1100093466594,武汉市高雄科技发展有限责任公司(特快专递),商企类,生产加工制造业,加工制造,普通,2021-07-28,01611859,陈娟,5022349426,陈娟,,,0,0,0,0.0013,0.0209059978,33.7
1141,420000,湖北省,420100,武汉市,420107,青山区,43000600,湖北省寄递事业部,43001800,武汉市寄递事业部,43000347,武汉市青山区寄递事业部,43008203,武汉市青山工人村揽投部,43008203,武汉市青山工人村揽投部,C1100661466393,中船双瑞(洛阳)特种装备股份有限公司武汉分公司,91100615912220,中船双瑞(洛阳)特种装备股份有限公司武汉分公司,1100103979102,中船双瑞(洛阳)特种装备股份有限公司武汉分公司(特快专递),商企类,生产加工制造业,加工制造,普通,2022-01-07,01611859,陈娟,4006771225,许国志,,,0,0,0,0.003,0.0757397866,60.35
1142,420000,湖北省,420100,武汉市,420107,青山区,43000600,湖北省寄递事业部,43001800,武汉市寄递事业部,43000347,武汉市青山区寄递事业部,43008203,武汉市青山工人村揽投部,43008203,武汉市青山工人村揽投部,C1100920384187,宝武装备智能科技有限公司武汉分公司,91100868099743,宝武装备智能科技有限公司武汉分公司,1100212350128,宝武装备智能科技有限公司武汉分公司(特快专递),商企类,生产加工制造业,加工制造,普通,2025-02-10,03543166,李婕,5022597511,左扬,03543166,李婕,0.0023,0.0675471701,61.6,0.0029,0.0696231957,63.3
1143,420000,湖北省,420100,武汉市,420107,青山区,43000600,湖北省寄递事业部,43001800,武汉市寄递事业部,43000347,武汉市青山区寄递事业部,43008203,武汉市青山工人村揽投部,43008203,武汉市青山工人村揽投部,C1100943994808,宝武共享服务有限公司,91100881495984,宝武共享服务有限公司,1100192217497,宝武共享服务有限公司(特快专递),商企类,生鲜特产,其他类,白银,2024-05-17,04290474,侯洪路,4003368583,高美娟,OSQ700027,青山区寄递事业部商企营销中心,0.0742,1.1456604046,148.8,0.0171,0.2893972332,144.93
1144,420000,湖北省,420100,武汉市,420107,青山区,43000600,湖北省寄递事业部,43001800,武汉市寄递事业部,43000347,武汉市青山区寄递事业部,43008203,武汉市青山工人村揽投部,43008203,武汉市青山工人村揽投部,C1100943994808,宝武共享服务有限公司,91101190711372,宝武共享服务有限公司-同城即配,1100244718356,宝武共享服务有限公司(同城即配),商企类,即时配,金融票据配送,,2026-03-26,03998654,李文龙,,,03998654,李文龙,0.0262,0.641415102200001,244.9,0,0,0
1147,420000,湖北省,420100,武汉市,420107,青山区,43000600,湖北省寄递事业部,43001800,武汉市寄递事业部,43000347,武汉市青山区寄递事业部,43008203,武汉市青山工人村揽投部,43008203,武汉市青山工人村揽投部,C1103740496476,武汉埃瑞特机械制造有限公司,91101094323419,武汉埃瑞特机械制造有限公司,1100214960183,武汉埃瑞特机械制造有限公司(电商标快),商企类,生产加工制造业,其他,普通,2025-03-18,03605021,何勇兵,5022522564,侯洪路,03605021,何勇兵,0.0017,0.0140566035,53.16,0.0039,0.0326347674,102.757
1151,420000,湖北省,420100,武汉市,420107,青山区,43000600,湖北省寄递事业部,43001800,武汉市寄递事业部,43000347,武汉市青山区寄递事业部,43008502,武汉市青山白玉山揽投部,43008502,武汉市青山白玉山揽投部,C1102843565599,宜城市建榕食品店（个体工商户）,91101093283918,宜城市建榕食品店（个体工商户）,1100214538476,宜城市建榕食品店（个体工商户）(电标-惠农箱),商企类,生鲜特产,社会代办（生鲜农特产）,白银,2025-03-12,03543166,李婕,4007547519,李水泉,03543166,李婕,0.1833,1.0057169528,5693.1,0.1042,0.612924962,3423
1152,420000,湖北省,420100,武汉市,420111,洪山区,43000600,湖北省寄递事业部,43001800,武汉市寄递事业部,43006009,武汉市洪山区寄递事业部,43000030,武汉市洪山珞喻路揽投部,43000030,武汉市洪山珞喻路揽投部,C1102418246616,武汉远建包装有限公司,91101159268105,武汉远建包装有限公司,1100236185007,武汉远建包装有限公司(电标快包),商企类,生鲜特产,其他类,,2025-11-19,03709019,李军,4003356186,马丽,03709019,李军,0.0123,0.1653018863,1294.08,0,0,0
1155,420000,湖北省,420100,武汉市,420111,洪山区,43000600,湖北省寄递事业部,43001800,武汉市寄递事业部,43006009,武汉市洪山区寄递事业部,43000514,武汉市洪山光谷创业街揽投部,43000514,武汉市洪山光谷创业街揽投部,C1101313056696,湖北中谷拍卖集团有限公司,91101192992386,湖北中谷拍卖集团有限公司,1100245029116,湖北中谷拍卖集团有限公司(快递包裹),商企类,其他,其他,,2026-04-07,03881832,邢伟玉,,,03881832,邢伟玉,0.0048,0.0588679248000001,2.4,0,0,0
1157,420000,湖北省,420100,武汉市,420111,洪山区,43000600,湖北省寄递事业部,43001800,武汉市寄递事业部,43006009,武汉市洪山区寄递事业部,43001210,武汉市洪山珞狮路揽投部,43001210,武汉市洪山珞狮路揽投部,P0000001904789,王成刚,80000002232942,王成刚,1030001006078,王成刚(邮政公事寄递),商企类,其他,其他,白银,2015-11-23,19601021,寄递武汉市,4012140468,寄递武汉市,19601021,寄递武汉市,0.0001,0.0009433962,0.1,0,0,0
1158,420000,湖北省,420100,武汉市,420111,洪山区,43000600,湖北省寄递事业部,43001800,武汉市寄递事业部,43006009,武汉市洪山区寄递事业部,43001405,武汉市洪山左岭揽投部,43001405,武汉市洪山左岭揽投部,C1100566439375,湖北益丰大药房连锁有限公司,91100973091955,湖北益丰大药房连锁有限公司,1100212142778,湖北益丰大药房连锁有限公司(特快),商企类,医药类,药品销售,普通,2025-02-06,01612922,张国华,,,,,0,0,0,0.0003,0.0023584906,5.04
1159,420000,湖北省,420100,武汉市,420111,洪山区,43000600,湖北省寄递事业部,43001800,武汉市寄递事业部,43006009,武汉市洪山区寄递事业部,43001405,武汉市洪山左岭揽投部,43001405,武汉市洪山左岭揽投部,C1100648915072,武汉中汉正光科技有限公司,91100602952208,武汉中汉正光科技有限公司,1100101691741,武汉中汉正光科技有限公司(特快),商企类,IT通讯类,消费电子,白银,2021-12-03,03647026,王汉华,,,,,0,0,0,0.0005,0.01907188,60.834
1160,420000,湖北省,420100,武汉市,420111,洪山区,43000600,湖北省寄递事业部,43001800,武汉市寄递事业部,43006009,武汉市洪山区寄递事业部,43001405,武汉市洪山左岭揽投部,43001405,武汉市洪山左岭揽投部,C1100661117970,武汉鸿讯通达科技有限责任公司,91100615549552,武汉鸿讯通达科技有限责任公司,1100244319982,武汉鸿讯通达科技有限责任公司(电商标快),商企类,IT通讯类,IT服务类,,2026-03-18,01612898,韩万龙,,,01612898,韩万龙,0.0151,0.0890943395,398.57,0,0,0
1161,420000,湖北省,420100,武汉市,420111,洪山区,43000600,湖北省寄递事业部,43001800,武汉市寄递事业部,43006009,武汉市洪山区寄递事业部,43001405,武汉市洪山左岭揽投部,43001405,武汉市洪山左岭揽投部,C1101346201436,武汉连良云宵物业管理服务有限公司,91101204432828,武汉连良云宵物业管理服务有限公司,1100246450676,武汉连良云宵物业管理服务有限公司(电商标快),商企类,房产建筑,物业管理、商业中心,,2026-06-12,01612898,韩万龙,,,01612898,韩万龙,0.0002,0.0009433962,0.22,0,0,0
1162,420000,湖北省,420100,武汉市,420111,洪山区,43000600,湖北省寄递事业部,43001800,武汉市寄递事业部,43006009,武汉市洪山区寄递事业部,43001405,武汉市洪山左岭揽投部,43001405,武汉市洪山左岭揽投部,C1102093950369,武汉东湖新技术开发区南柯电子商务工作室(个体工商户),91101047733175,南柯电子商务工作室-洪山寄递,1100198286534,南柯电子商务工作室(电商标快),商企类,生鲜特产,其他类,白银,2024-08-23,01612898,韩万龙,,,,,0,0,0,0.0302,0.1590303548,529.238
1163,420000,湖北省,420100,武汉市,420111,洪山区,43000600,湖北省寄递事业部,43001800,武汉市寄递事业部,43006009,武汉市洪山区寄递事业部,43001405,武汉市洪山左岭揽投部,43001405,武汉市洪山左岭揽投部,C1102876541993,武汉市东湖新技术开发区金桓建材经营部,91101090895699,武汉市东湖新技术开发区金桓建材经营部,1100213611141,武汉市东湖新技术开发区金桓建材经营部(电商标快),商企类,生产加工制造业,加工制造,普通,2025-02-27,03646664,陈晶,,,03646664,陈晶,0.0038,0.0280754718,131.23,0.004,0.0243531248,107.419
1164,420000,湖北省,420100,武汉市,420111,洪山区,43000600,湖北省寄递事业部,43001800,武汉市寄递事业部,43006009,武汉市洪山区寄递事业部,43001405,武汉市洪山左岭揽投部,43001405,武汉市洪山左岭揽投部,C1103329065381,武汉长田物业管理有限公司,91101077658972,武汉长田物业管理有限公司,1100208650935,武汉长田物业管理有限公司(电商标快),商企类,房产建筑,物业管理、商业中心,白银,2024-12-26,01612898,韩万龙,,,,,0,0,0,0.0295,0.2061661171,658.515
1166,420000,湖北省,420100,武汉市,420111,洪山区,43000600,湖北省寄递事业部,43001800,武汉市寄递事业部,43006009,武汉市洪山区寄递事业部,43005608,武汉市洪山九峰揽投部,43005608,武汉市洪山九峰揽投部,C1100454376012,中国工商银行股份有限公司武汉分行,91101087395601,中国工商银行股份有限公司武汉分行-湖北自贸试验区武汉片区分行,1100212508167,中国工商银行股份有限公司武汉分行(湖北自贸试验区武汉片区分行),商企类,金融类,对账单寄递,普通,2025-02-13,03735447,陈娟,4003356186,马丽,03735447,陈娟,0.0379,0.389528295,33.7,0.0063,0.0869305854,49
1167,420000,湖北省,420100,武汉市,420111,洪山区,43000600,湖北省寄递事业部,43001800,武汉市寄递事业部,43006009,武汉市洪山区寄递事业部,43005608,武汉市洪山九峰揽投部,43005608,武汉市洪山九峰揽投部,C1100537198982,武汉丹鸟供应链管理有限责任公司,91100497867788,武汉丹鸟供应链管理有限责任公司,1100218357569,武汉丹鸟(电商标快),商企类,生鲜特产,其他类,钻石,2025-05-16,01613532,黄文娟,,,,,0,0,0,0.8627,8.0908761691,52636.064
1168,420000,湖北省,420100,武汉市,420111,洪山区,43000600,湖北省寄递事业部,43001800,武汉市寄递事业部,43006009,武汉市洪山区寄递事业部,43005608,武汉市洪山九峰揽投部,43005608,武汉市洪山九峰揽投部,C1100566450097,湖北风神净化空调设备工程有限公司,91101025761914,湖北风神净化空调设备工程有限公司,1100192073318,风神净化空调设备(湖北风神净化空调设备工程有限公司),商企类,能源、矿产、环保,能源、矿产、采掘、冶炼,普通,2024-05-15,03735447,陈娟,,,03735447,陈娟,0.0008,0.0144339622,2.69,0.001,0.0152327765,6.23
1169,420000,湖北省,420100,武汉市,420111,洪山区,43000600,湖北省寄递事业部,43001800,武汉市寄递事业部,43006009,武汉市洪山区寄递事业部,43005608,武汉市洪山九峰揽投部,43005608,武汉市洪山九峰揽投部,C1100608544470,中国农业银行股份有限公司湖北自贸试验区武汉片区分行,91100867781100,中国农业银行股份有限公司湖北自贸试验区武汉片区分行,1100218090079,中国农业银行股份有限公司湖北自贸试验区武汉片区分行(特快),商企类,金融类,对账单寄递,普通,2025-05-12,03735447,陈娟,,,03735447,陈娟,0.0013,0.0135849054,3.13,0.0006,0.0060283882,0.36
1170,420000,湖北省,420100,武汉市,420111,洪山区,43000600,湖北省寄递事业部,43001800,武汉市寄递事业部,43006009,武汉市洪山区寄递事业部,43005608,武汉市洪山九峰揽投部,43005608,武汉市洪山九峰揽投部,C1100614037126,中通服供应链股份有限公司,91100960841583,中通服-中通服供应链管理有限公司JH,1100173521494,中通服供应链股份有限公司(中通服供应链管理有限公司),商企类,交通运输、物流仓储,其他,普通,2023-09-28,03881837,敖茜,,,,,0,0,0,0.0002,0.0024465986,0.2
1171,420000,湖北省,420100,武汉市,420111,洪山区,43000600,湖北省寄递事业部,43001800,武汉市寄递事业部,43006009,武汉市洪山区寄递事业部,43005608,武汉市洪山九峰揽投部,43005608,武汉市洪山九峰揽投部,C1100859757597,大悦城控股集团物业服务有限公司武汉分公司,91100964255160,大悦城控股集团物业服务有限公司武汉分公司,1100174161316,大悦城控股集团物业服务有限公司武汉分公司(大悦城控股集团物业服务有限公司武汉分公司),商企类,房产建筑,物业管理、商业中心,普通,2023-10-13,03735447,陈娟,,,,,0,0,0,0.0001,0.0009433962,0.06
1172,420000,湖北省,420100,武汉市,420111,洪山区,43000600,湖北省寄递事业部,43001800,武汉市寄递事业部,43006009,武汉市洪山区寄递事业部,43005608,武汉市洪山九峰揽投部,43005608,武汉市洪山九峰揽投部,C1100970228808,武汉光谷科技融资担保有限公司,91101092560410,武汉光谷科技融资担保有限公司-特快,1100214247271,武汉光谷科技融资担保有限公司(特快),商企类,金融类,信托、担保、拍卖、典当,普通,2025-03-08,03735447,陈娟,,,03735447,陈娟,0.0048,0.046698112,8.8,0.0023,0.0217924523,3.6
1175,420000,湖北省,420100,武汉市,420111,洪山区,43000600,湖北省寄递事业部,43001800,武汉市寄递事业部,43006009,武汉市洪山区寄递事业部,43005608,武汉市洪山九峰揽投部,43005608,武汉市洪山九峰揽投部,C1101062662599,物联云仓（成都）科技有限公司,91101048668746,物联云仓（成都）科技有限公司-鄂州,1100198484804,物联云仓（成都）科技有限公司(特快、电商标快),商企类,生产加工制造业,印刷、包装、造纸、办公设备、轻工业,普通,2024-08-26,03925877,曹翩,4003478967,申邦艳,03925877,曹翩,0.0003,0.0030566037,0.3,0.0001,0.0009433962,0.2
1176,420000,湖北省,420100,武汉市,420111,洪山区,43000600,湖北省寄递事业部,43001800,武汉市寄递事业部,43006009,武汉市洪山区寄递事业部,43005608,武汉市洪山九峰揽投部,43005608,武汉市洪山九峰揽投部,C1101107062829,武汉凯恩斯进出口贸易有限公司,91100923477790,武汉凯恩斯进出口贸易有限公司,1100154351494,凯恩斯(武汉凯恩斯进出口贸易有限公司),商企类,贸易、消费品、调换货,贸易、进出口,普通,2023-05-19,01613052,吴德华,,,,,0,0,0,0.0001,0.0009433962,0.08
1177,420000,湖北省,420100,武汉市,420111,洪山区,43000600,湖北省寄递事业部,43001800,武汉市寄递事业部,43006009,武汉市洪山区寄递事业部,43005608,武汉市洪山九峰揽投部,43005608,武汉市洪山九峰揽投部,C1101151589822,快宝(上海)网络技术有限公司,91101016932925,快宝(上海)网络技术有限公司-快宝上门取件武汉市,1100189814441,快宝(上海)网络技术有限公司(上海)网络技术有限公司(快宝上门取件武汉市),商企类,退换货（商企）,快宝退换货（商企）,普通,2024-04-10,"03916800,03881828","徐玉婷,申莉莉",,,03916800,徐玉婷,0.0003,0.0039622642,0.26,0,0,0
1178,420000,湖北省,420100,武汉市,420111,洪山区,43000600,湖北省寄递事业部,43001800,武汉市寄递事业部,43006009,武汉市洪山区寄递事业部,43005608,武汉市洪山九峰揽投部,43005608,武汉市洪山九峰揽投部,C1101411794762,北京青云科技集团股份有限公司武汉分公司,91101102340946,北京青云科技集团股份有限公司武汉分公司,1100217762041,北京青云科技集团股份有限公司武汉分公司(特快),商企类,生产加工制造业,加工制造,普通,2025-05-06,03735447,陈娟,,,,,0,0,0,0.0001,0.0010377359,1.25
1179,420000,湖北省,420100,武汉市,420111,洪山区,43000600,湖北省寄递事业部,43001800,武汉市寄递事业部,43006009,武汉市洪山区寄递事业部,43005608,武汉市洪山九峰揽投部,43005608,武汉市洪山九峰揽投部,C1101522992798,武汉盛博汇信息技术有限公司,91101103541007,武汉盛博汇信息技术有限公司,1100218088122,武汉盛博汇信息技术有限公司(特快),商企类,IT通讯类,IT服务类,普通,2025-05-12,03916802,陈磊,,,,,0,0,0,0.0028,0.0504590185,2.76
1180,420000,湖北省,420100,武汉市,420111,洪山区,43000600,湖北省寄递事业部,43001800,武汉市寄递事业部,43006009,武汉市洪山区寄递事业部,43005608,武汉市洪山九峰揽投部,43005608,武汉市洪山九峰揽投部,C1102218374616,武汉九兔科技有限公司,91101108030016,武汉九兔科技有限公司,1100219509536,武汉九兔科技有限公司(电商标快),商企类,IT通讯类,互联网,白银,2025-06-05,03735447,陈娟,,,03735447,陈娟,0.0001,0.0009433962,0.1,0.0363,0.1306888011,379.1
1181,420000,湖北省,420100,武汉市,420111,洪山区,43000600,湖北省寄递事业部,43001800,武汉市寄递事业部,43006009,武汉市洪山区寄递事业部,43005608,武汉市洪山九峰揽投部,43005608,武汉市洪山九峰揽投部,C1103411708994,洪湖德征凯信信息科技有限公司,91101096145985,洪湖德征凯信信息科技有限公司,1100215814632,洪湖德征凯信信息科技有限公司(特快),商企类,商业服务类,专业服务、咨询（财会、法律、人力资源等）,普通,2025-03-28,03735447,陈娟,,,03735447,陈娟,0.0001,0.0009433962,0.1,0.0015,0.0169110255,10.8
1182,420000,湖北省,420100,武汉市,420111,洪山区,43000600,湖北省寄递事业部,43001800,武汉市寄递事业部,43006009,武汉市洪山区寄递事业部,43005608,武汉市洪山九峰揽投部,43005608,武汉市洪山九峰揽投部,C1103736834826,武汉兴未堂健康科技有限公司,91101092560432,武汉兴未堂健康科技有限公司,1100214247293,武汉兴未堂健康科技有限公司(电商标快),商企类,医药类,药品销售,普通,2025-03-08,03735447,陈娟,,,,,0,0,0,0.0003,0.0101654061,35.3
1183,420000,湖北省,420100,武汉市,420111,洪山区,43000600,湖北省寄递事业部,43001800,武汉市寄递事业部,43006009,武汉市洪山区寄递事业部,43005608,武汉市洪山九峰揽投部,43005608,武汉市洪山九峰揽投部,C1103743629264,中资环电器电子循环利用（深圳）有限公司,91101095761427,中资环电器电子循环利用（深圳）有限公司,1100216100068,中资环电器电子循环利用（深圳）有限公司(湖北),商企类,贸易、消费品、调换货,零售、批发,普通,2025-04-01,01650112,申邦艳,4003478967,申邦艳,01650112,申邦艳,0.0001,0.0011320755,0.6,0,0,0
1184,420000,湖北省,420100,武汉市,420111,洪山区,43000600,湖北省寄递事业部,43001800,武汉市寄递事业部,43006009,武汉市洪山区寄递事业部,43005608,武汉市洪山九峰揽投部,43005608,武汉市洪山九峰揽投部,C1103836142313,中能方胜（湖北）人力资源有限公司,91101129116104,中能方胜（湖北）人力资源有限公司,1100228944641,中能方胜（湖北）人力资源有限公司(特快),商企类,商业服务类,专业服务、咨询（财会、法律、人力资源等）,,2025-09-03,03735447,陈娟,,,03735447,陈娟,0.0004,0.0058490567,0.5,0,0,0
1185,420000,湖北省,420100,武汉市,420111,洪山区,43000600,湖北省寄递事业部,43001800,武汉市寄递事业部,43006009,武汉市洪山区寄递事业部,43005608,武汉市洪山九峰揽投部,43005608,武汉市洪山九峰揽投部,P0000001904789,王成刚,80000002232942,王成刚,1030001006078,王成刚(邮政公事寄递),商企类,其他,其他,白银,2015-11-23,19601021,寄递武汉市,4012140468,寄递武汉市,19601021,寄递武汉市,0.0001,0.0019811321,0.3,0.0003,0.0011320755,0.9
1186,420000,湖北省,420100,武汉市,420111,洪山区,43000600,湖北省寄递事业部,43001800,武汉市寄递事业部,43006009,武汉市洪山区寄递事业部,43005608,武汉市洪山九峰揽投部,43005608,武汉市洪山九峰揽投部,P8103696271182,李国胜,81100902390926,李国胜,1100147909721,李国胜(武汉市洪山区九峰乡鸿运建材商店),商企类,生鲜特产,其他类,普通,2023-03-02,"03342787,04108665","桂冰,杨子为",,,,,0,0,0,0.0001,0.0009433962,0.7
1187,420000,湖北省,420100,武汉市,420111,洪山区,43000600,湖北省寄递事业部,43001800,武汉市寄递事业部,43006009,武汉市洪山区寄递事业部,43006011,武汉市洪山马湖揽投部,43006011,武汉市洪山马湖揽投部,C0000001994092,湖北中邮物流有限责任公司,91100986810699,湖北中邮物流有限责任公司-武汉市移动小件业务（仓储中心）,1100180714575,湖北中邮物流有限责任公司(武汉市移动小件业务（仓储中心）),商企类,IT通讯类,通讯运营商,铂金,2023-12-22,04108687,陈梦园,,,,,0,0,0,0.0001,0.0008,0.07
1188,420000,湖北省,420100,武汉市,420111,洪山区,43000600,湖北省寄递事业部,43001800,武汉市寄递事业部,43006009,武汉市洪山区寄递事业部,43006011,武汉市洪山马湖揽投部,43006011,武汉市洪山马湖揽投部,C0000001994092,湖北中邮物流有限责任公司,91100986812589,湖北中邮物流有限责任公司-武汉市移动小件业务（政企客户部）,1100180717264,湖北中邮物流有限责任公司(武汉市移动小件业务（政企客户部）),商企类,IT通讯类,通讯运营商,普通,2023-12-22,04196911,李萌,,,,,0,0,0,0.0026,0.0217892506,1.94
1191,420000,湖北省,420100,武汉市,420111,洪山区,43000600,湖北省寄递事业部,43001800,武汉市寄递事业部,43006009,武汉市洪山区寄递事业部,43006011,武汉市洪山马湖揽投部,43006011,武汉市洪山马湖揽投部,C0000009132791,武汉飞游科技有限公司,90000011254700,武汉飞游科技有限公司,1030002008497,武汉飞游科技有限公司,商企类,IT通讯类,IT服务类,普通,2018-03-06,03881832,邢伟玉,,,,,0,0,0,0.0001,0.0009433962,0.1
1192,420000,湖北省,420100,武汉市,420111,洪山区,43000600,湖北省寄递事业部,43001800,武汉市寄递事业部,43006009,武汉市洪山区寄递事业部,43006011,武汉市洪山马湖揽投部,43006011,武汉市洪山马湖揽投部,C1100006385789,武汉优普仪器设备有限公司,91100004370152,武汉优普仪器设备有限公司,1100001004715,武汉优普仪器设备有限公司(特快),商企类,生产加工制造业,汽车,白银,2019-05-21,04235899,李峥嵘,,,04235899,李峥嵘,0.004,0.0934905663,139.72,0.0057,0.1295448156,258.32
1193,420000,湖北省,420100,武汉市,420111,洪山区,43000600,湖北省寄递事业部,43001800,武汉市寄递事业部,43006009,武汉市洪山区寄递事业部,43006011,武汉市洪山马湖揽投部,43006011,武汉市洪山马湖揽投部,C1100490185481,上海禹璨信息技术有限公司,91101153142885,上海禹璨-武汉多多买菜W21507,1100233706845,上海禹璨信息技术有限公司(上海禹璨(武汉洪山多多买菜社区团购项目鄂A852网格站)),商企类,生鲜特产,其他类,,2025-10-27,03532871,陈炼,4003356186,马丽,03532871,陈炼,2.8188,29.2985537453002,14094,0,0,0
1194,420000,湖北省,420100,武汉市,420111,洪山区,43000600,湖北省寄递事业部,43001800,武汉市寄递事业部,43006009,武汉市洪山区寄递事业部,43006011,武汉市洪山马湖揽投部,43006011,武汉市洪山马湖揽投部,C1100954898050,湖北百汇盛世商贸有限公司,91100891066327,湖北百汇盛世商贸有限公司,1100145091844,湖北百汇盛世商贸有限公司(特快),商企类,贸易、消费品、调换货,耐用消费品（皮革、家具、家电服饰、纺织）,普通,2023-02-02,04235899,李峥嵘,,,04235899,李峥嵘,0.0024,0.0429245288,2.75,0.004,0.0578494456,3.27
1196,420000,湖北省,420100,武汉市,420111,洪山区,43000600,湖北省寄递事业部,43001800,武汉市寄递事业部,43006009,武汉市洪山区寄递事业部,43006011,武汉市洪山马湖揽投部,43006011,武汉市洪山马湖揽投部,C1101151589822,快宝(上海)网络技术有限公司,91101016932925,快宝(上海)网络技术有限公司-快宝上门取件武汉市,1100189814441,快宝(上海)网络技术有限公司(上海)网络技术有限公司(快宝上门取件武汉市),商企类,退换货（商企）,快宝退换货（商企）,普通,2024-04-10,"03916800,03881828","徐玉婷,申莉莉",,,03916800,徐玉婷,0.0003,0.0050943397,0.55,0,0,0
1197,420000,湖北省,420100,武汉市,420111,洪山区,43000600,湖北省寄递事业部,43001800,武汉市寄递事业部,43006009,武汉市洪山区寄递事业部,43006011,武汉市洪山马湖揽投部,43006011,武汉市洪山马湖揽投部,C1101603598947,湖北新驰物业管理有限公司,91101094711308,湖北新驰物业管理有限公司,1100215060905,湖北新驰物业管理有限公司(特快),商企类,房产建筑,物业管理、商业中心,白银,2025-03-19,04235899,李峥嵘,,,04235899,李峥嵘,0.0001,0.0009433962,0.1,0,0,0
1198,420000,湖北省,420100,武汉市,420111,洪山区,43000600,湖北省寄递事业部,43001800,武汉市寄递事业部,43006009,武汉市洪山区寄递事业部,43006011,武汉市洪山马湖揽投部,43006011,武汉市洪山马湖揽投部,C1101606407073,湖北枫加商务咨询有限公司,91101202420339,湖北枫加商务咨询有限公司,1100246141448,湖北枫加商务咨询有限公司(电商标快),商企类,生鲜特产,特产类,,2026-06-01,04235899,李峥嵘,,,04235899,李峥嵘,0.0238,0.477811319,3021.5,0,0,0
1199,420000,湖北省,420100,武汉市,420111,洪山区,43000600,湖北省寄递事业部,43001800,武汉市寄递事业部,43006009,武汉市洪山区寄递事业部,43006011,武汉市洪山马湖揽投部,43006011,武汉市洪山马湖揽投部,C1101711580779,中高法（武汉）咨询中心,91100953008940,中高法（武汉）咨询中心,1100169994167,ZGFZX(中高法（武汉）咨询中心),商企类,商业服务类,专业服务、咨询（财会、法律、人力资源等）,普通,2023-08-31,01610344,陈浩,,,,,0,0,0,0.0001,0.0009433962,0.07
1200,420000,湖北省,420100,武汉市,420111,洪山区,43000600,湖北省寄递事业部,43001800,武汉市寄递事业部,43006009,武汉市洪山区寄递事业部,43006011,武汉市洪山马湖揽投部,43006011,武汉市洪山马湖揽投部,C1101968674452,律云通法律咨询（湖北）有限公司,91100989754442,律云通法律咨询（湖北）有限公司,1100182542206,律云通法律咨询（湖北）有限公司(律云通法律咨询（湖北）有限公司),商企类,商业服务类,专业服务、咨询（财会、法律、人力资源等）,普通,2024-01-02,03319986,袁新桥,,,,,0,0,0,0.0027,0.037908646,2.53
1201,420000,湖北省,420100,武汉市,420111,洪山区,43000600,湖北省寄递事业部,43001800,武汉市寄递事业部,43006009,武汉市洪山区寄递事业部,43006011,武汉市洪山马湖揽投部,43006011,武汉市洪山马湖揽投部,C1102085215252,武汉纳厘科技有限公司,91101043030373,武汉纳厘科技有限公司,1100197148989,武汉纳厘科技有限公司(国内特快),商企类,IT通讯类,IT服务类,普通,2024-08-06,04235899,李峥嵘,,,04235899,李峥嵘,0.0001,0.0009433962,0.1,0.0008,0.0336857541,62.52
1202,420000,湖北省,420100,武汉市,420111,洪山区,43000600,湖北省寄递事业部,43001800,武汉市寄递事业部,43006009,武汉市洪山区寄递事业部,43006011,武汉市洪山马湖揽投部,43006011,武汉市洪山马湖揽投部,C1103258573410,江汉区众惠网百货零售店,91101188904722,江汉区众惠网百货零售店,1100244314189,江汉区众惠网百货零售店(电商标快),商企类,生鲜特产,其他类,,2026-03-18,04235899,李峥嵘,,,04235899,李峥嵘,0.0057,0.0641509432,313.58,0,0,0
1207,420000,湖北省,420100,武汉市,420111,洪山区,43000600,湖北省寄递事业部,43001800,武汉市寄递事业部,43006009,武汉市洪山区寄递事业部,43006171,武汉市洪山杨家湾揽投部,43006171,武汉市洪山杨家湾揽投部,C1101487383376,武汉华中科态城实业投资发展有限公司,91100991711088,武汉华中科态城实业投资发展有限公司-（洪山）,1100183175388,武汉华中科态城实业投资发展有限公司(特快),商企类,房产建筑,房地产、建筑建材、工程,白银,2024-01-10,03469356,张光进,,,03469356,张光进,0.0007,0.0077264151,3.47,0.0488,0.447371032399999,51.44
1208,420000,湖北省,420100,武汉市,420111,洪山区,43000600,湖北省寄递事业部,43001800,武汉市寄递事业部,43006009,武汉市洪山区寄递事业部,43006171,武汉市洪山杨家湾揽投部,43006171,武汉市洪山杨家湾揽投部,C1103743629264,中资环电器电子循环利用（深圳）有限公司,91101095761427,中资环电器电子循环利用（深圳）有限公司,1100216100068,中资环电器电子循环利用(湖北),商企类,贸易、消费品、调换货,零售、批发,普通,2025-04-01,,,,,,,0,0,0,0.0001,0.0015032024,1.2
1209,420000,湖北省,420100,武汉市,420111,洪山区,43000600,湖北省寄递事业部,43001800,武汉市寄递事业部,43006009,武汉市洪山区寄递事业部,43006171,武汉市洪山杨家湾揽投部,43006171,武汉市洪山杨家湾揽投部,C1104215027148,武汉圆满体育器材有限公司,91101202731604,武汉圆满体育器材有限公司,1100246208150,武汉圆满体育器材有限公司(特快),商企类,生产加工制造业,加工制造,,2026-06-03,01612851,严刚,,,01612851,严刚,0.0003,0.0019811322,0.6,0,0,0
1210,420000,湖北省,420100,武汉市,420111,洪山区,43000600,湖北省寄递事业部,43001800,武汉市寄递事业部,43006009,武汉市洪山区寄递事业部,43006417,武汉市洪山车站揽投部,43006417,武汉市洪山车站揽投部,C0000003901755,中铁十一局集团建筑安装工程有限公司,91100414280540,中铁十一局集团建筑安装工程有限公司,1100218581692,中铁十一局建筑安装(特快),商企类,生产加工制造业,加工制造,普通,2025-05-20,03647027,邹亚雄,,,03647027,邹亚雄,0.0001,0.0009433962,0.1,0.0006,0.0105975769,3
1211,420000,湖北省,420100,武汉市,420111,洪山区,43000600,湖北省寄递事业部,43001800,武汉市寄递事业部,43006009,武汉市洪山区寄递事业部,43006417,武汉市洪山车站揽投部,43006417,武汉市洪山车站揽投部,C0000008006374,深圳市易佰网络科技有限公司,91101195757210,深圳市易佰网络科技有限公司-武汉分公司,1100245305270,深圳市易佰网络科技有限公司(特快),商企类,IT通讯类,互联网,,2026-04-22,01612922,张国华,,,01612922,张国华,0.0072,0.1262641511,275.328,0,0,0
1212,420000,湖北省,420100,武汉市,420111,洪山区,43000600,湖北省寄递事业部,43001800,武汉市寄递事业部,43006009,武汉市洪山区寄递事业部,43006417,武汉市洪山车站揽投部,43006417,武汉市洪山车站揽投部,C1100099476625,中信银行股份有限公司武汉分行,91101068738555,中信银行股份有限公司武汉分行-江汉2,1100207412198,中信银行股份有限公司武汉分行(美签3),商企类,金融类,其他,黄金,2024-12-06,03736715,陈磊,4012401312,吴涛,03736715,陈磊,0.0176,0.2406415151,48.06,0,0,0
1213,420000,湖北省,420100,武汉市,420111,洪山区,43000600,湖北省寄递事业部,43001800,武汉市寄递事业部,43006009,武汉市洪山区寄递事业部,43006417,武汉市洪山车站揽投部,43006417,武汉市洪山车站揽投部,C1100480621610,中移建设有限公司湖北分公司,91101201612982,中移建设-特快,1100246029375,中移建设(特快专递),商企类,IT通讯类,通讯运营商,,2026-05-27,03647026,王汉华,,,03647026,王汉华,0.0004,0.0098113207,6.94,0,0,0
1214,420000,湖北省,420100,武汉市,420111,洪山区,43000600,湖北省寄递事业部,43001800,武汉市寄递事业部,43006009,武汉市洪山区寄递事业部,43006417,武汉市洪山车站揽投部,43006417,武汉市洪山车站揽投部,C1100521789419,武汉思创印务制作有限公司,91100481899955,武汉思创印务制作有限公司,1100079647443,武汉思创印务制作有限公司(特快),商企类,生鲜特产,其他类,普通,2021-01-27,01612922,张国华,,,01612922,张国华,0.0187,0.1919433924,136.534,0.0009,0.0067127143,5.556
1215,420000,湖北省,420100,武汉市,420111,洪山区,43000600,湖北省寄递事业部,43001800,武汉市寄递事业部,43006009,武汉市洪山区寄递事业部,43006417,武汉市洪山车站揽投部,43006417,武汉市洪山车站揽投部,C1100566439375,湖北益丰大药房连锁有限公司,91100973091955,湖北益丰大药房连锁有限公司,1100212142778,湖北益丰大药房连锁有限公司(特快),商企类,医药类,药品销售,普通,2025-02-06,01612922,张国华,,,01612922,张国华,0.0001,0.0009433962,0.1,0.0003,0.0020293233,0.2
1216,420000,湖北省,420100,武汉市,420111,洪山区,43000600,湖北省寄递事业部,43001800,武汉市寄递事业部,43006009,武汉市洪山区寄递事业部,43006417,武汉市洪山车站揽投部,43006417,武汉市洪山车站揽投部,C1100663115116,武汉亚联财小额贷款有限公司,91100617622376,武汉亚联财小额贷款有限公司-武汉亚联财小额贷款端有限公司,1100104443952,武汉亚联财小额贷款有限公司(电商标快),商企类,金融类,其他,白银,2022-01-12,01610697,陈威,,,01610697,陈威,0.0001,0.0009433962,0.1,0.1986,1.1220547626,198.6
1217,420000,湖北省,420100,武汉市,420111,洪山区,43000600,湖北省寄递事业部,43001800,武汉市寄递事业部,43006009,武汉市洪山区寄递事业部,43006417,武汉市洪山车站揽投部,43006417,武汉市洪山车站揽投部,C1100879645180,武汉永幸堂中医门诊部有限公司,91100835112754,武汉永幸堂中医门诊部有限公司,1100125359760,永幸堂中医(武汉永幸堂中医门诊部有限公司),商企类,医药类,药品销售,普通,2022-08-24,01612922,张国华,,,01612922,张国华,0.0006,0.019245283,11.2,0.0005,0.0330704517,24.68
1220,420000,湖北省,420100,武汉市,420111,洪山区,43000600,湖北省寄递事业部,43001800,武汉市寄递事业部,43006009,武汉市洪山区寄递事业部,43006417,武汉市洪山车站揽投部,43006417,武汉市洪山车站揽投部,C1101163315686,子亥（武汉）科技有限公司,91100944333985,子亥（武汉）科技有限公司,1100165942054,ZHKJ(子亥（武汉）科技有限公司),商企类,IT通讯类,IT服务类,普通,2023-08-04,03941531,颜木子,,,,,0,0,0,0.0018,0.0331682968,2.1
1221,420000,湖北省,420100,武汉市,420111,洪山区,43000600,湖北省寄递事业部,43001800,武汉市寄递事业部,43006009,武汉市洪山区寄递事业部,43006417,武汉市洪山车站揽投部,43006417,武汉市洪山车站揽投部,C1101863847616,武汉晨景文化传播有限公司,91100968079450,武汉晨景文化传播有限公司,1100175341520,晨景文化(特快、电商标快),商企类,生鲜特产,其他类,白银,2023-10-26,01612922,张国华,,,01612922,张国华,0.0118,0.0654245283,29.236,0.0292,0.1656377205,63.516
1222,420000,湖北省,420100,武汉市,420111,洪山区,43000600,湖北省寄递事业部,43001800,武汉市寄递事业部,43006009,武汉市洪山区寄递事业部,43006417,武汉市洪山车站揽投部,43006417,武汉市洪山车站揽投部,C1101954999985,湖北省征信有限公司,91100986783643,湖北省征信有限公司,1100207359413,湖北省征信有限公司(特快),商企类,商业服务类,专业服务、咨询（财会、法律、人力资源等）,普通,2024-12-06,03469342,唐江,,,03469342,唐江,0.001,0.0133962265,3.55,0,0,0
1223,420000,湖北省,420100,武汉市,420111,洪山区,43000600,湖北省寄递事业部,43001800,武汉市寄递事业部,43006009,武汉市洪山区寄递事业部,43006417,武汉市洪山车站揽投部,43006417,武汉市洪山车站揽投部,C1102655190268,湖北省宇思商贸有限公司,91101059163894,湖北省宇思商贸有限公司,1100203375664,湖北省宇思商贸有限公司(国际),商企类,贸易、消费品、调换货,贸易、进出口,普通,2024-10-17,03647026,王汉华,,,03647026,王汉华,0.0001,0.0009433962,0.1,0,0,0
1224,420000,湖北省,420100,武汉市,420111,洪山区,43000600,湖北省寄递事业部,43001800,武汉市寄递事业部,43006009,武汉市洪山区寄递事业部,43006417,武汉市洪山车站揽投部,43006417,武汉市洪山车站揽投部,C1102898207323,湖北省天下行物流运输有限公司,91101092560409,湖北省天下行物流运输有限公司,1100214247259,湖北省天下行物流运输有限公司(电标、快包),商企类,生鲜特产,其他类,黄金,2025-03-08,03374720,张放,,,,,0,0,0,0.0015,0.0045236286,15
1225,420000,湖北省,420100,武汉市,420111,洪山区,43000600,湖北省寄递事业部,43001800,武汉市寄递事业部,43006009,武汉市洪山区寄递事业部,43006417,武汉市洪山车站揽投部,43006417,武汉市洪山车站揽投部,C1102949005810,青味猫（武汉）供应链管理有限公司,91101059143094,青味猫（武汉）供应链管理有限公司,1100203340149,青味猫（武汉）供应链管理有限公司(电商标快),商企类,生鲜特产,其他类,铂金,2024-10-17,01612922,张国华,,,,,0,0,0,0.0003,0.0019260169,9
1226,420000,湖北省,420100,武汉市,420111,洪山区,43000600,湖北省寄递事业部,43001800,武汉市寄递事业部,43006009,武汉市洪山区寄递事业部,43006417,武汉市洪山车站揽投部,43006417,武汉市洪山车站揽投部,P0000001904789,王成刚,80000002232942,王成刚,1030001006078,王成刚(邮政公事寄递),商企类,其他,其他,白银,2015-11-23,19601021,寄递武汉市,4012140468,寄递武汉市,19601021,寄递武汉市,0.0007,0.0111320756,1.3,0.0003,0.0011320755,0.3
1230,420000,湖北省,420100,武汉市,420111,洪山区,43000600,湖北省寄递事业部,43001800,武汉市寄递事业部,43006009,武汉市洪山区寄递事业部,43006420,武汉市洪山武泰闸揽投部,43006420,武汉市洪山武泰闸揽投部,C1100418845271,中国电信股份有限公司湖北财务共享服务中心,91100376289568,中国电信股份有限公司湖北财务共享服务中心,1100060469995,中国电信股份有限公司湖北财务共享服务中心(武汉电信会计凭证),商企类,IT通讯类,通讯运营商,白银,2020-08-04,04143834,万仲瑾,4012401312,吴涛,04143834,万仲瑾,0.0001,0.0004575472,1,0,0,0
1231,420000,湖北省,420100,武汉市,420111,洪山区,43000600,湖北省寄递事业部,43001800,武汉市寄递事业部,43006009,武汉市洪山区寄递事业部,43006420,武汉市洪山武泰闸揽投部,43006420,武汉市洪山武泰闸揽投部,C1100474742213,中国电建集团武汉重工装备有限公司,80000010560114,中国电建集团武汉重工装备有限公司-中国电建集团武汉重工装备有限公司（标快）,1030000805906,中国电建集团武汉重工装备有限公司(国内特快),商企类,生产加工制造业,大型设备、机电设备、重工业,白银,2018-05-08,03524338,吴勇,,,03524338,吴勇,0.0044,0.086603774,25.64,0,0,0
1232,420000,湖北省,420100,武汉市,420111,洪山区,43000600,湖北省寄递事业部,43001800,武汉市寄递事业部,43006009,武汉市洪山区寄递事业部,43006420,武汉市洪山武泰闸揽投部,43006420,武汉市洪山武泰闸揽投部,C1101151589822,快宝(上海)网络技术有限公司,91101016932925,快宝(上海)网络技术有限公司-快宝上门取件武汉市,1100189814441,快宝(上海)网络技术有限公司(上海)网络技术有限公司(快宝上门取件武汉市),商企类,退换货（商企）,快宝退换货（商企）,普通,2024-04-10,"03916800,03881828","徐玉婷,申莉莉",,,03916800,徐玉婷,0.0001,0.0009433962,0.2,0,0,0
1233,420000,湖北省,420100,武汉市,420111,洪山区,43000600,湖北省寄递事业部,43001800,武汉市寄递事业部,43006009,武汉市洪山区寄递事业部,43006420,武汉市洪山武泰闸揽投部,43006420,武汉市洪山武泰闸揽投部,C1101629549299,武汉华银鑫通商贸有限公司,91101199353711,武汉华银鑫通商贸有限公司,1100245695575,武汉华银鑫通商贸有限公司(电商标快),商企类,生鲜特产,特产类,,2026-05-13,03524338,吴勇,,,03524338,吴勇,0.3513,2.4249810629,14732.235,0,0,0
1234,420000,湖北省,420100,武汉市,420111,洪山区,43000600,湖北省寄递事业部,43001800,武汉市寄递事业部,43006009,武汉市洪山区寄递事业部,43006420,武汉市洪山武泰闸揽投部,43006420,武汉市洪山武泰闸揽投部,C1102418246616,武汉远建包装有限公司,91101159268105,武汉远建包装有限公司,1100236185007,武汉远建包装有限公司(电标快包),商企类,生鲜特产,其他类,,2025-11-19,03709019,李军,4003356186,马丽,03709019,李军,0.0093,0.0515188701,276,0,0,0
1235,420000,湖北省,420100,武汉市,420111,洪山区,43000600,湖北省寄递事业部,43001800,武汉市寄递事业部,43006009,武汉市洪山区寄递事业部,43006422,武汉市洪山白沙洲揽投部,43006422,武汉市洪山白沙洲揽投部,C1100608523286,武汉迪爱环保科技有限公司,91100600180737,武汉迪爱环保科技有限公司-X武汉迪爱环保科技有限公司,1100101333362,武汉迪爱环保科技有限公司(电商标快),商企类,贸易、消费品、调换货,快速消费品（食品、饮料、烟酒、日化）,钻石,2021-11-26,"03374720,01611344,01611674","张放,王竸,彭光辉",,,,,0,0,0,0.0023,0.0103857449,137.4
1237,420000,湖北省,420100,武汉市,420111,洪山区,43000600,湖北省寄递事业部,43001800,武汉市寄递事业部,43006009,武汉市洪山区寄递事业部,43006422,武汉市洪山白沙洲揽投部,43006422,武汉市洪山白沙洲揽投部,C1101333156688,武汉常阳润力房地产开发有限公司,91101103669255,武汉常阳润力房地产开发有限公司,1100218162383,武汉常阳润力房地产开发有限公司(特快),商企类,房产建筑,房地产、建筑建材、工程,普通,2025-05-13,03374720,张放,,,,,0,0,0,0.0001,0.0019729531,0.05
1238,420000,湖北省,420100,武汉市,420111,洪山区,43000600,湖北省寄递事业部,43001800,武汉市寄递事业部,43006009,武汉市洪山区寄递事业部,43006422,武汉市洪山白沙洲揽投部,43006422,武汉市洪山白沙洲揽投部,C1101485669494,武汉听讼信息技术有限公司,91100981094542,武汉听讼信息技术有限公司,1100178408640,武汉听讼信息技术有限公司(特快、航空专线),商企类,IT通讯类,IT服务类,铂金,2023-11-30,"03374720,01611668","张放,聂惠",4003356186,马丽,03374720,张放,0.256,1.8493584951,1159.9,0,0,0
1239,420000,湖北省,420100,武汉市,420111,洪山区,43000600,湖北省寄递事业部,43001800,武汉市寄递事业部,43006009,武汉市洪山区寄递事业部,43006422,武汉市洪山白沙洲揽投部,43006422,武汉市洪山白沙洲揽投部,C1102898207323,湖北省天下行物流运输有限公司,91101092560409,湖北省天下行物流运输有限公司,1100214247259,湖北省天下行物流运输有限公司(电标、快包),商企类,生鲜特产,其他类,黄金,2025-03-08,03374720,张放,,,,,0,0,0,0.1729,0.8128492015,8680.605
1240,420000,湖北省,420100,武汉市,420111,洪山区,43000600,湖北省寄递事业部,43001800,武汉市寄递事业部,43006009,武汉市洪山区寄递事业部,43006423,武汉市洪山巡司河揽投部,43006423,武汉市洪山巡司河揽投部,C0000005400740,中煤科工集团武汉设计研究院有限公司,90000007023765,中煤科工集团武汉设计研究院有限公司,1100087233814,中煤科工集团武汉设计研究院(国内特快),商企类,生产加工制造业,汽车,铂金,2021-04-23,03560805,王小刚,,,,,0,0,0,0.0006,0.0587940541,78.68
1241,420000,湖北省,420100,武汉市,420111,洪山区,43000600,湖北省寄递事业部,43001800,武汉市寄递事业部,43006009,武汉市洪山区寄递事业部,43006423,武汉市洪山巡司河揽投部,43006423,武汉市洪山巡司河揽投部,C0000009347597,通用电气（武汉）工程技术有限公司,91100843400674,通用电气（武汉）工程技术有限公司-（武昌）,1100128146396,通用电气（武汉）工程技术有限公司,商企类,生产加工制造业,大型设备、机电设备、重工业,普通,2022-09-16,03560805,王小刚,4007190018,王小刚,,,0,0,0,0.0024,0.046137312,5.82
1242,420000,湖北省,420100,武汉市,420111,洪山区,43000600,湖北省寄递事业部,43001800,武汉市寄递事业部,43006009,武汉市洪山区寄递事业部,43006423,武汉市洪山巡司河揽投部,43006423,武汉市洪山巡司河揽投部,C1100468582173,中国舰船研究设计中心,80000009743137,舰船研究设计中心-中国船舶重工集团第七〇一研究所,1100037132390,中国船舶重工集团第七0一研究所（后勤集团）,商企类,生产加工制造业,大型设备、机电设备、重工业,白银,2019-09-24,03560805,王小刚,,,,,0,0,0,0.0005,0.0098647655,1
1243,420000,湖北省,420100,武汉市,420111,洪山区,43000600,湖北省寄递事业部,43001800,武汉市寄递事业部,43006009,武汉市洪山区寄递事业部,43006423,武汉市洪山巡司河揽投部,43006423,武汉市洪山巡司河揽投部,C1100474742213,中国电建集团武汉重工装备有限公司,80000010560114,中国电建集团武汉重工装备有限公司-中国电建集团武汉重工装备有限公司（标快）,1030000805906,中国电建集团武汉重工装备有限公司(国内特快),商企类,生产加工制造业,大型设备、机电设备、重工业,白银,2018-05-08,03560805,王小刚,,,,,0,0,0,0.0071,0.1284687985,19.06
1244,420000,湖北省,420100,武汉市,420111,洪山区,43000600,湖北省寄递事业部,43001800,武汉市寄递事业部,43006009,武汉市洪山区寄递事业部,43006423,武汉市洪山巡司河揽投部,43006423,武汉市洪山巡司河揽投部,C1100706150955,湖北昕泽医药有限公司,91101095960002,湖北昕泽医药有限公司-电标,1100215719737,湖北昕泽医药有限公司(电标),商企类,生鲜特产,其他类,白银,2025-03-27,03560805,王小刚,,,,,0,0,0,0.0182,0.0960434482,523.76
1245,420000,湖北省,420100,武汉市,420111,洪山区,43000600,湖北省寄递事业部,43001800,武汉市寄递事业部,43006009,武汉市洪山区寄递事业部,43006423,武汉市洪山巡司河揽投部,43006423,武汉市洪山巡司河揽投部,C1100713350001,湖北华夏慧智科技有限公司,80000002314505,湖北华夏慧智科技有限公司-湖北华夏慧科科技有限公司,1030001802195,湖北华夏慧智科技有限公司(代收-湖北华夏慧科科技有限公司),商企类,生鲜特产,其他类,普通,2015-11-23,03560805,王小刚,,,,,0,0,0,0.0001,0.0009433962,0.1
1246,420000,湖北省,420100,武汉市,420111,洪山区,43000600,湖北省寄递事业部,43001800,武汉市寄递事业部,43006009,武汉市洪山区寄递事业部,43006423,武汉市洪山巡司河揽投部,43006423,武汉市洪山巡司河揽投部,C1100901920328,中国人寿保险股份有限公司湖北省分公司,91101018929855,中国人寿保险股份有限公司湖北省分公司-（武泰闸）,1100190447030,中国人寿保险股份有限公司湖北省分公司(（武泰闸）),商企类,保险类,寿险保单配送,铂金,2024-04-19,03560805,王小刚,,,,,0,0,0,0.02,0.2306351416,347.016
1249,420000,湖北省,420100,武汉市,420111,洪山区,43000600,湖北省寄递事业部,43001800,武汉市寄递事业部,43006009,武汉市洪山区寄递事业部,43006423,武汉市洪山巡司河揽投部,43006423,武汉市洪山巡司河揽投部,C1101353190677,武汉信德鸿运快运服务有限公司,91101029277314,信德鸿运-武泰闸,1100193015810,信德鸿运(武科大学生包),商企类,交通运输、物流仓储,其他,铂金,2024-06-03,03560805,王小刚,,,,,0,0,0,0.0114,0.1353648948,1032.09
1250,420000,湖北省,420100,武汉市,420111,洪山区,43000600,湖北省寄递事业部,43001800,武汉市寄递事业部,43006009,武汉市洪山区寄递事业部,43006423,武汉市洪山巡司河揽投部,43006423,武汉市洪山巡司河揽投部,C1101563318863,武汉市鑫世发商贸有限公司,91101093478071,武汉市鑫世发商贸有限公司,1100214640773,武汉市鑫世发商贸有限公司(电商标快),商企类,生鲜特产,其他类,黄金,2025-03-13,03560805,王小刚,,,,,0,0,0,0.0058,0.0328832785,174
1252,420000,湖北省,420100,武汉市,420111,洪山区,43000600,湖北省寄递事业部,43001800,武汉市寄递事业部,43006009,武汉市洪山区寄递事业部,43006502,武汉市洪山张家湾揽投部,43006502,武汉市洪山张家湾揽投部,C1100002308072,武汉信德宏远快运服务有限公司,81100506216495,武汉信德宏远快运服务有限公司-X武汉信德宏远快运服务有限公司,1100084470690,武汉信德宏远快运服务有限公司(特快),商企类,生鲜特产,其他类,白银,2021-03-16,03513012,倪志,,,03513012,倪志,0.0445,0.345688689,55.07,0.0188,0.2013503157,75.89
1253,420000,湖北省,420100,武汉市,420111,洪山区,43000600,湖北省寄递事业部,43001800,武汉市寄递事业部,43006009,武汉市洪山区寄递事业部,43006502,武汉市洪山张家湾揽投部,43006502,武汉市洪山张家湾揽投部,C1100608523286,武汉迪爱环保科技有限公司,91100600180737,武汉迪爱环保科技有限公司-X武汉迪爱环保科技有限公司,1100101333362,武汉迪爱环保科技有限公司(电商标快),商企类,贸易、消费品、调换货,快速消费品（食品、饮料、烟酒、日化）,钻石,2021-11-26,"03374720,01611344,01611674","张放,王竸,彭光辉",,,,,0,0,0,0.4118,3.443260625,20983.32
1254,420000,湖北省,420100,武汉市,420111,洪山区,43000600,湖北省寄递事业部,43001800,武汉市寄递事业部,43006009,武汉市洪山区寄递事业部,43006502,武汉市洪山张家湾揽投部,43006502,武汉市洪山张家湾揽投部,C1100889306310,四川霖安人力资源服务有限公司,91100843404847,四川霖安人力资源服务有限公司,1100128153608,霖安人力(四川霖安人力资源服务有限公司),商企类,商业服务类,专业服务、咨询（财会、法律、人力资源等）,普通,2022-09-16,01611344,王竸,,,,,0,0,0,0.0003,0.0036792453,0.3
1257,420000,湖北省,420100,武汉市,420111,洪山区,43000600,湖北省寄递事业部,43001800,武汉市寄递事业部,43006009,武汉市洪山区寄递事业部,43006502,武汉市洪山张家湾揽投部,43006502,武汉市洪山张家湾揽投部,C1101668923401,武汉市徐柯记电子商务有限公司,91100958384885,武汉市徐柯记电子商务有限公司,1100172322908,徐柯记(电商标快),商企类,生鲜特产,其他类,黄金,2023-09-18,03374720,张放,,,,,0,0,0,0.1023,0.584052863,4162.09
1258,420000,湖北省,420100,武汉市,420111,洪山区,43000600,湖北省寄递事业部,43001800,武汉市寄递事业部,43006009,武汉市洪山区寄递事业部,43006502,武汉市洪山张家湾揽投部,43006502,武汉市洪山张家湾揽投部,C1102898207323,湖北省天下行物流运输有限公司,91101092560409,湖北省天下行物流运输有限公司,1100214247259,湖北省天下行物流运输有限公司(电标、快包),商企类,生鲜特产,其他类,黄金,2025-03-08,03374720,张放,,,,,0,0,0,0.0358,0.1608380933,1853.78
1259,420000,湖北省,420100,武汉市,420111,洪山区,43000600,湖北省寄递事业部,43001800,武汉市寄递事业部,43006009,武汉市洪山区寄递事业部,43007011,武汉市洪山武珞路揽投部,43007011,武汉市洪山武珞路揽投部,C0000003973440,交通银行股份有限公司湖北省分行,80000002232278,交通银行股份有限公司湖北省分行-交通银行鲁巷支行,1030000854067,交通银行股份有限公司湖北省分行(交通银行鲁巷支行),商企类,金融类,行政办公,白银,2015-11-23,01610903,任珊,,,,,0,0,0,0.006,0.082160161,97.26
1261,420000,湖北省,420100,武汉市,420111,洪山区,43000600,湖北省寄递事业部,43001800,武汉市寄递事业部,43006009,武汉市洪山区寄递事业部,43007011,武汉市洪山武珞路揽投部,43007011,武汉市洪山武珞路揽投部,C1100099476625,中信银行股份有限公司武汉分行,91101068738555,中信银行股份有限公司武汉分行-江汉2,1100207412198,中信银行股份有限公司武汉分行(美签3),商企类,金融类,其他,黄金,2024-12-06,03736715,陈磊,4012401312,吴涛,03736715,陈磊,0.0001,0.000754717,0.1,0.0002,0.001509434,0.28
1262,420000,湖北省,420100,武汉市,420111,洪山区,43000600,湖北省寄递事业部,43001800,武汉市寄递事业部,43006009,武汉市洪山区寄递事业部,43007011,武汉市洪山武珞路揽投部,43007011,武汉市洪山武珞路揽投部,C1100614753480,武汉银莲果网络科技有限公司,91100570704713,武汉银莲果网络科技有限公司,1100095285696,武汉银莲果网络科技有限公司(代收货款),商企类,IT通讯类,行政寄递,普通,2021-08-27,03515584,陈翔,,,03515584,陈翔,0.0001,0.0009433962,0.1,0.0001,0.0123074693,11.62
1263,420000,湖北省,420100,武汉市,420111,洪山区,43000600,湖北省寄递事业部,43001800,武汉市寄递事业部,43006009,武汉市洪山区寄递事业部,43007011,武汉市洪山武珞路揽投部,43007011,武汉市洪山武珞路揽投部,C1100971891715,武汉市林之芊科技有限公司,91100900319969,武汉市林之芊科技有限公司,1100147401740,林之芊(电商标快),商企类,生鲜特产,其他类,普通,2023-02-24,03515584,陈翔,,,03515584,陈翔,0.007,0.0481320753,241.89,0.0198,0.113400807,490.15
1266,420000,湖北省,420100,武汉市,420111,洪山区,43000600,湖北省寄递事业部,43001800,武汉市寄递事业部,43006009,武汉市洪山区寄递事业部,43007011,武汉市洪山武珞路揽投部,43007011,武汉市洪山武珞路揽投部,C1101147365571,湖北开动传媒科技有限公司,91100936650551,湖北开动传媒科技有限公司,1100161288031,开动传媒(湖北开动传媒科技有限公司),商企类,传媒、娱乐、体育、旅游,出版、影视、文化传播,白银,2023-07-06,03515584,陈翔,,,03515584,陈翔,0.0041,0.0844622635,73.1,0.007,0.1848661327,187.14
1267,420000,湖北省,420100,武汉市,420111,洪山区,43000600,湖北省寄递事业部,43001800,武汉市寄递事业部,43006009,武汉市洪山区寄递事业部,43007011,武汉市洪山武珞路揽投部,43007011,武汉市洪山武珞路揽投部,C1101151589822,快宝(上海)网络技术有限公司,91101016932925,快宝(上海)网络技术有限公司-快宝上门取件武汉市,1100189814441,快宝(上海)网络技术有限公司(上海)网络技术有限公司(快宝上门取件武汉市),商企类,退换货（商企）,快宝退换货（商企）,普通,2024-04-10,"03916800,03881828","徐玉婷,申莉莉",,,03916800,徐玉婷,0.0001,0.001509434,0.12,0,0,0
1268,420000,湖北省,420100,武汉市,420111,洪山区,43000600,湖北省寄递事业部,43001800,武汉市寄递事业部,43006009,武汉市洪山区寄递事业部,43007011,武汉市洪山武珞路揽投部,43007011,武汉市洪山武珞路揽投部,C1101570324767,武汉大楚华益网络技术有限公司,91101079024285,武汉大楚华益网络技术有限公司,1100210464155,武汉大楚华益网络技术有限公司(特快),商企类,IT通讯类,互联网,普通,2025-01-03,01612851,严刚,,,,,0,0,0,0.0007,0.0139257487,17.58
1269,420000,湖北省,420100,武汉市,420111,洪山区,43000600,湖北省寄递事业部,43001800,武汉市寄递事业部,43006009,武汉市洪山区寄递事业部,43007011,武汉市洪山武珞路揽投部,43007011,武汉市洪山武珞路揽投部,C1101756324381,武汉例外公关策划服务有限公司,91100955107728,武汉例外公关策划服务有限公司,1100170974774,武汉例外公关策划服务有限公司,商企类,商业服务类,广告、会展、公关、中介,普通,2023-09-06,04108659,陈亮,,,,,0,0,0,0.0001,0.0009433962,0.1
1270,420000,湖北省,420100,武汉市,420111,洪山区,43000600,湖北省寄递事业部,43001800,武汉市寄递事业部,43006009,武汉市洪山区寄递事业部,43007011,武汉市洪山武珞路揽投部,43007011,武汉市洪山武珞路揽投部,C1102069703852,武汉恒尊信息科技有限公司,91101036508746,武汉恒尊信息科技有限公司,1100195289893,恒尊信息科技(国内特快),商企类,商业服务类,其他,白银,2024-07-05,03515584,陈翔,,,03515584,陈翔,0.0017,0.0311320757,6.98,0,0,0
1271,420000,湖北省,420100,武汉市,420111,洪山区,43000600,湖北省寄递事业部,43001800,武汉市寄递事业部,43006009,武汉市洪山区寄递事业部,43007011,武汉市洪山武珞路揽投部,43007011,武汉市洪山武珞路揽投部,C1104139738647,武汉市洪山区梦源农副产品店（个体工商户）,91101176686669,武汉市洪山区梦源农副产品店（个体工商户）,1100243277603,武汉市洪山区梦源农副产品店（个体工商户）(电商标快),商企类,生鲜特产,蔬鲜类,,2026-02-06,"04235867,04108659","胡栋,陈亮",,,04108659,陈亮,0.4566,3.041471748,19328.403,0,0,0
1272,420000,湖北省,420100,武汉市,420111,洪山区,43000600,湖北省寄递事业部,43001800,武汉市寄递事业部,43006009,武汉市洪山区寄递事业部,43007011,武汉市洪山武珞路揽投部,43007011,武汉市洪山武珞路揽投部,C1104207416916,武汉市洪山区润达农副产品店（个体工商户）,91101199353812,武汉市洪山区润达农副产品店（个体工商户）,1100245695722,武汉市洪山区润达农副产品店（个体工商户）(特快),商企类,生鲜特产,蔬鲜类,,2026-05-13,04108659,陈亮,,,04108659,陈亮,0.0001,0.0009433962,1,0,0,0
1273,420000,湖北省,420100,武汉市,420111,洪山区,43000600,湖北省寄递事业部,43001800,武汉市寄递事业部,43006009,武汉市洪山区寄递事业部,43007011,武汉市洪山武珞路揽投部,43007011,武汉市洪山武珞路揽投部,P0000001904789,王成刚,80000002232942,王成刚,1030001006078,王成刚(邮政公事寄递),商企类,其他,其他,白银,2015-11-23,19601021,寄递武汉市,4012140468,寄递武汉市,19601021,寄递武汉市,0.0001,0.0009433962,0.08,0.0005,0.0021812013,0.5
1274,420000,湖北省,420100,武汉市,420111,洪山区,43000600,湖北省寄递事业部,43001800,武汉市寄递事业部,43006009,武汉市洪山区寄递事业部,43007022,武汉市洪山华农揽投部,43007022,武汉市洪山华农揽投部,C1100099476625,中信银行股份有限公司武汉分行,91101068738555,中信银行股份有限公司武汉分行-江汉2,1100207412198,中信银行股份有限公司武汉分行(美签3),商企类,金融类,其他,黄金,2024-12-06,03736715,陈磊,4012401312,吴涛,03736715,陈磊,0.0005,0.003773585,1,0.0003,0.002264151,0.09
1275,420000,湖北省,420100,武汉市,420111,洪山区,43000600,湖北省寄递事业部,43001800,武汉市寄递事业部,43006009,武汉市洪山区寄递事业部,43007022,武汉市洪山华农揽投部,43007022,武汉市洪山华农揽投部,C1100406001025,湖北通用药业有限公司,91100966135585,湖北通用药业-有限公司（洪山）,1100174642264,湖北通用药业(有限公司),商企类,医药类,药品生产、医疗器械,白银,2023-10-19,03749751,熊沛,,,,,0,0,0,0.0154,0.1487930705,43.002
1276,420000,湖北省,420100,武汉市,420111,洪山区,43000600,湖北省寄递事业部,43001800,武汉市寄递事业部,43006009,武汉市洪山区寄递事业部,43007022,武汉市洪山华农揽投部,43007022,武汉市洪山华农揽投部,C1100906178081,国药控股湖北新特药有限公司洪山分公司,91100857689454,国药控股湖北新特药有限公司洪山分公司,1100132945781,洪山国药(国药控股湖北新特药有限公司洪山分公司),商企类,医药类,药品销售,普通,2022-10-27,03749751,熊沛,,,,,0,0,0,0.0018,0.0283062575,4.23
1278,420000,湖北省,420100,武汉市,420111,洪山区,43000600,湖北省寄递事业部,43001800,武汉市寄递事业部,43006009,武汉市洪山区寄递事业部,43007022,武汉市洪山华农揽投部,43007022,武汉市洪山华农揽投部,C1101062662599,物联云仓（成都）科技有限公司,91101048668746,物联云仓（成都）科技有限公司-鄂州,1100198484804,物联云仓（成都）科技有限公司(特快、电商标快),商企类,生产加工制造业,印刷、包装、造纸、办公设备、轻工业,普通,2024-08-26,03925877,曹翩,4003478967,申邦艳,03925877,曹翩,0.0002,0.0015849057,0.15,0,0,0
1279,420000,湖北省,420100,武汉市,420111,洪山区,43000600,湖北省寄递事业部,43001800,武汉市寄递事业部,43006009,武汉市洪山区寄递事业部,43007022,武汉市洪山华农揽投部,43007022,武汉市洪山华农揽投部,C1101147367225,武汉昕风佳科技有限公司,91100936650911,武汉昕风佳科技有限公司,1100161288693,昕风佳(电商标快),商企类,生鲜特产,其他类,黄金,2023-07-06,03560805,王小刚,,,03560805,王小刚,0.1255,0.8229056546,4110.104,0,0,0
1280,420000,湖北省,420100,武汉市,420111,洪山区,43000600,湖北省寄递事业部,43001800,武汉市寄递事业部,43006009,武汉市洪山区寄递事业部,43007022,武汉市洪山华农揽投部,43007022,武汉市洪山华农揽投部,C1101151589822,快宝(上海)网络技术有限公司,91101016932925,快宝(上海)网络技术有限公司-快宝上门取件武汉市,1100189814441,快宝(上海)网络技术有限公司(上海)网络技术有限公司(快宝上门取件武汉市),商企类,退换货（商企）,快宝退换货（商企）,普通,2024-04-10,"03916800,03881828","徐玉婷,申莉莉",,,03916800,徐玉婷,0.0002,0.0029245283,0.2,0,0,0
1281,420000,湖北省,420100,武汉市,420111,洪山区,43000600,湖北省寄递事业部,43001800,武汉市寄递事业部,43006009,武汉市洪山区寄递事业部,43007022,武汉市洪山华农揽投部,43007022,武汉市洪山华农揽投部,C1101626633683,湖北狮苑实业发展有限公司,91100957101768,湖北狮苑实业发展有限公司,1100171935222,湖北狮苑实业发展有限公司(湖北狮苑实业发展有限公司),商企类,生产加工制造业,其他,普通,2023-09-14,03749751,熊沛,,,,,0,0,0,0.0001,0.0009433962,0.1
1282,420000,湖北省,420100,武汉市,420111,洪山区,43000600,湖北省寄递事业部,43001800,武汉市寄递事业部,43006009,武汉市洪山区寄递事业部,43007022,武汉市洪山华农揽投部,43007022,武汉市洪山华农揽投部,P0000001904789,王成刚,80000002232942,王成刚,1030001006078,王成刚(邮政公事寄递),商企类,其他,其他,白银,2015-11-23,19601021,寄递武汉市,4012140468,寄递武汉市,,,0,0,0,0.0002,0.0008283192,0.12
1283,420000,湖北省,420100,武汉市,420111,洪山区,43000600,湖北省寄递事业部,43001800,武汉市寄递事业部,43006009,武汉市洪山区寄递事业部,43007024,武汉市洪山书城路揽投部,43007024,武汉市洪山书城路揽投部,C1100002478351,武汉优联购商贸发展有限公司,91100002435343,武汉优联购商贸发展有限公司,1100149951416,武汉优联购商贸发展有限公司(武汉优联购商贸发展有限公司),商企类,贸易、消费品、调换货,快速消费品（食品、饮料、烟酒、日化）,普通,2023-03-28,03110060,杨俊,,,,,0,0,0,0.0001,0.0009433962,0.1
1284,420000,湖北省,420100,武汉市,420111,洪山区,43000600,湖北省寄递事业部,43001800,武汉市寄递事业部,43006009,武汉市洪山区寄递事业部,43007024,武汉市洪山书城路揽投部,43007024,武汉市洪山书城路揽投部,C1100099476625,中信银行股份有限公司武汉分行,91101068738555,中信银行股份有限公司武汉分行-江汉2,1100207412198,中信银行股份有限公司武汉分行(美签3),商企类,金融类,其他,黄金,2024-12-06,03736715,陈磊,4012401312,吴涛,03736715,陈磊,0.0026,0.0348679254,5.828,0.0212,0.2841611451,59.564
1285,420000,湖北省,420100,武汉市,420111,洪山区,43000600,湖北省寄递事业部,43001800,武汉市寄递事业部,43006009,武汉市洪山区寄递事业部,43007024,武汉市洪山书城路揽投部,43007024,武汉市洪山书城路揽投部,C1100399581973,武汉捷迅达物流服务有限公司,91100355994209,武汉捷迅达物流服务有限公司,1100053329701,捷迅达(快递包裹),商企类,交通运输、物流仓储,交通运输,普通,2020-06-01,03469342,唐江,4006802624,唐江,,,0,0,0,0.0001,0.0009433962,0.1
1286,420000,湖北省,420100,武汉市,420111,洪山区,43000600,湖北省寄递事业部,43001800,武汉市寄递事业部,43006009,武汉市洪山区寄递事业部,43007024,武汉市洪山书城路揽投部,43007024,武汉市洪山书城路揽投部,C1100411592138,武汉易迅安达物流有限公司,81100376274630,易迅安达-X武汉易迅安达物流有限公司,1100060387488,易迅安达(武汉易迅安达物流有限公司),商企类,生鲜特产,其他类,白银,2020-08-03,03469342,唐江,4006802624,唐江,03469342,唐江,0.0001,0.0009433962,0.1,0.0147,0.0828640323,6.615
1287,420000,湖北省,420100,武汉市,420111,洪山区,43000600,湖北省寄递事业部,43001800,武汉市寄递事业部,43006009,武汉市洪山区寄递事业部,43007024,武汉市洪山书城路揽投部,43007024,武汉市洪山书城路揽投部,C1100479336701,中国船舶集团有限公司第七一七研究所工会委员会,91101113173683,中国船舶集团有限公司第七一七研究所工会委员会-老干处,1100221295700,中国船舶集团有限公司第七一七研究所工会委员会(老干处),商企类,生产加工制造业,大型设备、机电设备、重工业,普通,2025-06-29,03110060,杨俊,,,,,0,0,0,0.0001,0.0009433962,0.1
1288,420000,湖北省,420100,武汉市,420111,洪山区,43000600,湖北省寄递事业部,43001800,武汉市寄递事业部,43006009,武汉市洪山区寄递事业部,43007024,武汉市洪山书城路揽投部,43007024,武汉市洪山书城路揽投部,C1100537198982,武汉丹鸟供应链管理有限责任公司,91100497867788,武汉丹鸟供应链管理有限责任公司,1100218357569,武汉丹鸟(电商标快),商企类,生鲜特产,其他类,钻石,2025-05-16,01613532,黄文娟,,,,,0,0,0,0.0989,1.2536195357,9194.367
1289,420000,湖北省,420100,武汉市,420111,洪山区,43000600,湖北省寄递事业部,43001800,武汉市寄递事业部,43006009,武汉市洪山区寄递事业部,43007024,武汉市洪山书城路揽投部,43007024,武汉市洪山书城路揽投部,C1100537198982,武汉丹鸟供应链管理有限责任公司,91100497867788,武汉丹鸟供应链管理有限责任公司,1100218357569,武汉丹鸟(电商标快),商企类,医药类,药品销售,钻石,2025-05-16,03735447,陈娟,,,03735447,陈娟,0.0001,0.0009433962,0.1,0,0,0
1290,420000,湖北省,420100,武汉市,420111,洪山区,43000600,湖北省寄递事业部,43001800,武汉市寄递事业部,43006009,武汉市洪山区寄递事业部,43007024,武汉市洪山书城路揽投部,43007024,武汉市洪山书城路揽投部,C1100608523286,武汉迪爱环保科技有限公司,91100600180737,武汉迪爱环保科技有限公司-X武汉迪爱环保科技有限公司,1100101333362,武汉迪爱环保科技有限公司(电商标快),商企类,贸易、消费品、调换货,快速消费品（食品、饮料、烟酒、日化）,钻石,2021-11-26,"03374720,01611344,01611674","张放,王竸,彭光辉",,,,,0,0,0,0.1146,1.1010065575,7180.816
1291,420000,湖北省,420100,武汉市,420111,洪山区,43000600,湖北省寄递事业部,43001800,武汉市寄递事业部,43006009,武汉市洪山区寄递事业部,43007024,武汉市洪山书城路揽投部,43007024,武汉市洪山书城路揽投部,C1100908110955,武汉拼好仓物流服务有限公司,91100859184298,武汉拼好仓物流服务有限公司,1100133524280,拼好仓(武汉拼好仓物流服务有限公司),商企类,生鲜特产,其他类,白银,2022-11-01,03469342,唐江,,,03469342,唐江,0.0361,0.1169764155,416.592,0,0,0
1292,420000,湖北省,420100,武汉市,420111,洪山区,43000600,湖北省寄递事业部,43001800,武汉市寄递事业部,43006009,武汉市洪山区寄递事业部,43007024,武汉市洪山书城路揽投部,43007024,武汉市洪山书城路揽投部,C1101333156688,武汉常阳润力房地产开发有限公司,91101124520322,武汉常阳润力房地产开发有限公司-特快,1100225615654,武汉常阳润力房地产开发有限公司(特快),商企类,房产建筑,房地产、建筑建材、工程,,2025-08-21,03513012,倪志,,,03513012,倪志,0.0001,0.0009433962,0.1,0,0,0
1293,420000,湖北省,420100,武汉市,420111,洪山区,43000600,湖北省寄递事业部,43001800,武汉市寄递事业部,43006009,武汉市洪山区寄递事业部,43007024,武汉市洪山书城路揽投部,43007024,武汉市洪山书城路揽投部,C1101954999985,湖北省征信有限公司,91100986783643,湖北省征信有限公司,1100207359413,湖北省征信有限公司(特快),商企类,商业服务类,专业服务、咨询（财会、法律、人力资源等）,普通,2024-12-06,03469342,唐江,,,03469342,唐江,0.0001,0.0011320755,0.1,0.0006,0.0099626103,0.9
1294,420000,湖北省,420100,武汉市,420111,洪山区,43000600,湖北省寄递事业部,43001800,武汉市寄递事业部,43006009,武汉市洪山区寄递事业部,43007024,武汉市洪山书城路揽投部,43007024,武汉市洪山书城路揽投部,C1102871161378,武汉东湖新技术开发区金玲副食店,91101094712062,武汉东湖新技术开发区金玲副食店,1100215062895,武汉东湖新技术开发区金玲副食店(特快),商企类,贸易、消费品、调换货,零售、批发,普通,2025-03-20,03322114,童颖,,,,,0,0,0,0.0001,0.0009433962,0.1
1295,420000,湖北省,420100,武汉市,420111,洪山区,43000600,湖北省寄递事业部,43001800,武汉市寄递事业部,43006009,武汉市洪山区寄递事业部,43007025,武汉市洪山关山大道揽投部,43007025,武汉市洪山关山大道揽投部,C1100511507416,湖南来吧电子商务有限公司,91100471804815,湖南来吧电子商务有限公司,1100111167234,湖南来吧电子商务有限公司(电商标快),商企类,贸易、消费品、调换货,耐用消费品（皮革、家具、家电服饰、纺织）,铂金,2022-04-07,03624645,代元煦,,,,,0,0,0,0.7892,5.9306298293,41742.068
1298,420000,湖北省,420100,武汉市,420111,洪山区,43000600,湖北省寄递事业部,43001800,武汉市寄递事业部,43006009,武汉市洪山区寄递事业部,43007027,武汉市洪山紫阳路揽投部,43007027,武汉市洪山紫阳路揽投部,C1100099139755,湖北多特云仓供应链管理有限公司,81100493740346,多特云仓-多特云仓供应链管理有限公司,1100118258894,DTY(湖北多特云仓供应链管理有限公司),商企类,贸易、消费品、调换货,快速消费品（食品、饮料、烟酒、日化）,普通,2022-06-23,,李运永,,,,,0,0,0,0.0001,0.0009433962,0.1
1299,420000,湖北省,420100,武汉市,420111,洪山区,43000600,湖北省寄递事业部,43001800,武汉市寄递事业部,43006009,武汉市洪山区寄递事业部,43007027,武汉市洪山紫阳路揽投部,43007027,武汉市洪山紫阳路揽投部,C1100400268967,湖北春翼云仓供应链管理有限公司,91100643451959,春翼云仓-X湖北春翼云仓供应链管理有限公司,1100109113366,湖北春翼云仓供应链管理(X湖北春翼云仓供应链管理有限公司),商企类,生鲜特产,其他类,普通,2022-03-08,01612769,魏梦姗,,,,,0,0,0,0.0001,0.0009433962,0.1
1300,420000,湖北省,420100,武汉市,420111,洪山区,43000600,湖北省寄递事业部,43001800,武汉市寄递事业部,43006009,武汉市洪山区寄递事业部,43007027,武汉市洪山紫阳路揽投部,43007027,武汉市洪山紫阳路揽投部,C1100490061417,中国农业银行股份有限公司湖北省分行,91101104130855,中国农业银行股份有限公司湖北省分行-社保卡项目,1100218295874,中国农业银行股份有限公司湖北省分行(农行社保卡),商企类,金融类,卡函寄递,黄金,2025-05-15,04108681,但梦婷,,,04108681,但梦婷,0.001,0.0108301884,1.1,0.1877,1.2108714863,187.68
1301,420000,湖北省,420100,武汉市,420111,洪山区,43000600,湖北省寄递事业部,43001800,武汉市寄递事业部,43006009,武汉市洪山区寄递事业部,43007027,武汉市洪山紫阳路揽投部,43007027,武汉市洪山紫阳路揽投部,C1100566439375,湖北益丰大药房连锁有限公司,91100973091955,湖北益丰大药房连锁有限公司,1100212142778,湖北益丰大药房连锁有限公司(特快),商企类,医药类,药品销售,普通,2025-02-06,01612922,张国华,,,,,0,0,0,0.0023,0.018794608,1.76
1302,420000,湖北省,420100,武汉市,420111,洪山区,43000600,湖北省寄递事业部,43001800,武汉市寄递事业部,43006009,武汉市洪山区寄递事业部,43007027,武汉市洪山紫阳路揽投部,43007027,武汉市洪山紫阳路揽投部,C1100901920328,中国人寿保险股份有限公司湖北省分公司,80000009761238,中国人寿保险股份有限公司湖北省分公司-J-中国人寿保险股份有限公司湖北省分公司综合部,1030001612712,中国人寿保险股份有限公司湖北省分公司(综合部),商企类,保险类,行政寄递,白银,2017-10-30,01612922,张国华,4003356186,马丽,01612922,张国华,0.0156,0.2012264164,161.756,0.01,0.13084598,63.015
1305,420000,湖北省,420100,武汉市,420111,洪山区,43000600,湖北省寄递事业部,43001800,武汉市寄递事业部,43006009,武汉市洪山区寄递事业部,43007027,武汉市洪山紫阳路揽投部,43007027,武汉市洪山紫阳路揽投部,C1101062662599,物联云仓（成都）科技有限公司,91101048668746,物联云仓（成都）科技有限公司-鄂州,1100198484804,物联云仓（成都）科技有限公司(特快、电商标快),商企类,生产加工制造业,印刷、包装、造纸、办公设备、轻工业,普通,2024-08-26,03925877,曹翩,4003478967,申邦艳,03925877,曹翩,0.0001,0.0006792453,0.15,0,0,0
1306,420000,湖北省,420100,武汉市,420111,洪山区,43000600,湖北省寄递事业部,43001800,武汉市寄递事业部,43006009,武汉市洪山区寄递事业部,43007027,武汉市洪山紫阳路揽投部,43007027,武汉市洪山紫阳路揽投部,C1101151589822,快宝(上海)网络技术有限公司,91101016932925,快宝(上海)网络技术有限公司-快宝上门取件武汉市,1100189814441,快宝(上海)网络技术有限公司(上海)网络技术有限公司(快宝上门取件武汉市),商企类,退换货（商企）,快宝退换货（商企）,普通,2024-04-10,"03916800,03881828","徐玉婷,申莉莉",,,03916800,徐玉婷,0.0001,0.0019811321,0.2,0,0,0
1307,420000,湖北省,420100,武汉市,420111,洪山区,43000600,湖北省寄递事业部,43001800,武汉市寄递事业部,43006009,武汉市洪山区寄递事业部,43007027,武汉市洪山紫阳路揽投部,43007027,武汉市洪山紫阳路揽投部,C1101163315686,子亥（武汉）科技有限公司,91100944333985,子亥（武汉）科技有限公司,1100165942054,ZHKJ(子亥（武汉）科技有限公司),商企类,IT通讯类,IT服务类,普通,2023-08-04,01612922,张国华,,,01612922,张国华,0.0002,0.0029245283,0.15,0,0,0
1308,420000,湖北省,420100,武汉市,420111,洪山区,43000600,湖北省寄递事业部,43001800,武汉市寄递事业部,43006009,武汉市洪山区寄递事业部,43007027,武汉市洪山紫阳路揽投部,43007027,武汉市洪山紫阳路揽投部,C1101430768461,武汉铭恒迦舟科技有限公司,91101041943835,武汉铭恒迦舟科技有限公司,1100196894559,武汉铭恒迦舟科技有限公司(特快),商企类,IT通讯类,IT服务类,普通,2024-08-01,01612922,张国华,,,,,0,0,0,0.0043,0.0460467376,9.25
1309,420000,湖北省,420100,武汉市,420111,洪山区,43000600,湖北省寄递事业部,43001800,武汉市寄递事业部,43006009,武汉市洪山区寄递事业部,43007027,武汉市洪山紫阳路揽投部,43007027,武汉市洪山紫阳路揽投部,C1101863847616,武汉晨景文化传播有限公司,91100968079450,武汉晨景文化传播有限公司,1100175341520,晨景文化(特快、电商标快),商企类,生鲜特产,其他类,白银,2023-10-26,01612922,张国华,,,01612922,张国华,0.0022,0.025849057,12.56,0,0,0
1310,420000,湖北省,420100,武汉市,420111,洪山区,43000600,湖北省寄递事业部,43001800,武汉市寄递事业部,43006009,武汉市洪山区寄递事业部,43007027,武汉市洪山紫阳路揽投部,43007027,武汉市洪山紫阳路揽投部,C1102244099204,武汉鑫垚财税咨询有限公司,91101103541029,武汉鑫垚财税咨询有限公司,1100218088144,武汉鑫垚财税咨询有限公司(特快),商企类,商业服务类,专业服务、咨询（财会、法律、人力资源等）,普通,2025-05-12,04294198,胡志杰,,,04294198,胡志杰,0.0001,0.0009433962,0.1,0,0,0
1311,420000,湖北省,420100,武汉市,420111,洪山区,43000600,湖北省寄递事业部,43001800,武汉市寄递事业部,43006009,武汉市洪山区寄递事业部,43007027,武汉市洪山紫阳路揽投部,43007027,武汉市洪山紫阳路揽投部,P0000001904789,王成刚,80000002232942,王成刚,1030001006078,王成刚(邮政公事寄递),商企类,其他,其他,白银,2015-11-23,19601021,寄递武汉市,4012140468,寄递武汉市,19601021,寄递武汉市,0.0006,0.0050943395,0.86,0,0,0
1312,420000,湖北省,420100,武汉市,420111,洪山区,43000600,湖北省寄递事业部,43001800,武汉市寄递事业部,43006009,武汉市洪山区寄递事业部,43007308,武汉市洪山鲁巷揽投部,43007308,武汉市洪山鲁巷揽投部,C0000000525226,汉口银行股份有限公司光谷分行,81100362689444,汉口银行股份有限公司光谷分行-汉口银行光谷分行,1100054536577,汉口银行股份有限公司光谷分行(汉口银行光谷分行),商企类,金融类,行政办公,普通,2020-06-15,03818323,苏伟,,,03818323,苏伟,0.0016,0.0172641513,5.15,0.005,0.0367020602,5.2
1313,420000,湖北省,420100,武汉市,420111,洪山区,43000600,湖北省寄递事业部,43001800,武汉市寄递事业部,43006009,武汉市洪山区寄递事业部,43007308,武汉市洪山鲁巷揽投部,43007308,武汉市洪山鲁巷揽投部,C0000001994092,湖北中邮物流有限责任公司,91101020890800,湖北中邮物流有限责任公司-武汉市移动小件业务（武汉移动市场部）,1100191077401,湖北中邮物流有限责任公司(武汉市移动小件业务（武汉移动市场部）),商企类,IT通讯类,通讯运营商,铂金,2024-04-29,03351577,罗君,,,,,0,0,0,0.0061,0.0539505805,17.3
1314,420000,湖北省,420100,武汉市,420111,洪山区,43000600,湖北省寄递事业部,43001800,武汉市寄递事业部,43006009,武汉市洪山区寄递事业部,43007308,武汉市洪山鲁巷揽投部,43007308,武汉市洪山鲁巷揽投部,C0000003914175,华新建材集团股份有限公司,90000006812243,华新建材集团股份有限公司-华新水泥股份有限公司1,1030002002682,华新建材集团股份有限公司(华新水泥股份有限公司),商企类,生产加工制造业,汽车,白银,2016-05-06,03326821,朱玉泉,,,03326821,朱玉泉,0.0196,1.0762641504,1826.405,0.0225,0.3752844727,368.635
1315,420000,湖北省,420100,武汉市,420111,洪山区,43000600,湖北省寄递事业部,43001800,武汉市寄递事业部,43006009,武汉市洪山区寄递事业部,43007308,武汉市洪山鲁巷揽投部,43007308,武汉市洪山鲁巷揽投部,C0000005054015,武汉华科防锈材料有限责任公司,80000002272711,武汉华科防锈材料有限责任公司,1030000829788,武汉华科防锈材料有限责任公司(特快),商企类,房产建筑,家居、室内设计、装饰装潢,普通,2015-11-23,"03789508,04271810","董娅娜,张之渤",,,,,0,0,0,0.0014,0.0377460097,29.73
1316,420000,湖北省,420100,武汉市,420111,洪山区,43000600,湖北省寄递事业部,43001800,武汉市寄递事业部,43006009,武汉市洪山区寄递事业部,43007308,武汉市洪山鲁巷揽投部,43007308,武汉市洪山鲁巷揽投部,C0000008021630,上海浦东发展银行股份有限公司武汉分行,90000010913307,上海浦东发展银行股份有限公司武汉分行-上海浦东发展银行股份有限公司武汉东湖高新支行,1030002087539,上海浦东发展银行股份有限公司武汉分行(X软件园-上海浦发银行股份有限公司武汉东湖高新支行),商企类,金融类,票据、凭证包,白银,2017-11-22,03592719,易康,,,,,0,0,0,0.0035,0.0610362638,95.035
1317,420000,湖北省,420100,武汉市,420111,洪山区,43000600,湖北省寄递事业部,43001800,武汉市寄递事业部,43006009,武汉市洪山区寄递事业部,43007308,武汉市洪山鲁巷揽投部,43007308,武汉市洪山鲁巷揽投部,C0000008021630,上海浦东发展银行股份有限公司武汉分行,91101149822975,上海浦东发展银行股份有限公司武汉分行-武汉光谷支行,1100232628409,上海浦东发展银行股份有限公司武汉分行(武汉光谷支行),商企类,金融类,对账单寄递,,2025-10-13,03818323,苏伟,,,03818323,苏伟,0.0045,0.0532075463,60.4,0,0,0
1318,420000,湖北省,420100,武汉市,420111,洪山区,43000600,湖北省寄递事业部,43001800,武汉市寄递事业部,43006009,武汉市洪山区寄递事业部,43007308,武汉市洪山鲁巷揽投部,43007308,武汉市洪山鲁巷揽投部,C0000008021630,上海浦东发展银行股份有限公司武汉分行,91101175177977,上海浦东发展银行股份有限公司武汉分行-光谷科技支行,1100243059814,上海浦东发展银行股份有限公司武汉分行(光谷科技支行),商企类,金融类,其他,,2026-01-30,03789508,董娅娜,,,03789508,董娅娜,0.0049,0.0709433957,94.376,0,0,0
1324,420000,湖北省,420100,武汉市,420111,洪山区,43000600,湖北省寄递事业部,43001800,武汉市寄递事业部,43006009,武汉市洪山区寄递事业部,43007308,武汉市洪山鲁巷揽投部,43007308,武汉市洪山鲁巷揽投部,C0000009005363,上实环境控股（武汉）有限公司,80000002274803,上实环境控股（武汉）有限公司,1030001845732,上实环境(上实环境控股（武汉）有限公司),商企类,能源、矿产、环保,电气、电力、煤气、水利,普通,2015-11-23,03326821,朱玉泉,,,03326821,朱玉泉,0.0001,0.0009433962,0.1,0.0003,0.0048893024,0.301
1325,420000,湖北省,420100,武汉市,420111,洪山区,43000600,湖北省寄递事业部,43001800,武汉市寄递事业部,43006009,武汉市洪山区寄递事业部,43007308,武汉市洪山鲁巷揽投部,43007308,武汉市洪山鲁巷揽投部,C0000009234288,武汉凯比思电力设备有限公司,90000011375603,武汉凯比思电力设备有限公司,1100218295807,武汉凯比思电力设备有限公司(特快),商企类,能源、矿产、环保,电气、电力、煤气、水利,普通,2025-05-15,03818323,苏伟,,,03818323,苏伟,0.0001,0.0009433962,0.1,0,0,0
1326,420000,湖北省,420100,武汉市,420111,洪山区,43000600,湖北省寄递事业部,43001800,武汉市寄递事业部,43006009,武汉市洪山区寄递事业部,43007308,武汉市洪山鲁巷揽投部,43007308,武汉市洪山鲁巷揽投部,C0000009350771,武汉滨湖电子有限责任公司,81100519175392,武汉滨湖电子有限责任公司,1100086616896,滨湖电子(武汉滨湖电子有限责任公司),商企类,生鲜特产,其他类,普通,2021-04-14,03326821,朱玉泉,,,03326821,朱玉泉,0.0001,0.0009433962,0.1,0,0,0
1327,420000,湖北省,420100,武汉市,420111,洪山区,43000600,湖北省寄递事业部,43001800,武汉市寄递事业部,43006009,武汉市洪山区寄递事业部,43007308,武汉市洪山鲁巷揽投部,43007308,武汉市洪山鲁巷揽投部,C1100099476625,中信银行股份有限公司武汉分行,91101068738555,中信银行股份有限公司武汉分行-江汉2,1100207412198,中信银行股份有限公司武汉分行(美签3),商企类,金融类,其他,黄金,2024-12-06,03736715,陈磊,4012401312,吴涛,03736715,陈磊,0.0002,0.001509434,0.2,0.0003,0.002264151,0.15
1328,420000,湖北省,420100,武汉市,420111,洪山区,43000600,湖北省寄递事业部,43001800,武汉市寄递事业部,43006009,武汉市洪山区寄递事业部,43007308,武汉市洪山鲁巷揽投部,43007308,武汉市洪山鲁巷揽投部,C1100351264980,国药控股湖北国大药房有限公司,91100304999017,国药控股湖北国大药房有限公司,1100044041083,国大药房(国药控股湖北国大药房有限公司),商企类,医药类,药品销售,普通,2020-02-28,03709019,李军,,,03709019,李军,0.0056,0.063754716,5.6,0.0033,0.0320881785,6
1329,420000,湖北省,420100,武汉市,420111,洪山区,43000600,湖北省寄递事业部,43001800,武汉市寄递事业部,43006009,武汉市洪山区寄递事业部,43007308,武汉市洪山鲁巷揽投部,43007308,武汉市洪山鲁巷揽投部,C1100352581321,国药控股湖北有限公司,81100322497537,国药控股湖北有限公司-国药控股,1100044881164,国药控股湖北有限公司(国药控股湖北有限公司),商企类,医药类,药品销售,黄金,2020-04-01,03709019,李军,,,03709019,李军,0.0314,0.3168113192,84.4,0.0647,0.6184789433,105.4
1330,420000,湖北省,420100,武汉市,420111,洪山区,43000600,湖北省寄递事业部,43001800,武汉市寄递事业部,43006009,武汉市洪山区寄递事业部,43007308,武汉市洪山鲁巷揽投部,43007308,武汉市洪山鲁巷揽投部,C1100454376012,中国工商银行股份有限公司武汉分行,91100663917150,中国工商银行股份有限公司武汉分行-中国工商银行股份有限公司武汉洪山支行,1100115431760,中国工商银行股份有限公司武汉分行(中国工商银行股份有限公司武汉洪山支行),商企类,金融类,对账单寄递,白银,2022-06-01,03647026,王汉华,,,,,0,0,0,0.0007,0.0078149991,4.65
1331,420000,湖北省,420100,武汉市,420111,洪山区,43000600,湖北省寄递事业部,43001800,武汉市寄递事业部,43006009,武汉市洪山区寄递事业部,43007308,武汉市洪山鲁巷揽投部,43007308,武汉市洪山鲁巷揽投部,C1100472325566,中国联合网络通信有限公司武汉市分公司,91101039020108,中国联合网络通信有限公司武汉市分公司-电话卡,1100195955488,中国联合网络通信有限公司武汉市分公司(特快),商企类,IT通讯类,通讯运营商,普通,2024-07-18,01612865,罗毅,4003356186,马丽,01612865,罗毅,0.0067,0.0712801884,29.8,0.0062,0.0397498673,6.5
1332,420000,湖北省,420100,武汉市,420111,洪山区,43000600,湖北省寄递事业部,43001800,武汉市寄递事业部,43006009,武汉市洪山区寄递事业部,43007308,武汉市洪山鲁巷揽投部,43007308,武汉市洪山鲁巷揽投部,C1100482049830,武汉市洪山区人民检察院,81100374251183,洪山区人民检察院-武汉市洪山区人民检察院第五检察部,1100060214870,洪山区人民检察院(武汉市洪山区人民检察院第五检察部),商企类,其他,其他,白银,2020-07-31,03818323,苏伟,,,03818323,苏伟,0.0054,0.1313207537,6.08,0.0065,0.1472830181,7.3
1333,420000,湖北省,420100,武汉市,420111,洪山区,43000600,湖北省寄递事业部,43001800,武汉市寄递事业部,43006009,武汉市洪山区寄递事业部,43007308,武汉市洪山鲁巷揽投部,43007308,武汉市洪山鲁巷揽投部,C1100491779133,华新水泥技术管理（武汉）有限公司,80000002595203,华新水泥技术管理（武汉）有限公司,1030001890754,华新水泥技术管理（武汉）有限公司(特快),商企类,生产加工制造业,汽车,白银,2015-12-04,03326821,朱玉泉,,,03326821,朱玉泉,0.004,0.0720754718,90.2,0.0027,0.0334540403,2.9
1334,420000,湖北省,420100,武汉市,420111,洪山区,43000600,湖北省寄递事业部,43001800,武汉市寄递事业部,43006009,武汉市洪山区寄递事业部,43007308,武汉市洪山鲁巷揽投部,43007308,武汉市洪山鲁巷揽投部,C1100511507416,湖南来吧电子商务有限公司,91100471804815,湖南来吧电子商务有限公司,1100111167234,湖南来吧电子商务有限公司(电商标快),商企类,贸易、消费品、调换货,耐用消费品（皮革、家具、家电服饰、纺织）,铂金,2022-04-07,"03110060,04235889,04017737","杨俊,戢杏娥,杨彬",4008060475,蒋思成,T42010020260410496,东山团队,0.0001,0.0009433962,0.1,0.4758,3.8517743763,28440.627
1335,420000,湖北省,420100,武汉市,420111,洪山区,43000600,湖北省寄递事业部,43001800,武汉市寄递事业部,43006009,武汉市洪山区寄递事业部,43007308,武汉市洪山鲁巷揽投部,43007308,武汉市洪山鲁巷揽投部,C1100558782120,武汉千学信息咨询有限公司,91100517339167,武汉千学信息咨询有限公司,1100245045967,武汉千学信息咨询有限公司(特快),商企类,商业服务类,专业服务、咨询（财会、法律、人力资源等）,,2026-04-08,03709019,李军,,,03709019,李军,0.0004,0.0037735848,0.4,0,0,0
1336,420000,湖北省,420100,武汉市,420111,洪山区,43000600,湖北省寄递事业部,43001800,武汉市寄递事业部,43006009,武汉市洪山区寄递事业部,43007308,武汉市洪山鲁巷揽投部,43007308,武汉市洪山鲁巷揽投部,C1100565603827,湖北省武汉市尚信公证处,91100524025897,湖北省武汉市尚信公证处,1100087732841,湖北省武汉市尚信公证处(特快),商企类,商业服务类,专业服务、咨询（财会、法律、人力资源等）,白银,2021-04-27,03326821,朱玉泉,,,03326821,朱玉泉,0.0115,0.1252830202,11.5,0.0162,0.1739908169,16.2
1337,420000,湖北省,420100,武汉市,420111,洪山区,43000600,湖北省寄递事业部,43001800,武汉市寄递事业部,43006009,武汉市洪山区寄递事业部,43007308,武汉市洪山鲁巷揽投部,43007308,武汉市洪山鲁巷揽投部,C1100566461527,索纳克（中国）生物科技有限公司,80000002595292,索纳克-国企中心,1100041568343,索纳克(（中国）生物科技有限公司),商企类,商业服务类,专业服务、咨询（财会、法律、人力资源等）,普通,2020-01-06,03818323,苏伟,,,03818323,苏伟,0.0005,0.0099056605,0.7,0.0012,0.0251899344,30.7
1338,420000,湖北省,420100,武汉市,420111,洪山区,43000600,湖北省寄递事业部,43001800,武汉市寄递事业部,43006009,武汉市洪山区寄递事业部,43007308,武汉市洪山鲁巷揽投部,43007308,武汉市洪山鲁巷揽投部,C1100608544470,中国农业银行股份有限公司湖北自贸试验区武汉片区分行,91100867781100,中国农业银行股份有限公司湖北自贸试验区武汉片区分行,1100218090079,中国农业银行股份有限公司湖北自贸试验区武汉片区分行(特快),商企类,金融类,对账单寄递,普通,2025-05-12,03735447,陈娟,,,03735447,陈娟,0.001,0.0104716979,1,0.0056,0.0600292959,11.45
1339,420000,湖北省,420100,武汉市,420111,洪山区,43000600,湖北省寄递事业部,43001800,武汉市寄递事业部,43006009,武汉市洪山区寄递事业部,43007308,武汉市洪山鲁巷揽投部,43007308,武汉市洪山鲁巷揽投部,C1100688235082,武汉聚诺科技有限公司,91100982239410,武汉聚诺科技有限公司-（鲁巷）,1100178595186,武汉聚诺科技有限公司(特快),商企类,IT通讯类,IT服务类,普通,2023-12-04,03789508,董娅娜,4008368308,董娅娜,,,0,0,0,0.006,0.1137969971,14.46
1340,420000,湖北省,420100,武汉市,420111,洪山区,43000600,湖北省寄递事业部,43001800,武汉市寄递事业部,43006009,武汉市洪山区寄递事业部,43007308,武汉市洪山鲁巷揽投部,43007308,武汉市洪山鲁巷揽投部,C1100909209708,华新装备工程有限公司,91100859916820,华新装备工程有限公司,1100133844904,华新装备(工程有限公司),商企类,生产加工制造业,汽车,白银,2022-11-03,03326821,朱玉泉,,,03326821,朱玉泉,0.0042,0.172981131,561.9,0.0016,0.0230482606,10.6
1343,420000,湖北省,420100,武汉市,420111,洪山区,43000600,湖北省寄递事业部,43001800,武汉市寄递事业部,43006009,武汉市洪山区寄递事业部,43007308,武汉市洪山鲁巷揽投部,43007308,武汉市洪山鲁巷揽投部,C1101064724219,国药控股湖北医疗器械有限公司,91100909928986,国药控股湖北医疗器械有限公司,1100150287320,国药控股湖北医疗器械有限公司(国内特快),商企类,医药类,药品销售,白银,2023-03-30,03326821,朱玉泉,,,03326821,朱玉泉,0.0112,0.0819339659,36.8,0.0112,0.1130774314,70.7
1344,420000,湖北省,420100,武汉市,420111,洪山区,43000600,湖北省寄递事业部,43001800,武汉市寄递事业部,43006009,武汉市洪山区寄递事业部,43007308,武汉市洪山鲁巷揽投部,43007308,武汉市洪山鲁巷揽投部,C1101064738528,国药控股武汉洪泰医药有限公司,91100909929022,国药控股武汉洪泰医药有限公司,1100150287375,国药控股武汉洪泰医药有限公司(特快),商企类,医药类,药品销售,普通,2023-03-30,03326821,朱玉泉,,,03326821,朱玉泉,0.0014,0.0141509434,3.5,0.0008,0.0065631987,2.1
1345,420000,湖北省,420100,武汉市,420111,洪山区,43000600,湖北省寄递事业部,43001800,武汉市寄递事业部,43006009,武汉市洪山区寄递事业部,43007308,武汉市洪山鲁巷揽投部,43007308,武汉市洪山鲁巷揽投部,C1101424084487,星联未来（湖北）网络有限公司,91100964256385,星联未来（湖北）网络有限公司,1100174163587,星联未来（湖北）网络有限公司(特快专递),商企类,IT通讯类,IT服务类,普通,2023-10-13,03818323,苏伟,,,03818323,苏伟,0.0134,0.2497169844,13.4,0.0041,0.0792038689,10.3
1346,420000,湖北省,420100,武汉市,420111,洪山区,43000600,湖北省寄递事业部,43001800,武汉市寄递事业部,43006009,武汉市洪山区寄递事业部,43007308,武汉市洪山鲁巷揽投部,43007308,武汉市洪山鲁巷揽投部,C1101485669494,武汉听讼信息技术有限公司,91100981094542,武汉听讼信息技术有限公司,1100178408640,武汉听讼信息技术有限公司(武汉听讼信息技术有限公司),商企类,IT通讯类,IT服务类,铂金,2023-11-30,03789508,董娅娜,,,,,0,0,0,0.1123,1.985084686,777.9
1347,420000,湖北省,420100,武汉市,420111,洪山区,43000600,湖北省寄递事业部,43001800,武汉市寄递事业部,43006009,武汉市洪山区寄递事业部,43007308,武汉市洪山鲁巷揽投部,43007308,武汉市洪山鲁巷揽投部,C1102418246616,武汉远建包装有限公司,91101159268105,武汉远建包装有限公司,1100236185007,武汉远建包装有限公司(电标快包),商企类,生鲜特产,其他类,,2025-11-19,03709019,李军,4003356186,马丽,03709019,李军,0.0117,0.0478773606,186,0,0,0
1348,420000,湖北省,420100,武汉市,420111,洪山区,43000600,湖北省寄递事业部,43001800,武汉市寄递事业部,43006009,武汉市洪山区寄递事业部,43007308,武汉市洪山鲁巷揽投部,43007308,武汉市洪山鲁巷揽投部,C1103743629264,中资环电器电子循环利用（深圳）有限公司,91101095761427,中资环电器电子循环利用（深圳）有限公司,1100216100068,中资环电器电子循环利用（深圳）有限公司(湖北),商企类,贸易、消费品、调换货,零售、批发,普通,2025-04-01,01650112,申邦艳,4003478967,申邦艳,01650112,申邦艳,0.0001,0.0011320755,0.9,0.0002,0.002630604,1.1
1349,420000,湖北省,420100,武汉市,420111,洪山区,43000600,湖北省寄递事业部,43001800,武汉市寄递事业部,43006009,武汉市洪山区寄递事业部,43007308,武汉市洪山鲁巷揽投部,43007308,武汉市洪山鲁巷揽投部,C1103743631021,武汉青云租租赁服务有限公司,91101095766905,武汉青云租租赁服务有限公司,1100215635745,武汉青云租租赁服务有限公司(特快),商企类,商业服务类,其他,普通,2025-03-26,03789508,董娅娜,,,,,0,0,0,0.0001,0.0009433962,0.1
1350,420000,湖北省,420100,武汉市,420111,洪山区,43000600,湖北省寄递事业部,43001800,武汉市寄递事业部,43006009,武汉市洪山区寄递事业部,43007316,武汉市洪山邮科院揽投部,43007316,武汉市洪山邮科院揽投部,C0000000537735,湖北省气象局,80000010333550,省气象局-湖北省气象局,1100207767911,省气象局(特快),商企类,其他,其他,普通,2024-12-12,01610903,任珊,,,,,0,0,0,0.0047,0.1514859632,775.5
1351,420000,湖北省,420100,武汉市,420111,洪山区,43000600,湖北省寄递事业部,43001800,武汉市寄递事业部,43006009,武汉市洪山区寄递事业部,43007316,武汉市洪山邮科院揽投部,43007316,武汉市洪山邮科院揽投部,C0000003973440,交通银行股份有限公司湖北省分行,80000002232278,交通银行股份有限公司湖北省分行-武汉东湖新技术开发区支行,1030000854067,交通银行股份有限公司湖北省分行(国内特快),商企类,金融类,行政办公,白银,2015-11-23,03109936,冷晨,4007710926,杨财,03109936,冷晨,0.0062,0.0745283013,11.6,0.0069,0.0867867825,16.19
1352,420000,湖北省,420100,武汉市,420111,洪山区,43000600,湖北省寄递事业部,43001800,武汉市寄递事业部,43006009,武汉市洪山区寄递事业部,43007316,武汉市洪山邮科院揽投部,43007316,武汉市洪山邮科院揽投部,C0000006507648,武汉龙安集团有限责任公司,80000002593010,龙安集团-龙安,1030002318547,龙安集团(国内特快),商企类,生产加工制造业,汽车,白银,2015-12-04,03109936,冷晨,,,03109936,冷晨,0.0001,0.0009433962,0.1,0.0019,0.0515981043,34.8
1353,420000,湖北省,420100,武汉市,420111,洪山区,43000600,湖北省寄递事业部,43001800,武汉市寄递事业部,43006009,武汉市洪山区寄递事业部,43007316,武汉市洪山邮科院揽投部,43007316,武汉市洪山邮科院揽投部,C0000006530318,中国光大银行股份有限公司武汉分行,91100995128714,中国光大银行股份有限公司武汉分行-光大银行武昌支行,1100184219557,中国光大银行股份有限公司武汉分行(光大银行武昌支行),商企类,金融类,其他,普通,2024-01-25,03109936,冷晨,,,03109936,冷晨,0.0008,0.0210377359,21.76,0.001,0.0114930758,0.84
1357,420000,湖北省,420100,武汉市,420111,洪山区,43000600,湖北省寄递事业部,43001800,武汉市寄递事业部,43006009,武汉市洪山区寄递事业部,43007316,武汉市洪山邮科院揽投部,43007316,武汉市洪山邮科院揽投部,C1100099476625,中信银行股份有限公司武汉分行,91101068738555,中信银行股份有限公司武汉分行-江汉2,1100207412198,中信银行股份有限公司武汉分行(美签3),商企类,金融类,其他,黄金,2024-12-06,03736715,陈磊,4012401312,吴涛,03736715,陈磊,0.0001,0.000754717,0.2,0.0003,0.002264151,1.26
1358,420000,湖北省,420100,武汉市,420111,洪山区,43000600,湖北省寄递事业部,43001800,武汉市寄递事业部,43006009,武汉市洪山区寄递事业部,43007316,武汉市洪山邮科院揽投部,43007316,武汉市洪山邮科院揽投部,C1100322209280,武汉市世界城置业有限公司,91100274791406,武汉市世界城置业有限公司,1100039775362,世界城置业(武汉市世界城置业有限公司),商企类,房产建筑,房地产、建筑建材、工程,,2019-12-09,03881832,邢伟玉,,,03881832,邢伟玉,0.0003,0.0035849057,0.3,0,0,0
1359,420000,湖北省,420100,武汉市,420111,洪山区,43000600,湖北省寄递事业部,43001800,武汉市寄递事业部,43006009,武汉市洪山区寄递事业部,43007316,武汉市洪山邮科院揽投部,43007316,武汉市洪山邮科院揽投部,C1100514564669,交通银行股份有限公司太平洋信用卡中心,91100836614145,交通银行太平洋信用卡中心-交通银行股份有限公司太平洋信用卡中心,1100126159231,交通银行太平洋信用卡中心(特快),商企类,金融类,卡函寄递,普通,2022-08-31,01610903,任珊,,,,,0,0,0,0.0016,0.0205251426,2.1
1360,420000,湖北省,420100,武汉市,420111,洪山区,43000600,湖北省寄递事业部,43001800,武汉市寄递事业部,43006009,武汉市洪山区寄递事业部,43007316,武汉市洪山邮科院揽投部,43007316,武汉市洪山邮科院揽投部,C1100537198982,武汉丹鸟供应链管理有限责任公司,91100497867788,武汉丹鸟供应链管理有限责任公司,1100218357569,武汉丹鸟(电商标快),商企类,生鲜特产,其他类,钻石,2025-05-16,01613532,黄文娟,,,,,0,0,0,0.1111,0.986481754599999,6294.88
1361,420000,湖北省,420100,武汉市,420111,洪山区,43000600,湖北省寄递事业部,43001800,武汉市寄递事业部,43006009,武汉市洪山区寄递事业部,43007316,武汉市洪山邮科院揽投部,43007316,武汉市洪山邮科院揽投部,C1100560222335,武汉长光科技有限公司,80000002296290,武汉长光科技有限公司,1030000830184,长光科技(武汉长光科技有限公司),商企类,IT通讯类,互联网,普通,2015-11-23,01610903,任珊,,,,,0,0,0,0.0001,0.0009433962,0.1
1362,420000,湖北省,420100,武汉市,420111,洪山区,43000600,湖北省寄递事业部,43001800,武汉市寄递事业部,43006009,武汉市洪山区寄递事业部,43007316,武汉市洪山邮科院揽投部,43007316,武汉市洪山邮科院揽投部,C1100608544470,中国农业银行股份有限公司湖北自贸试验区武汉片区分行,91100867781100,中国农业银行股份有限公司湖北自贸试验区武汉片区分行,1100218090079,农行自贸试验区分行(特快),商企类,金融类,对账单寄递,普通,2025-05-12,01611344,王竸,,,,,0,0,0,0.0009,0.0084905658,0.753
1363,420000,湖北省,420100,武汉市,420111,洪山区,43000600,湖北省寄递事业部,43001800,武汉市寄递事业部,43006009,武汉市洪山区寄递事业部,43007316,武汉市洪山邮科院揽投部,43007316,武汉市洪山邮科院揽投部,C1100623965902,武汉中新同和科技有限责任公司,91100578973472,武汉中新同和科技有限责任公司,1100244794204,武汉中新同和科技有限责任公司(特快),商企类,能源、矿产、环保,石油、石化、化工,,2026-03-27,03735456,秦祥翔,,,03735456,秦祥翔,0.0001,0.0011320755,0.1,0,0,0
1364,420000,湖北省,420100,武汉市,420111,洪山区,43000600,湖北省寄递事业部,43001800,武汉市寄递事业部,43006009,武汉市洪山区寄递事业部,43007316,武汉市洪山邮科院揽投部,43007316,武汉市洪山邮科院揽投部,C1100652623859,保利（武汉）房地产开发有限公司,80000002219970,保利（武汉）房地产开发有限公司,1100038786622,保利房产(保利（武汉）房地产开发有限公司),商企类,房产建筑,房地产、建筑建材、工程,,2019-11-08,03881832,邢伟玉,,,03881832,邢伟玉,0.0356,0.3277358418,245.28,0,0,0
1365,420000,湖北省,420100,武汉市,420111,洪山区,43000600,湖北省寄递事业部,43001800,武汉市寄递事业部,43006009,武汉市洪山区寄递事业部,43007316,武汉市洪山邮科院揽投部,43007316,武汉市洪山邮科院揽投部,C1100830283725,武汉航空仪表有限责任公司,80000002207001,航空仪表-武汉航空仪表有限责任公司（新）,1030002339236,航空仪表(武汉航空仪表有限责任公司),商企类,生产加工制造业,汽车,普通,2015-11-23,03109936,冷晨,,,03109936,冷晨,0.0008,0.0116981132,0.78,0.0006,0.0118377186,1.86
1366,420000,湖北省,420100,武汉市,420111,洪山区,43000600,湖北省寄递事业部,43001800,武汉市寄递事业部,43006009,武汉市洪山区寄递事业部,43007316,武汉市洪山邮科院揽投部,43007316,武汉市洪山邮科院揽投部,C1100912331438,中国电力科学研究院有限公司武汉分院,91100989754082,中国电力科学研究院有限公司武汉分院-（邮科院）,1100182541553,中国电力科学研究院有限公司武汉分院(特快),商企类,生鲜特产,其他类,白银,2024-01-02,03109936,冷晨,,,03109936,冷晨,0.0108,0.2143396246,44.02,0.0126,0.2595097809,55.375
1369,420000,湖北省,420100,武汉市,420111,洪山区,43000600,湖北省寄递事业部,43001800,武汉市寄递事业部,43006009,武汉市洪山区寄递事业部,43007316,武汉市洪山邮科院揽投部,43007316,武汉市洪山邮科院揽投部,C1101062662599,物联云仓（成都）科技有限公司,91101048668746,物联云仓（成都）科技有限公司-鄂州,1100198484804,物联云仓（成都）科技有限公司(特快、电商标快),商企类,生产加工制造业,印刷、包装、造纸、办公设备、轻工业,普通,2024-08-26,03925877,曹翩,4003478967,申邦艳,03925877,曹翩,0.0004,0.004981132,1.1,0,0,0
1370,420000,湖北省,420100,武汉市,420111,洪山区,43000600,湖北省寄递事业部,43001800,武汉市寄递事业部,43006009,武汉市洪山区寄递事业部,43007316,武汉市洪山邮科院揽投部,43007316,武汉市洪山邮科院揽投部,C1101151589822,快宝(上海)网络技术有限公司,91101016932925,快宝(上海)网络技术有限公司-快宝上门取件武汉市,1100189814441,快宝(上海)网络技术有限公司(上海)网络技术有限公司(快宝上门取件武汉市),商企类,退换货（商企）,快宝退换货（商企）,普通,2024-04-10,"03916800,03881828","徐玉婷,申莉莉",,,03916800,徐玉婷,0.0006,0.0084905662,2.38,0,0,0
1371,420000,湖北省,420100,武汉市,420111,洪山区,43000600,湖北省寄递事业部,43001800,武汉市寄递事业部,43006009,武汉市洪山区寄递事业部,43007316,武汉市洪山邮科院揽投部,43007316,武汉市洪山邮科院揽投部,C1101604402649,武汉市世界城物业管理有限公司,91101060551606,武汉市世界城物业管理有限公司,1100203950999,武汉市世界城物业管理有限公司(特快),商企类,房产建筑,物业管理、商业中心,普通,2024-10-25,03109936,冷晨,,,03109936,冷晨,0.0057,0.0685849051,6,0.0035,0.0459099872,8.8
1372,420000,湖北省,420100,武汉市,420111,洪山区,43000600,湖北省寄递事业部,43001800,武汉市寄递事业部,43006009,武汉市洪山区寄递事业部,43007316,武汉市洪山邮科院揽投部,43007316,武汉市洪山邮科院揽投部,C1101621523495,湖北产教融合教育研究院有限公司,91100968079472,湖北产教融合教育研究院有限公司,1100175341542,湖北产教融合教育研究院有限公司(特快),商企类,IT通讯类,IT服务类,普通,2023-10-26,03109936,冷晨,,,03109936,冷晨,0.0001,0.0009433962,0.1,0.0014,0.0203127054,2.1
1373,420000,湖北省,420100,武汉市,420111,洪山区,43000600,湖北省寄递事业部,43001800,武汉市寄递事业部,43006009,武汉市洪山区寄递事业部,43007316,武汉市洪山邮科院揽投部,43007316,武汉市洪山邮科院揽投部,C1102086357171,长城证券股份有限公司武汉高新大道证券营业部,91101043610524,长城证券股份有限公司武汉高新大道证券营业部,1100197277139,长城证券股份有限公司武汉高新大道证券营业部(国内特快),商企类,金融类,基金、证券、期货、投资,普通,2024-08-08,03109936,冷晨,,,03109936,冷晨,0.0004,0.0058490566,0.4,0.0004,0.0049871472,0.7
1374,420000,湖北省,420100,武汉市,420111,洪山区,43000600,湖北省寄递事业部,43001800,武汉市寄递事业部,43006009,武汉市洪山区寄递事业部,43007316,武汉市洪山邮科院揽投部,43007316,武汉市洪山邮科院揽投部,C1102146200872,武汉市世界城广场商业管理有限公司,91101058116453,武汉市世界城广场商业管理有限公司,1100202918644,武汉市世界城广场商业管理有限公司(特快),商企类,房产建筑,物业管理、商业中心,普通,2024-10-11,03109936,冷晨,,,03109936,冷晨,0.0024,0.0330188678,3.7,0.0054,0.0678681397,10.5
1375,420000,湖北省,420100,武汉市,420111,洪山区,43000600,湖北省寄递事业部,43001800,武汉市寄递事业部,43006009,武汉市洪山区寄递事业部,43007316,武汉市洪山邮科院揽投部,43007316,武汉市洪山邮科院揽投部,C1102738242808,武汉市鼎峰星耀科技有限公司,91101110465291,武汉市鼎峰星耀科技有限公司,1100220154163,武汉市鼎峰星耀科技有限公司(电商标快),商企类,传媒、娱乐、体育、旅游,出版、影视、文化传播,普通,2025-06-17,03342787,桂冰,,,,,0,0,0,0.0045,0.0231209543,69.9
1376,420000,湖北省,420100,武汉市,420111,洪山区,43000600,湖北省寄递事业部,43001800,武汉市寄递事业部,43006009,武汉市洪山区寄递事业部,43007316,武汉市洪山邮科院揽投部,43007316,武汉市洪山邮科院揽投部,C1103743629264,中资环电器电子循环利用（深圳）有限公司,91101095761427,中资环电器电子循环利用（深圳）有限公司,1100216100068,中资环电器电子循环利用(湖北),商企类,贸易、消费品、调换货,零售、批发,普通,2025-04-01,,,,,,,0,0,0,0.0001,0.001879003,3.35
1377,420000,湖北省,420100,武汉市,420111,洪山区,43000600,湖北省寄递事业部,43001800,武汉市寄递事业部,43006009,武汉市洪山区寄递事业部,43007316,武汉市洪山邮科院揽投部,43007316,武汉市洪山邮科院揽投部,C1104205513709,武汉市萌尚选商贸有限公司,91101198469448,武汉市萌尚选商贸有限公司,1100245568248,武汉市萌尚选商贸有限公司(电商标快),商企类,贸易、消费品、调换货,耐用消费品（皮革、家具、家电服饰、纺织）,,2026-05-08,03735456,秦祥翔,,,03735456,秦祥翔,0.022,0.0748113249,94.57,0,0,0
1378,420000,湖北省,420100,武汉市,420111,洪山区,43000600,湖北省寄递事业部,43001800,武汉市寄递事业部,43006009,武汉市洪山区寄递事业部,43007316,武汉市洪山邮科院揽投部,43007316,武汉市洪山邮科院揽投部,P0000001904789,王成刚,80000002232942,王成刚,1030001006078,王成刚(邮政公事寄递),商企类,其他,其他,白银,2015-11-23,19601021,寄递武汉市,4012140468,寄递武汉市,19601021,寄递武汉市,0.0002,0.0021320754,0.55,0.0001,0.0004509607,0.36
1380,420000,湖北省,420100,武汉市,420111,洪山区,43000600,湖北省寄递事业部,43001800,武汉市寄递事业部,43006009,武汉市洪山区寄递事业部,43007408,武汉市洪山华科揽投部,43007408,武汉市洪山华科揽投部,C1101151589822,快宝(上海)网络技术有限公司,91101016932925,快宝(上海)网络技术有限公司-快宝上门取件武汉市,1100189814441,快宝(上海)网络技术有限公司(上海)网络技术有限公司(快宝上门取件武汉市),商企类,退换货（商企）,快宝退换货（商企）,普通,2024-04-10,"03916800,03881828","徐玉婷,申莉莉",,,03916800,徐玉婷,0.0001,0.0019811321,0.1,0,0,0
1381,420000,湖北省,420100,武汉市,420111,洪山区,43000600,湖北省寄递事业部,43001800,武汉市寄递事业部,43006009,武汉市洪山区寄递事业部,43007408,武汉市洪山华科揽投部,43007408,武汉市洪山华科揽投部,C1104196057048,武汉越过看山秋餐饮管理有限公司,91101194152397,武汉越过看山秋餐饮管理有限公司,1100245120905,武汉越过看山秋餐饮管理有限公司(特快),商企类,贸易、消费品、调换货,零售、批发,,2026-04-13,01610903,任珊,,,01610903,任珊,0.0007,0.0055660376,1.7,0,0,0
1382,420000,湖北省,420100,武汉市,420111,洪山区,43000600,湖北省寄递事业部,43001800,武汉市寄递事业部,43006009,武汉市洪山区寄递事业部,43007408,武汉市洪山华科揽投部,43007408,武汉市洪山华科揽投部,C1104199595228,武汉市洪山区笔迹轻咖元气餐饮服务店（个体工商户）,91101195757197,武汉市洪山区笔迹轻咖元气餐饮服务店（个体工商户）,1100245305247,武汉市洪山区笔迹轻咖元气餐饮服务店（个体工商户）(华科即配商户),商企类,即时配,餐饮配送,,2026-04-22,03322114,童颖,,,03322114,童颖,0.0051,0.0144339639,255,0,0,0
1383,420000,湖北省,420100,武汉市,420111,洪山区,43000600,湖北省寄递事业部,43001800,武汉市寄递事业部,43006009,武汉市洪山区寄递事业部,43007408,武汉市洪山华科揽投部,43007408,武汉市洪山华科揽投部,P0000001904789,王成刚,80000002232942,王成刚,1030001006078,王成刚(邮政公事寄递),商企类,其他,其他,白银,2015-11-23,19601021,寄递武汉市,4012140468,寄递武汉市,,,0,0,0,0.0001,0.0009811321,8.9
1384,420000,湖北省,420100,武汉市,420111,洪山区,43000600,湖北省寄递事业部,43001800,武汉市寄递事业部,43006009,武汉市洪山区寄递事业部,43007408,武汉市洪山华科揽投部,43007408,武汉市洪山华科揽投部,P8101374465773,刘文国,81100387951690,刘文国,1100061807194,刘文国(同城银行包配送),商企类,金融类,票据、凭证包,钻石,2020-08-14,"04149230,04108662","邓君鑫,罗婧",4003356186,马丽,"04108662,04149230","罗婧,邓君鑫",0.0076,4.30188679359999,3.8,0,0,0
1385,420000,湖北省,420100,武汉市,420111,洪山区,43000600,湖北省寄递事业部,43001800,武汉市寄递事业部,43006009,武汉市洪山区寄递事业部,43007906,武汉市洪山卓刀泉揽投部,43007906,武汉市洪山卓刀泉揽投部,C0000000532998,湖北武汉永嘉专利代理有限公司,80000002235754,永嘉专利-兆富湖北省武汉永嘉专利代理有限公司,1030000817842,永嘉专利(湖北武汉永嘉专利代理有限公司),商企类,商业服务类,专业服务、咨询（财会、法律、人力资源等）,普通,2015-11-23,03954180,张进,,,03954180,张进,0.0031,0.0349056611,20,0.0031,0.0243903413,3.5
1386,420000,湖北省,420100,武汉市,420111,洪山区,43000600,湖北省寄递事业部,43001800,武汉市寄递事业部,43006009,武汉市洪山区寄递事业部,43007906,武汉市洪山卓刀泉揽投部,43007906,武汉市洪山卓刀泉揽投部,C0000001986688,紫光数码（苏州）集团有限公司,80000002206178,紫光数码-紫光数码（苏州）集团有限公司.,1030000803229,紫光数码(紫光数码（苏州）集团有限公司),商企类,贸易、消费品、调换货,零售、批发,普通,2015-11-23,01611602,姚勇,,,,,0,0,0,0.0001,0.0012213519,0.1
1387,420000,湖北省,420100,武汉市,420111,洪山区,43000600,湖北省寄递事业部,43001800,武汉市寄递事业部,43006009,武汉市洪山区寄递事业部,43007906,武汉市洪山卓刀泉揽投部,43007906,武汉市洪山卓刀泉揽投部,C0000008021630,上海浦东发展银行股份有限公司武汉分行,90000010913307,上海浦东发展银行股份有限公司武汉分行-上海浦东发展银行股份有限公司武汉东湖高新支行,1030002087539,上海浦东发展银行股份有限公司武汉分行(X软件园-上海浦发银行股份有限公司武汉东湖高新支行),商企类,金融类,票据、凭证包,白银,2017-11-22,03592719,易康,,,03592719,易康,0.0014,0.0196226417,17.31,0,0,0
1389,420000,湖北省,420100,武汉市,420111,洪山区,43000600,湖北省寄递事业部,43001800,武汉市寄递事业部,43006009,武汉市洪山区寄递事业部,43007906,武汉市洪山卓刀泉揽投部,43007906,武汉市洪山卓刀泉揽投部,C0000009015050,武汉益骏达舒适环境设备有限公司,90000011112152,武汉益骏达舒适环境设备有限公司,1030001566350,武汉益骏达舒适环境设备有限公司(特快),商企类,生产加工制造业,大型设备、机电设备、重工业,普通,2017-12-26,03954180,张进,,,03954180,张进,0.0007,0.0091509433,4.1,0.0004,0.0040566037,2.6
1390,420000,湖北省,420100,武汉市,420111,洪山区,43000600,湖北省寄递事业部,43001800,武汉市寄递事业部,43006009,武汉市洪山区寄递事业部,43007906,武汉市洪山卓刀泉揽投部,43007906,武汉市洪山卓刀泉揽投部,C1100110596127,武汉恒友世纪数码科技有限公司,91100112118860,武汉恒友世纪数码科技有限公司,1030001408793,恒友世纪(武汉恒友世纪数码科技有限公司),商企类,IT通讯类,消费电子,白银,2019-04-10,03954180,张进,,,03954180,张进,0.0066,0.0558962255,30.95,0.0134,0.1056287813,40.875
1391,420000,湖北省,420100,武汉市,420111,洪山区,43000600,湖北省寄递事业部,43001800,武汉市寄递事业部,43006009,武汉市洪山区寄递事业部,43007906,武汉市洪山卓刀泉揽投部,43007906,武汉市洪山卓刀泉揽投部,C1100446151003,武汉市伊美净科技发展有限公司,91100404940665,武汉市伊美净科技发展有限公司,1100065454882,武汉市伊美净科技发展有限公司(特快),商企类,生鲜特产,其他类,普通,2020-09-11,03954180,张进,,,03954180,张进,0.0022,0.0248301893,5.46,0.0043,0.0504829155,45.65
1392,420000,湖北省,420100,武汉市,420111,洪山区,43000600,湖北省寄递事业部,43001800,武汉市寄递事业部,43006009,武汉市洪山区寄递事业部,43007906,武汉市洪山卓刀泉揽投部,43007906,武汉市洪山卓刀泉揽投部,C1100454376012,中国工商银行股份有限公司武汉分行,91100663917150,中国工商银行股份有限公司武汉分行-中国工商银行股份有限公司武汉洪山支行,1100115431760,中国工商银行股份有限公司武汉分行(武汉洪山支行),商企类,金融类,对账单寄递,白银,2022-06-01,03326821,朱玉泉,4003356186,马丽,03326821,朱玉泉,0.0216,0.2060377304,22.4,0.0037,0.0401497313,19.78
1393,420000,湖北省,420100,武汉市,420111,洪山区,43000600,湖北省寄递事业部,43001800,武汉市寄递事业部,43006009,武汉市洪山区寄递事业部,43007906,武汉市洪山卓刀泉揽投部,43007906,武汉市洪山卓刀泉揽投部,C1100566439375,湖北益丰大药房连锁有限公司,91100973091955,湖北益丰大药房连锁有限公司,1100212142778,湖北益丰大药房连锁有限公司(特快),商企类,医药类,药品销售,普通,2025-02-06,01612922,张国华,,,,,0,0,0,0.0002,0.0028783798,4.75
1394,420000,湖北省,420100,武汉市,420111,洪山区,43000600,湖北省寄递事业部,43001800,武汉市寄递事业部,43006009,武汉市洪山区寄递事业部,43007906,武汉市洪山卓刀泉揽投部,43007906,武汉市洪山卓刀泉揽投部,C1100608544470,中国农业银行股份有限公司湖北自贸试验区武汉片区分行,91100867781100,中国农业银行股份有限公司湖北自贸试验区武汉片区分行,1100218090079,中国农业银行股份有限公司湖北自贸试验区武汉片区分行(特快),商企类,金融类,对账单寄递,普通,2025-05-12,03735447,陈娟,,,03735447,陈娟,0.0013,0.0125471695,4.7,0.0001,0.0009433962,0.1
1395,420000,湖北省,420100,武汉市,420111,洪山区,43000600,湖北省寄递事业部,43001800,武汉市寄递事业部,43006009,武汉市洪山区寄递事业部,43007906,武汉市洪山卓刀泉揽投部,43007906,武汉市洪山卓刀泉揽投部,C1100648915072,武汉中汉正光科技有限公司,91100602952208,武汉中汉正光科技有限公司,1100101691741,武汉中汉正光科技有限公司(特快),商企类,IT通讯类,消费电子,白银,2021-12-03,03646664,陈晶,,,03646664,陈晶,0.0026,0.0101886795,7.06,0.0437,0.1980238951,241.755
1396,420000,湖北省,420100,武汉市,420111,洪山区,43000600,湖北省寄递事业部,43001800,武汉市寄递事业部,43006009,武汉市洪山区寄递事业部,43007906,武汉市洪山卓刀泉揽投部,43007906,武汉市洪山卓刀泉揽投部,C1100715784543,武汉华天创新工贸有限公司,80000002221119,武汉华天创新工贸有限公司,1030002276405,武汉华天创新工贸有限公司(武汉华天创新工贸有限公司),商企类,医药类,药品销售,普通,2015-11-23,03646940,朱江,,,,,0,0,0,0.0005,0.0040225898,0.5
1397,420000,湖北省,420100,武汉市,420111,洪山区,43000600,湖北省寄递事业部,43001800,武汉市寄递事业部,43006009,武汉市洪山区寄递事业部,43007906,武汉市洪山卓刀泉揽投部,43007906,武汉市洪山卓刀泉揽投部,C1100903680301,武汉珞珈航空服务有限责任公司,91100855752802,武汉珞珈航空服务有限责任公司,1100132235840,珞珈航空(武汉珞珈航空服务有限责任公司),商企类,生产加工制造业,汽车,普通,2022-10-21,03647026,王汉华,,,,,0,0,0,0.0001,0.0011274017,0.1
1400,420000,湖北省,420100,武汉市,420111,洪山区,43000600,湖北省寄递事业部,43001800,武汉市寄递事业部,43006009,武汉市洪山区寄递事业部,43007906,武汉市洪山卓刀泉揽投部,43007906,武汉市洪山卓刀泉揽投部,C1101150709195,湖北天鑫润建材有限公司,91100938133368,湖北天鑫润建材有限公司,1100162143267,天鑫润(湖北天鑫润建材有限公司),商企类,房产建筑,房地产、建筑建材、工程,普通,2023-07-12,03954180,张进,,,03954180,张进,0.0001,0.0009433962,0.1,0.0001,0.0009433962,0.1
1401,420000,湖北省,420100,武汉市,420111,洪山区,43000600,湖北省寄递事业部,43001800,武汉市寄递事业部,43006009,武汉市洪山区寄递事业部,43007906,武汉市洪山卓刀泉揽投部,43007906,武汉市洪山卓刀泉揽投部,C1101485416540,湖北律仕堂法律服务有限公司,91101012305813,湖北律仕堂法律服务有限公司,1100188598315,LST(湖北律仕堂法律服务有限公司),商企类,商业服务类,专业服务、咨询（财会、法律、人力资源等）,普通,2024-03-21,03646940,朱江,,,,,0,0,0,0.0015,0.025789268,11.92
1402,420000,湖北省,420100,武汉市,420111,洪山区,43000600,湖北省寄递事业部,43001800,武汉市寄递事业部,43006009,武汉市洪山区寄递事业部,43007906,武汉市洪山卓刀泉揽投部,43007906,武汉市洪山卓刀泉揽投部,C1101658528030,武汉大水云科技有限公司,91100991259456,武汉大水云科技有限公司,1100182982350,武汉大水云科技有限公司(特快),商企类,能源、矿产、环保,电气、电力、煤气、水利,普通,2024-01-08,03954180,张进,,,03954180,张进,0.0007,0.0121509435,5.55,0.003,0.0542749531,14.956
1403,420000,湖北省,420100,武汉市,420111,洪山区,43000600,湖北省寄递事业部,43001800,武汉市寄递事业部,43006009,武汉市洪山区寄递事业部,43007906,武汉市洪山卓刀泉揽投部,43007906,武汉市洪山卓刀泉揽投部,C1102008542722,武汉市洪山区欣启程科技经营部,91101006306648,武汉市洪山区欣启程科技经营部,1100186515615,武汉市洪山区欣启程科技经营部(电商标快),商企类,生产加工制造业,加工制造,铂金,2024-03-01,"03646940,03320127,01611663,01611539","朱江,刘妍,刘宇,张军",,,,,0,0,0,0.3548,1.5553015408,6010.274
1404,420000,湖北省,420100,武汉市,420111,洪山区,43000600,湖北省寄递事业部,43001800,武汉市寄递事业部,43006009,武汉市洪山区寄递事业部,43007906,武汉市洪山卓刀泉揽投部,43007906,武汉市洪山卓刀泉揽投部,C1102008542722,武汉市洪山区欣启程科技经营部,91101006306648,武汉市洪山区欣启程科技经营部,1100186515615,武汉市洪山区欣启程科技经营部(电商标快),商企类,医药类,药品生产、医疗器械,铂金,2024-03-01,03954180,张进,,,03954180,张进,0.2448,1.2489887255,5461.822,0,0,0
1405,420000,湖北省,420100,武汉市,420111,洪山区,43000600,湖北省寄递事业部,43001800,武汉市寄递事业部,43006009,武汉市洪山区寄递事业部,43007906,武汉市洪山卓刀泉揽投部,43007906,武汉市洪山卓刀泉揽投部,C1102028733210,武汉市洪山区创科数码经营部,91101018931397,武汉市洪山区创科数码经营部,1100190449807,武汉市洪山区创科数码经营部(电商标快),商企类,生产加工制造业,加工制造,黄金,2024-04-19,03646940,朱江,,,,,0,0,0,0.2034,0.9969134152,2146.805
1406,420000,湖北省,420100,武汉市,420111,洪山区,43000600,湖北省寄递事业部,43001800,武汉市寄递事业部,43006009,武汉市洪山区寄递事业部,43007906,武汉市洪山卓刀泉揽投部,43007906,武汉市洪山卓刀泉揽投部,C1102028733210,武汉市洪山区创科数码经营部,91101018931397,武汉市洪山区创科数码经营部,1100190449807,武汉市洪山区创科数码经营部(电商标快),商企类,医药类,药品生产、医疗器械,黄金,2024-04-19,03646940,朱江,,,03646940,朱江,0.1355,0.8001886909,3215.898,0,0,0
1407,420000,湖北省,420100,武汉市,420111,洪山区,43000600,湖北省寄递事业部,43001800,武汉市寄递事业部,43006009,武汉市洪山区寄递事业部,43007906,武汉市洪山卓刀泉揽投部,43007906,武汉市洪山卓刀泉揽投部,C1102082816267,法伴云（武汉）科技有限公司,91101041943824,法伴云（武汉）科技有限公司,1100196894548,法伴云（武汉）科技有限公司(特快),商企类,IT通讯类,IT服务类,普通,2024-08-01,03646940,朱江,,,,,0,0,0,0.0028,0.0405864642,2.8
1408,420000,湖北省,420100,武汉市,420111,洪山区,43000600,湖北省寄递事业部,43001800,武汉市寄递事业部,43006009,武汉市洪山区寄递事业部,43007906,武汉市洪山卓刀泉揽投部,43007906,武汉市洪山卓刀泉揽投部,C1102411891772,啦啦球（武汉）文化有限公司,91101106659471,啦啦球（武汉）文化有限公司,1100219113920,啦啦球（武汉）文化有限公司(电商标快),商企类,传媒、娱乐、体育、旅游,娱乐、体育、休闲,普通,2025-05-29,03646940,朱江,,,03646940,朱江,0.0026,0.0109245288,13.91,0.0321,0.1145682197,166.96
1409,420000,湖北省,420100,武汉市,420111,洪山区,43000600,湖北省寄递事业部,43001800,武汉市寄递事业部,43006009,武汉市洪山区寄递事业部,43007906,武汉市洪山卓刀泉揽投部,43007906,武汉市洪山卓刀泉揽投部,C1102918781716,武汉市硚口区富必辉奶粉商行,91101091138690,武汉市硚口区富必辉奶粉商行,1100213777582,武汉市硚口区富必辉奶粉商行(电商标快),商企类,生鲜特产,其他类,铂金,2025-03-01,03954180,张进,,,03954180,张进,0.0003,0.0015566037,9,0.2726,1.1953601311,4791
1410,420000,湖北省,420100,武汉市,420111,洪山区,43000600,湖北省寄递事业部,43001800,武汉市寄递事业部,43006009,武汉市洪山区寄递事业部,43007906,武汉市洪山卓刀泉揽投部,43007906,武汉市洪山卓刀泉揽投部,C1103272980586,瀛和（北京）企业管理咨询有限公司湖北分公司,91101119398431,瀛和（北京）企业管理咨询有限公司湖北分公司,1100223426427,瀛和（北京）企业管理咨询有限公司湖北分公司(特快),商企类,商业服务类,专业服务、咨询（财会、法律、人力资源等）,,2025-07-30,03954180,张进,,,03954180,张进,0.0027,0.0431698123,4.62,0,0,0
1411,420000,湖北省,420100,武汉市,420111,洪山区,43000600,湖北省寄递事业部,43001800,武汉市寄递事业部,43006009,武汉市洪山区寄递事业部,43007906,武汉市洪山卓刀泉揽投部,43007906,武汉市洪山卓刀泉揽投部,C1103743629264,中资环电器电子循环利用（深圳）有限公司,91101095761427,中资环电器电子循环利用（深圳）有限公司,1100216100068,中资环电器电子循环利用(湖北),商企类,贸易、消费品、调换货,零售、批发,普通,2025-04-01,,,,,,,0,0,0,0.0001,0.001315302,0.3
1412,420000,湖北省,420100,武汉市,420111,洪山区,43000600,湖北省寄递事业部,43001800,武汉市寄递事业部,43006009,武汉市洪山区寄递事业部,43007906,武汉市洪山卓刀泉揽投部,43007906,武汉市洪山卓刀泉揽投部,C1103758433139,武汉凡扬文化科技有限公司,91101102341015,武汉凡扬文化科技有限公司,1100217762131,武汉凡扬文化科技有限公司(特快),商企类,商业服务类,专业服务、咨询（财会、法律、人力资源等）,普通,2025-05-06,03646940,朱江,,,03646940,朱江,0.0003,0.008254717,47.1,0.0003,0.0045495412,19.9
1413,420000,湖北省,420100,武汉市,420111,洪山区,43000600,湖北省寄递事业部,43001800,武汉市寄递事业部,43006009,武汉市洪山区寄递事业部,43007906,武汉市洪山卓刀泉揽投部,43007906,武汉市洪山卓刀泉揽投部,C1104057801726,武汉市东湖新技术开发区廪君商贸工作室,91101202420373,武汉市东湖新技术开发区廪君商贸工作室,1100246141482,武汉市东湖新技术开发区廪君商贸工作室(特快),商企类,贸易、消费品、调换货,零售、批发,,2026-06-01,03954180,张进,,,03954180,张进,0.0001,0.0007075472,0.55,0,0,0
1414,420000,湖北省,420100,武汉市,420111,洪山区,43000600,湖北省寄递事业部,43001800,武汉市寄递事业部,43006009,武汉市洪山区寄递事业部,43007911,武汉市洪山软件园揽投部,43007911,武汉市洪山软件园揽投部,C0000000274610,交通银行股份有限公司,81100221252624,交通银行股份有限公司-交通银行股份有限公司2019,1100031249674,交通银行股份有限公司(特快),商企类,金融类,对账单寄递,普通,2019-07-10,03469518,张涛,,,03469518,张涛,0.0006,0.007433962,0.7,0.0075,0.1016854459,8.4
1415,420000,湖北省,420100,武汉市,420111,洪山区,43000600,湖北省寄递事业部,43001800,武汉市寄递事业部,43006009,武汉市洪山区寄递事业部,43007911,武汉市洪山软件园揽投部,43007911,武汉市洪山软件园揽投部,C0000000753892,招商银行股份有限公司信用卡中心,91101095739624,招商银行股份有限公司信用卡中心-统签,1100215556219,招商银行股份有限公司信用卡中心(统签),商企类,金融类,卡函寄递,普通,2025-03-26,03469518,张涛,,,03469518,张涛,0.0047,0.0512037742,18.3,0.0061,0.0671907122,16.7
1416,420000,湖北省,420100,武汉市,420111,洪山区,43000600,湖北省寄递事业部,43001800,武汉市寄递事业部,43006009,武汉市洪山区寄递事业部,43007911,武汉市洪山软件园揽投部,43007911,武汉市洪山软件园揽投部,C0000003973440,交通银行股份有限公司湖北省分行,80000002232278,交通银行股份有限公司湖北省分行-武汉东湖新技术开发区支行,1030000854067,交通银行股份有限公司湖北省分行(国内特快),商企类,金融类,行政办公,白银,2015-11-23,03109936,冷晨,4007710926,杨财,03109936,冷晨,0.0014,0.0173584904,2.35,0.002,0.0202654919,2.75
1417,420000,湖北省,420100,武汉市,420111,洪山区,43000600,湖北省寄递事业部,43001800,武汉市寄递事业部,43006009,武汉市洪山区寄递事业部,43007911,武汉市洪山软件园揽投部,43007911,武汉市洪山软件园揽投部,C0000004035282,武汉高德红外股份有限公司,80000002229904,武汉高德红外股份有限公司-武汉高德红外线股份有限公司,1030001760817,武汉高德红外股份有限公司(国内特快),商企类,生产加工制造业,大型设备、机电设备、重工业,铂金,2015-11-23,03469518,张涛,,,03469518,张涛,0.0288,0.9875188648,1590.64,0.0479,2.9086814067,4660.318
1418,420000,湖北省,420100,武汉市,420111,洪山区,43000600,湖北省寄递事业部,43001800,武汉市寄递事业部,43006009,武汉市洪山区寄递事业部,43007911,武汉市洪山软件园揽投部,43007911,武汉市洪山软件园揽投部,C0000005003491,浙商银行股份有限公司武汉分行,90000006534682,浙商银行股份有限公司武汉分行,1030001894747,浙商银行股份有限公司武汉分行(浙商银行武汉分行),商企类,金融类,对账单寄递,普通,2016-01-22,03469518,张涛,,,03469518,张涛,0.0025,0.0339622637,48.8,0.0014,0.0144211092,4.1
1419,420000,湖北省,420100,武汉市,420111,洪山区,43000600,湖北省寄递事业部,43001800,武汉市寄递事业部,43006009,武汉市洪山区寄递事业部,43007911,武汉市洪山软件园揽投部,43007911,武汉市洪山软件园揽投部,C0000005986378,湖北光谷天地商业投资运营有限公司,90000007671630,湖北光谷天地商业投资运营有限公司,1100163338826,湖北光谷天地商业投资运营有限公司(特快专递),商企类,商业服务类,酒店餐饮,普通,2023-07-20,03469518,张涛,,,03469518,张涛,0.0014,0.0183490563,18.59,0.0175,0.2136893582,37.55
1420,420000,湖北省,420100,武汉市,420111,洪山区,43000600,湖北省寄递事业部,43001800,武汉市寄递事业部,43006009,武汉市洪山区寄递事业部,43007911,武汉市洪山软件园揽投部,43007911,武汉市洪山软件园揽投部,C0000006530318,中国光大银行股份有限公司武汉分行,80000002222402,中国光大银行股份有限公司武汉分行-光大银行东湖支行,1030001880135,中国光大银行股份有限公司武汉分行(光大银行东湖支行),商企类,金融类,对账单寄递,普通,2015-11-23,03469518,张涛,,,03469518,张涛,0.0023,0.0244339618,4.9,0.0017,0.0184823867,9.33
1421,420000,湖北省,420100,武汉市,420111,洪山区,43000600,湖北省寄递事业部,43001800,武汉市寄递事业部,43006009,武汉市洪山区寄递事业部,43007911,武汉市洪山软件园揽投部,43007911,武汉市洪山软件园揽投部,C0000007737723,伟仕佳杰(重庆)科技有限公司,80000002592985,伟仕佳杰(重庆)科技有限公司-伟仕佳杰（重庆）科技有限公司.,1030002295956,伟仕佳杰(重庆)科技有限公司(重庆)(重庆)科技有限公司(重庆)科技有限公司(伟仕佳杰（重庆）科技有限公司),商企类,传媒、娱乐、体育、旅游,行政寄递,白银,2015-12-04,03469518,张涛,,,03469518,张涛,0.0049,0.0823584917,49.77,0.0065,0.0856446707,18.75
1422,420000,湖北省,420100,武汉市,420111,洪山区,43000600,湖北省寄递事业部,43001800,武汉市寄递事业部,43006009,武汉市洪山区寄递事业部,43007911,武汉市洪山软件园揽投部,43007911,武汉市洪山软件园揽投部,C0000007799046,北京伯凯科技有限公司,91100947734736,北京伯凯科技有限公司-伯凯科技有限公司,1100167728935,北京伯凯科技有限公司(北京伯凯科技有限公司),商企类,IT通讯类,IT服务类,普通,2023-08-16,03469518,张涛,,,03469518,张涛,0.0004,0.0060377359,7.21,0.0007,0.0103047256,2.1
1423,420000,湖北省,420100,武汉市,420111,洪山区,43000600,湖北省寄递事业部,43001800,武汉市寄递事业部,43006009,武汉市洪山区寄递事业部,43007911,武汉市洪山软件园揽投部,43007911,武汉市洪山软件园揽投部,C0000008021630,上海浦东发展银行股份有限公司武汉分行,90000010913307,上海浦东发展银行股份有限公司武汉分行-上海浦东发展银行股份有限公司武汉东湖高新支行,1030002087539,上海浦东发展银行股份有限公司武汉分行(X软件园-上海浦发银行股份有限公司武汉东湖高新支行),商企类,金融类,票据、凭证包,白银,2017-11-22,03592719,易康,,,03592719,易康,0.0011,0.0171698112,33.8,0.0012,0.0157406956,26.45
1424,420000,湖北省,420100,武汉市,420111,洪山区,43000600,湖北省寄递事业部,43001800,武汉市寄递事业部,43006009,武汉市洪山区寄递事业部,43007911,武汉市洪山软件园揽投部,43007911,武汉市洪山软件园揽投部,C0000008021630,上海浦东发展银行股份有限公司武汉分行,91101149822975,上海浦东发展银行股份有限公司武汉分行-武汉光谷支行,1100232628409,上海浦东发展银行股份有限公司武汉分行(武汉光谷支行),商企类,金融类,对账单寄递,,2025-10-13,03818323,苏伟,,,03818323,苏伟,0.0062,0.0677358478,65.35,0,0,0
1425,420000,湖北省,420100,武汉市,420111,洪山区,43000600,湖北省寄递事业部,43001800,武汉市寄递事业部,43006009,武汉市洪山区寄递事业部,43007911,武汉市洪山软件园揽投部,43007911,武汉市洪山软件园揽投部,C0000008664497,武汉中人瑞众汽车零部件产业有限公司,90000010716588,武汉中人瑞众汽车零部件产业有限公司,1100218469158,武汉中人瑞众汽车零部件产业有限公司(特快),商企类,生产加工制造业,加工制造,普通,2025-05-19,03469518,张涛,,,03469518,张涛,0.0014,0.0222452833,11.21,0.0017,0.0344803877,21.514
1429,420000,湖北省,420100,武汉市,420111,洪山区,43000600,湖北省寄递事业部,43001800,武汉市寄递事业部,43006009,武汉市洪山区寄递事业部,43007911,武汉市洪山软件园揽投部,43007911,武汉市洪山软件园揽投部,C0000009273933,中信建投证券股份有限公司武汉关山大道证券营业部,90000011423393,中信建投证券股份有限公司武汉关山大道证券营业部,1030001845002,X-中信建设证券股份有限公司武汉关山大道证券营业部(中信建设证券股份有限公司武汉关山大道证券营业部),商企类,金融类,基金、证券、期货、投资,普通,2018-05-09,03881832,邢伟玉,,,,,0,0,0,0.0006,0.007719491,1
1430,420000,湖北省,420100,武汉市,420111,洪山区,43000600,湖北省寄递事业部,43001800,武汉市寄递事业部,43006009,武汉市洪山区寄递事业部,43007911,武汉市洪山软件园揽投部,43007911,武汉市洪山软件园揽投部,C0000009350760,伯凯企业服务（武汉）有限公司,90000011516284,伯凯企业服务（武汉）有限公司,1030001494237,伯凯企业服务（武汉）有限公司(特快),商企类,商业服务类,专业服务、咨询（财会、法律、人力资源等）,普通,2018-06-07,03469518,张涛,,,03469518,张涛,0.0008,0.0161132074,21.84,0.0004,0.0184181236,7.55
1431,420000,湖北省,420100,武汉市,420111,洪山区,43000600,湖北省寄递事业部,43001800,武汉市寄递事业部,43006009,武汉市洪山区寄递事业部,43007911,武汉市洪山软件园揽投部,43007911,武汉市洪山软件园揽投部,C1100099476625,中信银行股份有限公司武汉分行,91101068738555,中信银行股份有限公司武汉分行-江汉2,1100207412198,中信银行股份有限公司武汉分行(美签3),商企类,金融类,其他,黄金,2024-12-06,03736715,陈磊,4012401312,吴涛,03736715,陈磊,0.0001,0.000754717,0.08,0.0006,0.004528302,0.5
1432,420000,湖北省,420100,武汉市,420111,洪山区,43000600,湖北省寄递事业部,43001800,武汉市寄递事业部,43006009,武汉市洪山区寄递事业部,43007911,武汉市洪山软件园揽投部,43007911,武汉市洪山软件园揽投部,C1100405869071,武汉安畅达物流有限公司,91100362679836,武汉安畅达物流有限公司,1100054491735,安畅达(国内特快),商企类,生鲜特产,其他类,白银,2020-06-12,03469518,张涛,,,03469518,张涛,0.023,0.3208018802,187,0.0355,0.5897169689,437.7
1433,420000,湖北省,420100,武汉市,420111,洪山区,43000600,湖北省寄递事业部,43001800,武汉市寄递事业部,43006009,武汉市洪山区寄递事业部,43007911,武汉市洪山软件园揽投部,43007911,武汉市洪山软件园揽投部,C1100569120702,武汉斗鱼网络科技有限公司,80000008175618,武汉斗鱼网络科技有限公司,1030001853539,斗鱼网络(武汉斗鱼网络科技有限公司),商企类,IT通讯类,互联网,普通,2017-05-16,03469518,张涛,,,03469518,张涛,0.0019,0.0299056609,2.37,0.0067,0.1366681653,3.74
1434,420000,湖北省,420100,武汉市,420111,洪山区,43000600,湖北省寄递事业部,43001800,武汉市寄递事业部,43006009,武汉市洪山区寄递事业部,43007911,武汉市洪山软件园揽投部,43007911,武汉市洪山软件园揽投部,C1100574161196,武汉赛亿科技有限公司,91100532129149,武汉赛亿科技有限公司,1100088749345,武汉赛亿科技有限公司(特快),商企类,生产加工制造业,加工制造,普通,2021-05-19,03469518,张涛,,,03469518,张涛,0.0003,0.0028301886,2,0.0003,0.0028301886,2.3
1435,420000,湖北省,420100,武汉市,420111,洪山区,43000600,湖北省寄递事业部,43001800,武汉市寄递事业部,43006009,武汉市洪山区寄递事业部,43007911,武汉市洪山软件园揽投部,43007911,武汉市洪山软件园揽投部,C1100608544470,中国农业银行股份有限公司湖北自贸试验区武汉片区分行,91100867781100,中国农业银行股份有限公司湖北自贸试验区武汉片区分行,1100218090079,中国农业银行股份有限公司湖北自贸试验区武汉片区分行(特快),商企类,金融类,对账单寄递,普通,2025-05-12,03735447,陈娟,,,03735447,陈娟,0.0005,0.0051886792,1.8,0.0009,0.0084905658,0.65
1436,420000,湖北省,420100,武汉市,420111,洪山区,43000600,湖北省寄递事业部,43001800,武汉市寄递事业部,43006009,武汉市洪山区寄递事业部,43007911,武汉市洪山软件园揽投部,43007911,武汉市洪山软件园揽投部,C1100713266209,武汉嘉特重型设备有限公司,91100662646912,武汉嘉特重型设备有限公司,1100115199806,武汉嘉特重型设备有限公司(特快),商企类,生产加工制造业,大型设备、机电设备、重工业,普通,2022-05-30,03469518,张涛,,,03469518,张涛,0.0001,0.0009433962,0.1,0.0004,0.0087092175,9
1437,420000,湖北省,420100,武汉市,420111,洪山区,43000600,湖北省寄递事业部,43001800,武汉市寄递事业部,43006009,武汉市洪山区寄递事业部,43007911,武汉市洪山软件园揽投部,43007911,武汉市洪山软件园揽投部,C1100714605409,武汉华通电力科技有限公司,80000002252540,华通电力-武汉华通电力科技有限公司.,1030000914941,华通电力(武汉华通电力科技有限公司),商企类,能源、矿产、环保,电气、电力、煤气、水利,普通,2015-11-23,03469518,张涛,,,03469518,张涛,0.0003,0.0030188679,0.3,0.0002,0.0018867924,0.2
1438,420000,湖北省,420100,武汉市,420111,洪山区,43000600,湖北省寄递事业部,43001800,武汉市寄递事业部,43006009,武汉市洪山区寄递事业部,43007911,武汉市洪山软件园揽投部,43007911,武汉市洪山软件园揽投部,C1100715785139,烽火藤仓光纤科技有限公司,80000002291149,烽火藤仓-藤仓,1030001841491,烽火藤仓(光纤科技有限公司),商企类,IT通讯类,IT服务类,普通,2015-11-23,03789508,董娅娜,,,,,0,0,0,0.0012,0.049245456,37.5
1439,420000,湖北省,420100,武汉市,420111,洪山区,43000600,湖北省寄递事业部,43001800,武汉市寄递事业部,43006009,武汉市洪山区寄递事业部,43007911,武汉市洪山软件园揽投部,43007911,武汉市洪山软件园揽投部,C1100777007730,武汉国电武仪电气股份有限公司,80000003129229,武汉国电武仪电气股份有限公司-（新）国电武仪,1030000966601,武汉国电武仪电气股份有限公司(特快),商企类,生产加工制造业,汽车,普通,2015-12-30,03469518,张涛,,,03469518,张涛,0.0005,0.0078773585,0.5,0.0011,0.0181607059,2.6
1440,420000,湖北省,420100,武汉市,420111,洪山区,43000600,湖北省寄递事业部,43001800,武汉市寄递事业部,43006009,武汉市洪山区寄递事业部,43007911,武汉市洪山软件园揽投部,43007911,武汉市洪山软件园揽投部,C1100830283691,长飞光纤光缆股份有限公司,80000010058655,长飞光纤-长飞前台,1030002342803,长飞光纤(长飞光纤光缆股份有限公司（前台）),商企类,生产加工制造业,汽车,白银,2018-01-05,03635573,李文枫,,,03635573,李文枫,0.0092,0.1094339607,14,0.0175,0.2716310301,135.6
1441,420000,湖北省,420100,武汉市,420111,洪山区,43000600,湖北省寄递事业部,43001800,武汉市寄递事业部,43006009,武汉市洪山区寄递事业部,43007911,武汉市洪山软件园揽投部,43007911,武汉市洪山软件园揽投部,C1100928338780,武汉长飞智慧网络技术有限公司,91100874075216,武汉长飞智慧网络技术有限公司,1100144481947,武汉长飞智慧网络技术有限公司,商企类,生产加工制造业,加工制造,普通,2023-01-29,03881832,邢伟玉,,,,,0,0,0,0.003,0.0362966923,4.81
1442,420000,湖北省,420100,武汉市,420111,洪山区,43000600,湖北省寄递事业部,43001800,武汉市寄递事业部,43006009,武汉市洪山区寄递事业部,43007911,武汉市洪山软件园揽投部,43007911,武汉市洪山软件园揽投部,C1100977032101,武汉万通鑫盛快递有限公司,91100904055117,武汉万通鑫盛快递有限公司,1100148287372,万通鑫盛(武汉万通鑫盛快递有限公司),商企类,交通运输、物流仓储,物流仓储,普通,2023-03-07,03469518,张涛,,,03469518,张涛,0.0104,0.1289273552,34.12,0.0092,0.1254466196,40.66
1443,420000,湖北省,420100,武汉市,420111,洪山区,43000600,湖北省寄递事业部,43001800,武汉市寄递事业部,43006009,武汉市洪山区寄递事业部,43007911,武汉市洪山软件园揽投部,43007911,武汉市洪山软件园揽投部,C1100992722070,湖北清能碧桂园物业服务有限公司,91100907296814,湖北清能碧桂园物业服务有限公司,1100149234689,清能碧桂园(湖北清能碧桂园物业服务有限公司),商企类,房产建筑,物业管理、商业中心,普通,2023-03-17,03881832,邢伟玉,,,,,0,0,0,0.0001,0.0009433962,0.1
1446,420000,湖北省,420100,武汉市,420111,洪山区,43000600,湖北省寄递事业部,43001800,武汉市寄递事业部,43006009,武汉市洪山区寄递事业部,43007911,武汉市洪山软件园揽投部,43007911,武汉市洪山软件园揽投部,C1101019731363,武汉高芯科技有限公司,91100907350769,武汉高芯科技有限公司,1100244924502,武汉高芯科技有限公司(特快),商企类,生产加工制造业,大型设备、机电设备、重工业,,2026-03-31,03469518,张涛,,,03221332,周富海,0.007,0.1502358477,142.97,0,0,0
1447,420000,湖北省,420100,武汉市,420111,洪山区,43000600,湖北省寄递事业部,43001800,武汉市寄递事业部,43006009,武汉市洪山区寄递事业部,43007911,武汉市洪山软件园揽投部,43007911,武汉市洪山软件园揽投部,C1101062662599,物联云仓（成都）科技有限公司,91101048668746,物联云仓（成都）科技有限公司-鄂州,1100198484804,物联云仓（成都）科技有限公司(特快、电商标快),商企类,生产加工制造业,印刷、包装、造纸、办公设备、轻工业,普通,2024-08-26,03925877,曹翩,4003478967,申邦艳,03925877,曹翩,0.0016,0.0166415091,6.49,0.0001,0.0011274017,0.1
1448,420000,湖北省,420100,武汉市,420111,洪山区,43000600,湖北省寄递事业部,43001800,武汉市寄递事业部,43006009,武汉市洪山区寄递事业部,43007911,武汉市洪山软件园揽投部,43007911,武汉市洪山软件园揽投部,C1101151589822,快宝(上海)网络技术有限公司,91101016932925,快宝(上海)网络技术有限公司-快宝上门取件武汉市,1100189814441,快宝(上海)网络技术有限公司(上海)网络技术有限公司(快宝上门取件武汉市),商企类,退换货（商企）,快宝退换货（商企）,普通,2024-04-10,"03916800,03881828","徐玉婷,申莉莉",,,03916800,徐玉婷,0.0002,0.0020754717,0.25,0,0,0
1449,420000,湖北省,420100,武汉市,420111,洪山区,43000600,湖北省寄递事业部,43001800,武汉市寄递事业部,43006009,武汉市洪山区寄递事业部,43007911,武汉市洪山软件园揽投部,43007911,武汉市洪山软件园揽投部,C1101160321422,武汉市新攀登科技有限公司,91100943117850,武汉市新攀登科技有限公司,1100165060583,新攀登(特快),商企类,生产加工制造业,加工制造,黄金,2023-07-31,03635573,李文枫,,,03635573,李文枫,0.0021,0.0334905658,224.89,0.1913,0.7452505478,2282.04
1450,420000,湖北省,420100,武汉市,420111,洪山区,43000600,湖北省寄递事业部,43001800,武汉市寄递事业部,43006009,武汉市洪山区寄递事业部,43007911,武汉市洪山软件园揽投部,43007911,武汉市洪山软件园揽投部,C1101365513635,武汉哈乐沃德网络科技有限公司,91101107637793,武汉哈乐沃德网络科技有限公司,1100219385910,武汉哈乐沃德网络科技有限公司(特快),商企类,IT通讯类,互联网,普通,2025-06-04,03469518,张涛,,,03469518,张涛,0.0001,0.0009433962,0.1,0.0007,0.0117515579,0.35
1451,420000,湖北省,420100,武汉市,420111,洪山区,43000600,湖北省寄递事业部,43001800,武汉市寄递事业部,43006009,武汉市洪山区寄递事业部,43007911,武汉市洪山软件园揽投部,43007911,武汉市洪山软件园揽投部,C1101442444522,正荣物业服务有限公司武汉分公司,91101094948197,正荣物业服务有限公司武汉分公司,1100215311847,正荣物业服务有限公司武汉分公司(特快),商企类,房产建筑,物业管理、商业中心,白银,2025-03-21,03881832,邢伟玉,,,,,0,0,0,0.0047,0.0667828019,4.7
1452,420000,湖北省,420100,武汉市,420111,洪山区,43000600,湖北省寄递事业部,43001800,武汉市寄递事业部,43006009,武汉市洪山区寄递事业部,43007911,武汉市洪山软件园揽投部,43007911,武汉市洪山软件园揽投部,C1101452244194,国维（武汉）管理服务有限公司,91101080516485,国维（武汉）管理服务有限公司,1100210917136,国维（武汉）管理服务有限公司(特快),商企类,商业服务类,专业服务、咨询（财会、法律、人力资源等）,普通,2025-01-10,03881832,邢伟玉,,,,,0,0,0,0.003,0.0339155268,1.5
1453,420000,湖北省,420100,武汉市,420111,洪山区,43000600,湖北省寄递事业部,43001800,武汉市寄递事业部,43006009,武汉市洪山区寄递事业部,43007911,武汉市洪山软件园揽投部,43007911,武汉市洪山软件园揽投部,C1101485669494,武汉听讼信息技术有限公司,91100981094542,武汉听讼信息技术有限公司,1100178408640,武汉听讼信息技术有限公司(特快、航空专线),商企类,IT通讯类,IT服务类,铂金,2023-11-30,"03374720,01611668","张放,聂惠",4003356186,马丽,03374720,张放,0.0267,0.1937830186,142.41,0,0,0
1454,420000,湖北省,420100,武汉市,420111,洪山区,43000600,湖北省寄递事业部,43001800,武汉市寄递事业部,43006009,武汉市洪山区寄递事业部,43007911,武汉市洪山软件园揽投部,43007911,武汉市洪山软件园揽投部,C1101490072005,武汉浩气堂大药房有限公司,91100950545493,武汉浩气堂大药房有限公司,1100169199298,HQTDYF(武汉浩气堂大药房有限公司),商企类,医药类,药品销售,普通,2023-08-25,03635573,李文枫,,,,,0,0,0,0.0001,0.0009433962,0.1
1455,420000,湖北省,420100,武汉市,420111,洪山区,43000600,湖北省寄递事业部,43001800,武汉市寄递事业部,43006009,武汉市洪山区寄递事业部,43007911,武汉市洪山软件园揽投部,43007911,武汉市洪山软件园揽投部,C1102069703852,武汉恒尊信息科技有限公司,91101036508746,武汉恒尊信息科技有限公司,1100195289893,恒尊信息科技(国内特快),商企类,商业服务类,其他,白银,2024-07-05,03789508,董娅娜,,,,,0,0,0,0.005,0.0854201579,7.9
1456,420000,湖北省,420100,武汉市,420111,洪山区,43000600,湖北省寄递事业部,43001800,武汉市寄递事业部,43006009,武汉市洪山区寄递事业部,43007911,武汉市洪山软件园揽投部,43007911,武汉市洪山软件园揽投部,C1102812421866,上海交银信息数据有限公司武汉分公司,91101102341105,上海交银信息数据有限公司武汉分公司,1100217762276,上海交银信息数据有限公司武汉分公司(特快),商企类,金融类,其他,普通,2025-05-06,03881832,邢伟玉,,,,,0,0,0,0.0007,0.0081008309,0.7
1457,420000,湖北省,420100,武汉市,420111,洪山区,43000600,湖北省寄递事业部,43001800,武汉市寄递事业部,43006009,武汉市洪山区寄递事业部,43007911,武汉市洪山软件园揽投部,43007911,武汉市洪山软件园揽投部,C1102812421866,上海交银信息数据有限公司武汉分公司,91101155901284,上海交银信息数据有限公司武汉分公司-特快,1100234876046,上海交银信息数据有限公司武汉分公司(特快专递),商企类,金融类,对账单寄递,,2025-11-06,03469518,张涛,,,03469518,张涛,0.0013,0.0136037733,2.4,0,0,0
1458,420000,湖北省,420100,武汉市,420111,洪山区,43000600,湖北省寄递事业部,43001800,武汉市寄递事业部,43006009,武汉市洪山区寄递事业部,43007911,武汉市洪山软件园揽投部,43007911,武汉市洪山软件园揽投部,C1102980830989,湖北脆脆鲜食品有限公司,91101110337839,湖北脆脆鲜食品有限公司,1100220136286,湖北脆脆鲜食品有限公司(电商标快),商企类,生鲜特产,特产类,白银,2025-06-16,03823492,陈夏,,,,,0,0,0,0.1074,0.4747101326,2348
1459,420000,湖北省,420100,武汉市,420111,洪山区,43000600,湖北省寄递事业部,43001800,武汉市寄递事业部,43006009,武汉市洪山区寄递事业部,43007911,武汉市洪山软件园揽投部,43007911,武汉市洪山软件园揽投部,C1104199595217,湖北省多友智驾科技有限公司,91101195757186,湖北省多友智驾科技有限公司,1100245305214,湖北省多友智驾科技有限公司(特快),商企类,商业服务类,汽车租赁,,2026-04-22,03635573,李文枫,,,03635573,李文枫,0.0001,0.0013584906,0.03,0,0,0
1460,420000,湖北省,420100,武汉市,420111,洪山区,43000600,湖北省寄递事业部,43001800,武汉市寄递事业部,43006009,武汉市洪山区寄递事业部,43007911,武汉市洪山软件园揽投部,43007911,武汉市洪山软件园揽投部,P0000001904789,王成刚,80000002232942,王成刚,1030001006078,王成刚(邮政公事寄递),商企类,其他,其他,白银,2015-11-23,19601021,寄递武汉市,4012140468,寄递武汉市,19601021,寄递武汉市,0.0001,0.0003773585,0.1,0.0001,0.0003773585,0.1
1461,420000,湖北省,420100,武汉市,420111,洪山区,43000600,湖北省寄递事业部,43001800,武汉市寄递事业部,43006009,武汉市洪山区寄递事业部,43026700,武汉市洪山南湖揽投部,43026700,武汉市洪山南湖揽投部,C0000005400740,中煤科工集团武汉设计研究院有限公司,90000007023765,中煤科工集团武汉设计研究院有限公司,1100087233814,中煤科工集团武汉设计研究院(国内特快),商企类,生产加工制造业,汽车,铂金,2021-04-23,03560805,王小刚,,,03560805,王小刚,0.0104,0.5620754705,603.144,0.0136,1.1109392515,1035.01
1463,420000,湖北省,420100,武汉市,420111,洪山区,43000600,湖北省寄递事业部,43001800,武汉市寄递事业部,43006009,武汉市洪山区寄递事业部,43026700,武汉市洪山南湖揽投部,43026700,武汉市洪山南湖揽投部,C0000009342479,瀛楚京佑（武汉）知识产权服务有限公司,90000011505833,瀛楚京佑（武汉）知识产权服务有限公司,1030002071925,瀛楚京佑（武汉）知识产权服务有限公司(国内标快),商企类,商业服务类,专业服务、咨询（财会、法律、人力资源等）,普通,2018-06-04,03560805,王小刚,,,,,0,0,0,0.0044,0.0868099364,7.6
1464,420000,湖北省,420100,武汉市,420111,洪山区,43000600,湖北省寄递事业部,43001800,武汉市寄递事业部,43006009,武汉市洪山区寄递事业部,43026700,武汉市洪山南湖揽投部,43026700,武汉市洪山南湖揽投部,C1100468582173,中国舰船研究设计中心,80000009743137,舰船研究设计中心-中国船舶重工集团第七〇一研究所,1100037132390,舰船研究设计中心(中国船舶重工集团第七0一研究所（后勤集团）),商企类,生产加工制造业,大型设备、机电设备、重工业,白银,2019-09-24,03560805,王小刚,,,03560805,王小刚,0.0068,0.1247169822,18.911,0.0053,0.1004443921,7.43
1465,420000,湖北省,420100,武汉市,420111,洪山区,43000600,湖北省寄递事业部,43001800,武汉市寄递事业部,43006009,武汉市洪山区寄递事业部,43026700,武汉市洪山南湖揽投部,43026700,武汉市洪山南湖揽投部,C1100491779997,兴业银行股份有限公司武汉分行,91101098736332,兴业银行股份有限公司武汉分行-信用卡中心,1100216629424,兴业银行股份有限公司武汉分行(特快),商企类,金融类,积分礼品配送,普通,2025-04-14,03560805,王小刚,,,03560805,王小刚,0.001,0.0036792453,10.075,0.0077,0.0383618221,188.07
1466,420000,湖北省,420100,武汉市,420111,洪山区,43000600,湖北省寄递事业部,43001800,武汉市寄递事业部,43006009,武汉市洪山区寄递事业部,43026700,武汉市洪山南湖揽投部,43026700,武汉市洪山南湖揽投部,C1100608523286,武汉迪爱环保科技有限公司,91100600180737,武汉迪爱环保科技有限公司-X武汉迪爱环保科技有限公司,1100101333362,武汉迪爱环保科技有限公司(电商标快),商企类,贸易、消费品、调换货,快速消费品（食品、饮料、烟酒、日化）,钻石,2021-11-26,"03374720,01611674,01611344","张放,王竸,彭光辉",,,,,0,0,0,0.2612,2.3546697641,14695.045
1467,420000,湖北省,420100,武汉市,420111,洪山区,43000600,湖北省寄递事业部,43001800,武汉市寄递事业部,43006009,武汉市洪山区寄递事业部,43026700,武汉市洪山南湖揽投部,43026700,武汉市洪山南湖揽投部,C1100715776049,武汉青橙生物科技有限公司,91101113721918,武汉青橙生物科技有限公司-电商标快,1100221584138,武汉青橙生物科技有限公司(电商标快),商企类,生鲜特产,其他类,,2025-07-02,03560805,王小刚,,,03560805,王小刚,0.0102,0.1586132067,877.18,0,0,0
1468,420000,湖北省,420100,武汉市,420111,洪山区,43000600,湖北省寄递事业部,43001800,武汉市寄递事业部,43006009,武汉市洪山区寄递事业部,43026700,武汉市洪山南湖揽投部,43026700,武汉市洪山南湖揽投部,C1100886736527,武汉亿盛商贸有限公司,91100841179428,武汉亿盛商贸有限公司,1100142868933,亿盛(武汉亿盛商贸有限公司),商企类,生鲜特产,其他类,普通,2023-01-13,01613532,黄文娟,4003372207,黄文娟,,,0,0,0,0.0002,0.0010146616,5.96
1469,420000,湖北省,420100,武汉市,420111,洪山区,43000600,湖北省寄递事业部,43001800,武汉市寄递事业部,43006009,武汉市洪山区寄递事业部,43026700,武汉市洪山南湖揽投部,43026700,武汉市洪山南湖揽投部,C1100901920328,中国人寿保险股份有限公司湖北省分公司,91101018929855,中国人寿保险股份有限公司湖北省分公司-（武泰闸）,1100190447030,中国人寿保险股份有限公司湖北省分公司(国内特快),商企类,保险类,寿险保单配送,铂金,2024-04-19,03560805,王小刚,4003356186,马丽,03560805,王小刚,0.0099,0.11962264,196.944,0.2041,2.224304803,2567.781
1470,420000,湖北省,420100,武汉市,420111,洪山区,43000600,湖北省寄递事业部,43001800,武汉市寄递事业部,43006009,武汉市洪山区寄递事业部,43026700,武汉市洪山南湖揽投部,43026700,武汉市洪山南湖揽投部,C1100901920328,中国人寿保险股份有限公司湖北省分公司,91101099862692,中国人寿保险股份有限公司湖北省分公司-人寿保单,1100217156486,中国人寿保险股份有限公司湖北省分公司(人寿保单),商企类,保险类,寿险保单配送,白银,2025-04-23,03560805,王小刚,4003356186,马丽,03560805,王小刚,0.1946,2.2089150772,2750.279,0,0,0
1473,420000,湖北省,420100,武汉市,420111,洪山区,43000600,湖北省寄递事业部,43001800,武汉市寄递事业部,43006009,武汉市洪山区寄递事业部,43026700,武汉市洪山南湖揽投部,43026700,武汉市洪山南湖揽投部,C1101151589822,快宝(上海)网络技术有限公司,91101016932925,快宝(上海)网络技术有限公司-快宝上门取件武汉市,1100189814441,快宝(上海)网络技术有限公司(上海)网络技术有限公司(快宝上门取件武汉市),商企类,退换货（商企）,快宝退换货（商企）,普通,2024-04-10,"03916800,03881828","徐玉婷,申莉莉",,,03916800,徐玉婷,0.0002,0.0051886793,11.87,0,0,0
1474,420000,湖北省,420100,武汉市,420111,洪山区,43000600,湖北省寄递事业部,43001800,武汉市寄递事业部,43006009,武汉市洪山区寄递事业部,43026700,武汉市洪山南湖揽投部,43026700,武汉市洪山南湖揽投部,C1101353190677,武汉信德鸿运快运服务有限公司,91101029277314,信德鸿运-武泰闸,1100193015810,信德鸿运(武科大学生包),商企类,交通运输、物流仓储,其他,铂金,2024-06-03,03560805,王小刚,,,,,0,0,0,0.2642,3.7047112922,28622.965
1475,420000,湖北省,420100,武汉市,420111,洪山区,43000600,湖北省寄递事业部,43001800,武汉市寄递事业部,43006009,武汉市洪山区寄递事业部,43026700,武汉市洪山南湖揽投部,43026700,武汉市洪山南湖揽投部,C1101563318863,武汉市鑫世发商贸有限公司,91101093478071,武汉市鑫世发商贸有限公司,1100214640773,武汉市鑫世发商贸有限公司(电商标快),商企类,生鲜特产,果鲜类,黄金,2025-03-13,03560805,王小刚,,,03560805,王小刚,0.1155,1.6063631955,9936.48,0,0,0
1476,420000,湖北省,420100,武汉市,420111,洪山区,43000600,湖北省寄递事业部,43001800,武汉市寄递事业部,43006009,武汉市洪山区寄递事业部,43026700,武汉市洪山南湖揽投部,43026700,武汉市洪山南湖揽投部,C1101580208208,武汉华中正泰机电控制设备有限公司,91101108856887,武汉华中正泰机电控制设备有限公司,1100219798761,武汉华中正泰机电控制设备有限公司(电商标快),商企类,生鲜特产,其他类,白银,2025-06-10,03560805,王小刚,,,,,0,0,0,0.0508,0.3918641059,2444.58
1477,420000,湖北省,420100,武汉市,420111,洪山区,43000600,湖北省寄递事业部,43001800,武汉市寄递事业部,43006009,武汉市洪山区寄递事业部,43026700,武汉市洪山南湖揽投部,43026700,武汉市洪山南湖揽投部,C1101580208208,武汉华中正泰机电控制设备有限公司,91101108856887,武汉华中正泰机电控制设备有限公司,1100219798761,武汉华中正泰机电控制设备有限公司(电商标快),商企类,医药类,药品销售,白银,2025-06-10,03560805,王小刚,,,03560805,王小刚,0.0001,0.0009433962,0.1,0,0,0
1478,420000,湖北省,420100,武汉市,420111,洪山区,43000600,湖北省寄递事业部,43001800,武汉市寄递事业部,43006009,武汉市洪山区寄递事业部,43026700,武汉市洪山南湖揽投部,43026700,武汉市洪山南湖揽投部,C1101833500024,湖北维多雨果科技服务有限公司,91101108743062,湖北维多雨果-电商标快,1100219701013,湖北维多雨果(电商标快),商企类,生鲜特产,其他类,铂金,2025-06-09,01613532,黄文娟,,,,,0,0,0,0.8287,3.5637730184,18484.119
1479,420000,湖北省,420100,武汉市,420111,洪山区,43000600,湖北省寄递事业部,43001800,武汉市寄递事业部,43006009,武汉市洪山区寄递事业部,43026700,武汉市洪山南湖揽投部,43026700,武汉市洪山南湖揽投部,C1102716302913,武汉铭昊商贸有限公司,91101098736343,武汉铭昊商贸有限公司,1100216629435,武汉铭昊商贸有限公司(电商标快),商企类,生鲜特产,其他类,铂金,2025-04-14,03560805,王小刚,,,,,0,0,0,0.3278,1.9605466664,12731.331
1480,420000,湖北省,420100,武汉市,420111,洪山区,43000600,湖北省寄递事业部,43001800,武汉市寄递事业部,43006009,武汉市洪山区寄递事业部,43026700,武汉市洪山南湖揽投部,43026700,武汉市洪山南湖揽投部,P8101374465773,刘文国,81100387951690,刘文国,1100061807194,刘文国(同城银行包配送),商企类,金融类,票据、凭证包,钻石,2020-08-14,01611199,马丽,,,,,0,0,0,0.5099,9.620754717,0
1481,420000,湖北省,420100,武汉市,420112,东西湖区,43000600,湖北省寄递事业部,43001800,武汉市寄递事业部,43006200,武汉市东西湖区寄递事业部,43000345,武汉市东西湖行业客户揽投部,43000345,武汉市东西湖行业客户揽投部,C1100515045484,上海紫途电子商务有限公司,91100475286644,上海紫途电子商务有限公司,1100222212227,上海紫途电子商务有限公司(武汉前置仓标快),商企类,生产加工制造业,其他,,2025-07-11,03855643,张言,4003356186,马丽,T42011220241029180,志合团队,0.574,2.4085378256,13837.338,0,0,0
1482,420000,湖北省,420100,武汉市,420112,东西湖区,43000600,湖北省寄递事业部,43001800,武汉市寄递事业部,43006200,武汉市东西湖区寄递事业部,43000345,武汉市东西湖行业客户揽投部,43000345,武汉市东西湖行业客户揽投部,C1102097007131,湖北鸿易佳供应链管理有限公司,91101048859861,湖北鸿易佳供应链管理有限公司,1100203394261,湖北鸿易佳供应链管理有限公司(快包),商企类,生鲜特产,湖（河）鲜类,普通,2024-10-18,01611094,邹智勇,,,,,0,0,0,0.0001,0.0009433962,0.1
1483,420000,湖北省,420100,武汉市,420112,东西湖区,43000600,湖北省寄递事业部,43001800,武汉市寄递事业部,43006200,武汉市东西湖区寄递事业部,43000431,武汉市东西湖机电城揽投部,43000431,武汉市东西湖机电城揽投部,C0000000213477,博西家用电器（中国）有限公司,90000000255316,博西家用电器（中国）有限公司,1100214085035,博西家用电器（中国）有限公司(标快),商企类,贸易、消费品、调换货,零售、批发,黄金,2025-03-06,04276056,曾浩君,,,04276056,曾浩君,0.1246,4.6942188738,7931.326,0.0371,0.5702131728,2330.22
1484,420000,湖北省,420100,武汉市,420112,东西湖区,43000600,湖北省寄递事业部,43001800,武汉市寄递事业部,43006200,武汉市东西湖区寄递事业部,43000431,武汉市东西湖机电城揽投部,43000431,武汉市东西湖机电城揽投部,C0000000455712,史泰博（上海）有限公司,90000000545161,史泰博（上海）有限公司,1100243864784,史泰博（上海）有限公司(标快),商企类,其他,其他,,2026-03-09,03823455,秦雪,,,03823455,秦雪,1.2419,4.1018493143,6214,0,0,0
1485,420000,湖北省,420100,武汉市,420112,东西湖区,43000600,湖北省寄递事业部,43001800,武汉市寄递事业部,43006200,武汉市东西湖区寄递事业部,43000431,武汉市东西湖机电城揽投部,43000431,武汉市东西湖机电城揽投部,C0000000535924,湖北海利斯唯生物科技有限公司,90000000652621,湖北海利斯唯生物科技有限公司-湖北海利斯唯生物科技公司,1100208160335,湖北海利斯唯生物科技有限公司(标快),商企类,生产加工制造业,加工制造,白银,2024-12-19,03524745,袁伟,,,03524745,袁伟,0.0156,0.1553018862,998.863,0.0352,0.2998928419,1991.059
1486,420000,湖北省,420100,武汉市,420112,东西湖区,43000600,湖北省寄递事业部,43001800,武汉市寄递事业部,43006200,武汉市东西湖区寄递事业部,43000431,武汉市东西湖机电城揽投部,43000431,武汉市东西湖机电城揽投部,C0000003995769,武汉市江汉医疗制药设备有限公司,90000005093939,武汉市江汉医疗制药设备有限公司-武汉江汉医疗,1030001357921,武汉市江汉医疗制药设备有限公司(标快),商企类,生鲜特产,湖（河）鲜类,白银,2015-11-23,03524745,袁伟,,,,,0,0,0,0.0029,0.0919070018,63.035
1487,420000,湖北省,420100,武汉市,420112,东西湖区,43000600,湖北省寄递事业部,43001800,武汉市寄递事业部,43006200,武汉市东西湖区寄递事业部,43000431,武汉市东西湖机电城揽投部,43000431,武汉市东西湖机电城揽投部,C0000003995769,武汉市江汉医疗制药设备有限公司,90000005093939,武汉市江汉医疗制药设备有限公司-武汉江汉医疗,1030001357921,武汉市江汉医疗制药设备有限公司(标快),商企类,医药类,药品生产、医疗器械,白银,2015-11-23,03524745,袁伟,,,03524745,袁伟,0.0018,0.0600000002,66.564,0,0,0
1489,420000,湖北省,420100,武汉市,420112,东西湖区,43000600,湖北省寄递事业部,43001800,武汉市寄递事业部,43006200,武汉市东西湖区寄递事业部,43000431,武汉市东西湖机电城揽投部,43000431,武汉市东西湖机电城揽投部,C1100634920444,南京虎凤蝶电子商务科技股份有限公司,91100589525310,南京虎凤蝶电子商务科技股份有限公司,1100237252261,南京虎凤蝶电子商务科技股份有限公司(标快),商企类,其他,其他,,2025-11-28,03222296,李芳芳,,,03222296,李芳芳,3.2801,13.9268867301,54122.46,0,0,0
1490,420000,湖北省,420100,武汉市,420112,东西湖区,43000600,湖北省寄递事业部,43001800,武汉市寄递事业部,43006200,武汉市东西湖区寄递事业部,43000431,武汉市东西湖机电城揽投部,43000431,武汉市东西湖机电城揽投部,C1100902250460,古路驼宝（武汉）运营管理有限公司,91100854677403,古路驼宝（武汉）运营管理有限公司,1100131787706,古路驼宝（武汉）运营管理有限公司(标快),商企类,贸易、消费品、调换货,零售、批发,普通,2022-10-18,03524745,袁伟,,,,,0,0,0,0.0001,0.0085494634,8
1493,420000,湖北省,420100,武汉市,420112,东西湖区,43000600,湖北省寄递事业部,43001800,武汉市寄递事业部,43006200,武汉市东西湖区寄递事业部,43000431,武汉市东西湖机电城揽投部,43000431,武汉市东西湖机电城揽投部,C1101380859961,湖北天山农夫生态食品有限公司,91101066313721,湖北天山农夫生态食品有限公司-武汉部,1100206549222,湖北天山农夫生态食品有限公司(标快),商企类,生鲜特产,其他类,白银,2024-11-25,03524745,袁伟,,,,,0,0,0,0.0217,0.0794323717,552.78
1494,420000,湖北省,420100,武汉市,420112,东西湖区,43000600,湖北省寄递事业部,43001800,武汉市寄递事业部,43006200,武汉市东西湖区寄递事业部,43000431,武汉市东西湖机电城揽投部,43000431,武汉市东西湖机电城揽投部,C1101481160216,伟福科技工业（武汉）有限公司,91100974465232,伟福科技工业（武汉）有限公司,1100176629159,伟福科技工业（武汉）有限公司(特快),商企类,生产加工制造业,汽车,普通,2023-11-08,04110715,万保路,,,,,0,0,0,0.0002,0.0020707979,0.2
1495,420000,湖北省,420100,武汉市,420112,东西湖区,43000600,湖北省寄递事业部,43001800,武汉市寄递事业部,43006200,武汉市东西湖区寄递事业部,43000431,武汉市东西湖机电城揽投部,43000431,武汉市东西湖机电城揽投部,C1101613124123,建华建材（湖北）有限公司,91100974462903,建华建材（湖北）有限公司,1100176625267,建华建材（湖北）有限公司(标快),商企类,生产加工制造业,其他,普通,2023-11-08,03524745,袁伟,,,,,0,0,0,0.0004,0.0074220617,0.4
1496,420000,湖北省,420100,武汉市,420112,东西湖区,43000600,湖北省寄递事业部,43001800,武汉市寄递事业部,43006200,武汉市东西湖区寄递事业部,43000431,武汉市东西湖机电城揽投部,43000431,武汉市东西湖机电城揽投部,C1101614880729,武汉市驰域达科技有限公司,91101076603049,武汉市驰域达科技有限公司-武汉部,1100208283083,武汉市驰域达科技有限公司(标快),商企类,生产加工制造业,加工制造,普通,2024-12-20,03524745,袁伟,,,,,0,0,0,0.0073,0.0239384952,75.83
1497,420000,湖北省,420100,武汉市,420112,东西湖区,43000600,湖北省寄递事业部,43001800,武汉市寄递事业部,43006200,武汉市东西湖区寄递事业部,43000431,武汉市东西湖机电城揽投部,43000431,武汉市东西湖机电城揽投部,C1101636631569,杭州轩豪网络科技有限公司,91101174684182,杭州轩豪网络科技有限公司,1100243685325,杭州轩豪(标快),商企类,其他,其他,,2026-03-03,03996336,蒙超,,,03996336,蒙超,0.9923,3.2766794512,7944.26,0,0,0
1498,420000,湖北省,420100,武汉市,420112,东西湖区,43000600,湖北省寄递事业部,43001800,武汉市寄递事业部,43006200,武汉市东西湖区寄递事业部,43000431,武汉市东西湖机电城揽投部,43000431,武汉市东西湖机电城揽投部,C1103768115531,湖北省地方铁路学会,91101106846817,湖北省地方铁路学会,1100219128971,湖北省地方铁路学会(标快),商企类,交通运输、物流仓储,其他,黄金,2025-05-30,04191917,邵博杰,,,,,0,0,0,0.0926,1.1722017934,85.95
1499,420000,湖北省,420100,武汉市,420112,东西湖区,43000600,湖北省寄递事业部,43001800,武汉市寄递事业部,43006200,武汉市东西湖区寄递事业部,43000431,武汉市东西湖机电城揽投部,43000431,武汉市东西湖机电城揽投部,P0000001904789,王成刚,80000002232942,王成刚,1030001006078,王成刚(邮政公事寄递),商企类,其他,其他,白银,2015-11-23,19601021,寄递武汉市,4012140468,寄递武汉市,19601021,寄递武汉市,0.0033,0.0249056599,1.7,0.0043,0.0180193184,6.53
1500,420000,湖北省,420100,武汉市,420112,东西湖区,43000600,湖北省寄递事业部,43001800,武汉市寄递事业部,43006200,武汉市东西湖区寄递事业部,43000432,武汉市东西湖易家湾揽投部,43000432,武汉市东西湖易家湾揽投部,C0000000528623,中国工商银行股份有限公司武汉东西湖支行,91100330202259,中国工商银行股份有限公司武汉东西湖支行,1100048248042,中国工商银行股份有限公司武汉东西湖支行(标快),商企类,金融类,其他,普通,2020-04-21,03428753,范茜,4008967808,罗思玲,03428753,范茜,0.0183,0.1738679198,18.3,0.0013,0.0143232644,1.3
1501,420000,湖北省,420100,武汉市,420112,东西湖区,43000600,湖北省寄递事业部,43001800,武汉市寄递事业部,43006200,武汉市东西湖区寄递事业部,43000432,武汉市东西湖易家湾揽投部,43000432,武汉市东西湖易家湾揽投部,C0000000528690,中国建设银行股份有限公司武汉东西湖支行,91100636722626,中国建设银行股份有限公司武汉东西湖支行-中国建设银行股份有限公司武汉东西湖行,1100107867304,中国建设银行股份有限公司武汉东西湖支行(标快),商企类,金融类,其他,普通,2022-02-22,03428753,范茜,4003356186,马丽,03428753,范茜,0.0259,0.2548113146,21.94,0.0075,0.0831916636,8.8
1502,420000,湖北省,420100,武汉市,420112,东西湖区,43000600,湖北省寄递事业部,43001800,武汉市寄递事业部,43006200,武汉市东西湖区寄递事业部,43000432,武汉市东西湖易家湾揽投部,43000432,武汉市东西湖易家湾揽投部,C0000001994092,湖北中邮物流有限责任公司,91100396340670,湖北中邮物流有限责任公司,1100152282710,湖北中邮物流有限责任公司(标快),商企类,交通运输、物流仓储,交通运输,普通,2023-04-28,03817278,张伟,,,03817278,张伟,0.0052,0.0541698111,5.56,0.0067,0.069267852,6.7
1503,420000,湖北省,420100,武汉市,420112,东西湖区,43000600,湖北省寄递事业部,43001800,武汉市寄递事业部,43006200,武汉市东西湖区寄递事业部,43000432,武汉市东西湖易家湾揽投部,43000432,武汉市东西湖易家湾揽投部,C0000001994092,湖北中邮物流有限责任公司,91100986810699,湖北中邮物流有限责任公司-武汉市移动小件业务（仓储中心）,1100180714575,湖北中邮物流有限责任公司(武汉市移动小件业务（仓储中心）),商企类,IT通讯类,通讯运营商,铂金,2023-12-22,04108687,陈梦园,,,,,0,0,0,0.0001,0.0008,0.1
1504,420000,湖北省,420100,武汉市,420112,东西湖区,43000600,湖北省寄递事业部,43001800,武汉市寄递事业部,43006200,武汉市东西湖区寄递事业部,43000432,武汉市东西湖易家湾揽投部,43000432,武汉市东西湖易家湾揽投部,C0000001994092,湖北中邮物流有限责任公司,91100986812589,湖北中邮物流有限责任公司-武汉市移动小件业务（政企客户部）,1100180717264,湖北中邮物流有限责任公司(武汉市移动小件业务（政企客户部）),商企类,IT通讯类,通讯运营商,普通,2023-12-22,04196911,李萌,,,,,0,0,0,0.001,0.008,1
1505,420000,湖北省,420100,武汉市,420112,东西湖区,43000600,湖北省寄递事业部,43001800,武汉市寄递事业部,43006200,武汉市东西湖区寄递事业部,43000432,武汉市东西湖易家湾揽投部,43000432,武汉市东西湖易家湾揽投部,C0000001994092,湖北中邮物流有限责任公司,91100986819980,湖北中邮物流有限责任公司-武汉市移动小件业务（高校部）,1100180728750,湖北中邮物流有限责任公司(武汉市移动小件业务（高校部）),商企类,IT通讯类,通讯运营商,白银,2023-12-22,04017737,戢杏娥,,,,,0,0,0,0.0013,0.0108946253,1.3
1506,420000,湖北省,420100,武汉市,420112,东西湖区,43000600,湖北省寄递事业部,43001800,武汉市寄递事业部,43006200,武汉市东西湖区寄递事业部,43000432,武汉市东西湖易家湾揽投部,43000432,武汉市东西湖易家湾揽投部,C0000001994092,湖北中邮物流有限责任公司,91100992865427,湖北中邮物流有限责任公司-武汉市移动小件业务（重要客户中心）,1100183475303,湖北中邮物流有限责任公司(武汉市移动小件业务（重要客户中心）),商企类,IT通讯类,通讯运营商,普通,2024-01-15,03351577,罗君,,,,,0,0,0,0.0001,0.0008,0.1
1507,420000,湖北省,420100,武汉市,420112,东西湖区,43000600,湖北省寄递事业部,43001800,武汉市寄递事业部,43006200,武汉市东西湖区寄递事业部,43000432,武汉市东西湖易家湾揽投部,43000432,武汉市东西湖易家湾揽投部,C0000001994092,湖北中邮物流有限责任公司,91101020890800,湖北中邮物流有限责任公司-武汉市移动小件业务（武汉移动市场部）,1100191077401,湖北中邮物流有限责任公司(武汉市移动小件业务（武汉移动市场部）),商企类,IT通讯类,通讯运营商,铂金,2024-04-29,03351577,罗君,,,,,0,0,0,0.0003,0.0024,0.25
1508,420000,湖北省,420100,武汉市,420112,东西湖区,43000600,湖北省寄递事业部,43001800,武汉市寄递事业部,43006200,武汉市东西湖区寄递事业部,43000432,武汉市东西湖易家湾揽投部,43000432,武汉市东西湖易家湾揽投部,C0000004034393,武汉林骏汽车饰件有限公司,80000002592334,武汉林骏汽车饰件有限公司,1030000952279,武汉林骏汽车饰件有限公司(特快),商企类,生产加工制造业,汽车,普通,2015-12-04,03817278,张伟,,,,,0,0,0,0.0003,0.0059188593,0.3
1509,420000,湖北省,420100,武汉市,420112,东西湖区,43000600,湖北省寄递事业部,43001800,武汉市寄递事业部,43006200,武汉市东西湖区寄递事业部,43000432,武汉市东西湖易家湾揽投部,43000432,武汉市东西湖易家湾揽投部,C0000004052427,中邮人寿保险股份有限公司湖北分公司,90000004977579,中邮人寿保险股份有限公司湖北分公司,1100130885658,中邮人寿湖北分公司(标快),商企类,保险类,其他,黄金,2022-10-10,01611122,张婷,,,,,0,0,0,0.0001,0.0004716981,0.1
1510,420000,湖北省,420100,武汉市,420112,东西湖区,43000600,湖北省寄递事业部,43001800,武汉市寄递事业部,43006200,武汉市东西湖区寄递事业部,43000432,武汉市东西湖易家湾揽投部,43000432,武汉市东西湖易家湾揽投部,C0000006518291,武汉市港口运输集团有限公司,90000008258340,武汉市港口运输集团有限公司,1100162445868,武汉市港口运输集团有限公司(标快),商企类,交通运输、物流仓储,交通运输,普通,2023-07-14,03817278,张伟,,,03817278,张伟,0.0013,0.0163207548,1.09,0.0007,0.0094889647,0.7
1511,420000,湖北省,420100,武汉市,420112,东西湖区,43000600,湖北省寄递事业部,43001800,武汉市寄递事业部,43006200,武汉市东西湖区寄递事业部,43000432,武汉市东西湖易家湾揽投部,43000432,武汉市东西湖易家湾揽投部,C0000007880249,中物流（武汉）物流有限公司,90000004989662,中物流（武汉）物流有限公司,1030001207194,中物流（武汉）物流有限公司(标快),商企类,交通运输、物流仓储,交通运输,普通,2015-11-23,03817278,张伟,,,03817278,张伟,0.0009,0.0593396227,41.255,0,0,0
1512,420000,湖北省,420100,武汉市,420112,东西湖区,43000600,湖北省寄递事业部,43001800,武汉市寄递事业部,43006200,武汉市东西湖区寄递事业部,43000432,武汉市东西湖易家湾揽投部,43000432,武汉市东西湖易家湾揽投部,C0000008021630,上海浦东发展银行股份有限公司武汉分行,80000002289933,上海浦东发展银行股份有限公司武汉分行-浦发沙湖,1100242750822,上海浦东发展银行股份有限公司武汉分行(东西湖支行),商企类,金融类,其他,,2026-01-26,03817278,张伟,,,03817278,张伟,0.0003,0.0043396226,9.4,0,0,0
1513,420000,湖北省,420100,武汉市,420112,东西湖区,43000600,湖北省寄递事业部,43001800,武汉市寄递事业部,43006200,武汉市东西湖区寄递事业部,43000432,武汉市东西湖易家湾揽投部,43000432,武汉市东西湖易家湾揽投部,C0000008030438,航天科工微电子系统研究院有限公司,91101052935131,航天科工微电子系统研究院有限公司-武汉部,1100200243856,航天科工微电子系统研究院有限公司(标快),商企类,生鲜特产,其他类,白银,2024-09-09,03817278,张伟,,,03817278,张伟,0.0033,0.0935849061,44.05,0.003,0.0691628874,21.8
1516,420000,湖北省,420100,武汉市,420112,东西湖区,43000600,湖北省寄递事业部,43001800,武汉市寄递事业部,43006200,武汉市东西湖区寄递事业部,43000432,武汉市东西湖易家湾揽投部,43000432,武汉市东西湖易家湾揽投部,C1100388172551,上海蒲菊软件科技有限公司,91101029865283,上海蒲菊软件科技有限公司-湖北,1100193357921,上海蒲菊软件科技有限公司(特快),商企类,房产建筑,物业管理、商业中心,普通,2024-06-06,03293746,罗姝,,,03293746,罗姝,0.0001,0.0005660377,0.05,0,0,0
1517,420000,湖北省,420100,武汉市,420112,东西湖区,43000600,湖北省寄递事业部,43001800,武汉市寄递事业部,43006200,武汉市东西湖区寄递事业部,43000432,武汉市东西湖易家湾揽投部,43000432,武汉市东西湖易家湾揽投部,C1100418845271,中国电信股份有限公司湖北财务共享服务中心,91100376289568,中国电信股份有限公司湖北财务共享服务中心,1100060469995,中国电信股份有限公司湖北财务共享服务中心(武汉电信会计凭证),商企类,IT通讯类,通讯运营商,白银,2020-08-04,04143834,万仲瑾,4012401312,吴涛,04143834,万仲瑾,0.0001,0.0012179245,0.7,0.0001,0.0009518868,0.1
1518,420000,湖北省,420100,武汉市,420112,东西湖区,43000600,湖北省寄递事业部,43001800,武汉市寄递事业部,43006200,武汉市东西湖区寄递事业部,43000432,武汉市东西湖易家湾揽投部,43000432,武汉市东西湖易家湾揽投部,C1100524101702,湖北云龙服饰有限公司,91100484342636,湖北云龙服饰有限公司,1100080211497,湖北云龙服饰有限公司(标快),商企类,贸易、消费品、调换货,零售、批发,白银,2021-02-01,03817278,张伟,,,,,0,0,0,0.0135,0.239438283,351.3
1519,420000,湖北省,420100,武汉市,420112,东西湖区,43000600,湖北省寄递事业部,43001800,武汉市寄递事业部,43006200,武汉市东西湖区寄递事业部,43000432,武汉市东西湖易家湾揽投部,43000432,武汉市东西湖易家湾揽投部,C1100944078789,上海浦东发展银行股份有限公司武汉东西湖支行,91100881515066,上海浦东发展银行股份有限公司武汉东西湖支行,1100142409518,上海浦东发展银行股份有限公司武汉东西湖支行(标快),商企类,金融类,行政办公,普通,2023-01-10,03428753,范茜,,,03428753,范茜,0.0058,0.0896226413,165.29,0.0027,0.0420189974,79.2
1522,420000,湖北省,420100,武汉市,420112,东西湖区,43000600,湖北省寄递事业部,43001800,武汉市寄递事业部,43006200,武汉市东西湖区寄递事业部,43000432,武汉市东西湖易家湾揽投部,43000432,武汉市东西湖易家湾揽投部,C1101151589822,快宝(上海)网络技术有限公司,91101016932925,快宝(上海)网络技术有限公司-快宝上门取件武汉市,1100189814441,快宝(上海)网络技术有限公司(上海)网络技术有限公司(快宝上门取件武汉市),商企类,退换货（商企）,快宝退换货（商企）,普通,2024-04-10,"03916800,03881828","徐玉婷,申莉莉",,,03916800,徐玉婷,0.0002,0.0020754717,0.3,0,0,0
1523,420000,湖北省,420100,武汉市,420112,东西湖区,43000600,湖北省寄递事业部,43001800,武汉市寄递事业部,43006200,武汉市东西湖区寄递事业部,43000432,武汉市东西湖易家湾揽投部,43000432,武汉市东西湖易家湾揽投部,C1101303880421,数字认证（武汉）有限责任公司,91100948118957,数字认证（武汉）有限责任公司,1100167931144,数字认证（武汉）有限责任公司(标快),商企类,IT通讯类,互联网,黄金,2023-08-17,03817278,张伟,,,03817278,张伟,0.1989,2.1012263517,213.9,0.0263,0.6459337886,134.85
1524,420000,湖北省,420100,武汉市,420112,东西湖区,43000600,湖北省寄递事业部,43001800,武汉市寄递事业部,43006200,武汉市东西湖区寄递事业部,43000432,武汉市东西湖易家湾揽投部,43000432,武汉市东西湖易家湾揽投部,C1101458500241,湖北省庆典行业协会,91100958568890,湖北省庆典行业协会,1100172476492,湖北省庆典行业协会(标快),商企类,其他,其他,普通,2023-09-19,03817278,张伟,,,,,0,0,0,0.0004,0.0037735848,0.4
1525,420000,湖北省,420100,武汉市,420112,东西湖区,43000600,湖北省寄递事业部,43001800,武汉市寄递事业部,43006200,武汉市东西湖区寄递事业部,43000432,武汉市东西湖易家湾揽投部,43000432,武汉市东西湖易家湾揽投部,C1101933188410,武汉临空港生态园林绿化有限公司,91101030853383,武汉临空港生态园林绿化有限公司-武汉部,1100193692743,武汉临空港生态园林绿化有限公司(标快),商企类,房产建筑,房地产、建筑建材、工程,普通,2024-06-11,03817278,张伟,,,03817278,张伟,0.0001,0.0009433962,0.07,0.0001,0.0009433962,0.1
1526,420000,湖北省,420100,武汉市,420112,东西湖区,43000600,湖北省寄递事业部,43001800,武汉市寄递事业部,43006200,武汉市东西湖区寄递事业部,43000432,武汉市东西湖易家湾揽投部,43000432,武汉市东西湖易家湾揽投部,C1102791201385,武汉暮雨晨风服务有限公司,91101089143277,武汉暮雨晨风服务有限公司-武汉部,1100212907395,武汉暮雨晨风服务有限公司(标快),商企类,其他,其他,普通,2025-02-19,03817278,张伟,,,03817278,张伟,0.0001,0.0019811321,0.1,0,0,0
1527,420000,湖北省,420100,武汉市,420112,东西湖区,43000600,湖北省寄递事业部,43001800,武汉市寄递事业部,43006200,武汉市东西湖区寄递事业部,43000432,武汉市东西湖易家湾揽投部,43000432,武汉市东西湖易家湾揽投部,C1104193878327,湖北志成佳奇商贸有限公司,91101193169541,湖北志成佳奇商贸有限公司,1100245042942,湖北志成佳奇商贸有限公司(标快),商企类,其他,其他,,2026-04-08,04033726,王通,,,04033726,王通,0.0333,0.7222075468,3770.463,0,0,0
1528,420000,湖北省,420100,武汉市,420112,东西湖区,43000600,湖北省寄递事业部,43001800,武汉市寄递事业部,43006200,武汉市东西湖区寄递事业部,43000432,武汉市东西湖易家湾揽投部,43000432,武汉市东西湖易家湾揽投部,P0000001904789,王成刚,80000002232942,王成刚,1030001006078,王成刚(邮政公事寄递),商企类,其他,其他,白银,2015-11-23,19601021,寄递武汉市,4012140468,寄递武汉市,19601021,寄递武汉市,0.0001,0.0004528302,0.1,0.0001,-0.0005660377,0.1
1529,420000,湖北省,420100,武汉市,420112,东西湖区,43000600,湖北省寄递事业部,43001800,武汉市寄递事业部,43006200,武汉市东西湖区寄递事业部,43000497,武汉市东西湖荷包湖直投揽投部,43000497,武汉市东西湖荷包湖直投揽投部,C0000004016810,武汉小松工程机械有限责任公司,90000005119411,武汉小松工程机械有限责任公司-武汉小松工程机械有限责任公司1,1030001908440,武汉小松工程机械有限责任公司(标快),商企类,生产加工制造业,汽车,普通,2015-11-23,04110715,万保路,,,,,0,0,0,0.0001,0.0019729531,0.1
1532,420000,湖北省,420100,武汉市,420112,东西湖区,43000600,湖北省寄递事业部,43001800,武汉市寄递事业部,43006200,武汉市东西湖区寄递事业部,43000497,武汉市东西湖荷包湖直投揽投部,43000497,武汉市东西湖荷包湖直投揽投部,C1100208950422,浙江中通吉祥速递服务有限公司,91100940500572,浙江中通吉祥速递服务有限公司-吉祥速递服务有限公司（标快）,1100163675460,浙江中通吉祥速递服务有限公司(标快),商企类,交通运输、物流仓储,其他,普通,2023-07-21,03873671,刘义梁,,,,,0,0,0,0.0001,0.0009433962,0.1
1533,420000,湖北省,420100,武汉市,420112,东西湖区,43000600,湖北省寄递事业部,43001800,武汉市寄递事业部,43006200,武汉市东西湖区寄递事业部,43000497,武汉市东西湖荷包湖直投揽投部,43000497,武汉市东西湖荷包湖直投揽投部,C1100583355618,武汉九州龙工程机械有限公司,91100541079435,武汉九州龙工程机械有限公司,1100089986574,武汉九州龙工程机械有限公司(标快),商企类,生产加工制造业,汽车,白银,2021-06-11,04110715,万保路,,,04110715,万保路,0.0073,0.0731698114,7.3,0.007,0.0691666892,7
1534,420000,湖北省,420100,武汉市,420112,东西湖区,43000600,湖北省寄递事业部,43001800,武汉市寄递事业部,43006200,武汉市东西湖区寄递事业部,43000497,武汉市东西湖荷包湖直投揽投部,43000497,武汉市东西湖荷包湖直投揽投部,C1100694209226,江苏波司登科技有限公司,91100826758031,江苏波司登科技有限公司-湖北省波司登门店项目,1100122185641,江苏波司登科技有限公司(湖北省波司登门店项目),商企类,贸易、消费品、调换货,其他,普通,2022-07-28,03828430,夏菁,,,,,0,0,0,0.0004,0.0044532371,3.9
1537,420000,湖北省,420100,武汉市,420112,东西湖区,43000600,湖北省寄递事业部,43001800,武汉市寄递事业部,43006200,武汉市东西湖区寄递事业部,43000497,武汉市东西湖荷包湖直投揽投部,43000497,武汉市东西湖荷包湖直投揽投部,C1101151589822,快宝(上海)网络技术有限公司,91101016932925,快宝(上海)网络技术有限公司-快宝上门取件武汉市,1100189814441,快宝(上海)网络技术有限公司(上海)网络技术有限公司(快宝上门取件武汉市),商企类,退换货（商企）,快宝退换货（商企）,普通,2024-04-10,"03916800,03881828","徐玉婷,申莉莉",,,03916800,徐玉婷,0.0002,0.002264151,0.2,0,0,0
1538,420000,湖北省,420100,武汉市,420112,东西湖区,43000600,湖北省寄递事业部,43001800,武汉市寄递事业部,43006200,武汉市东西湖区寄递事业部,43000497,武汉市东西湖荷包湖直投揽投部,43000497,武汉市东西湖荷包湖直投揽投部,C1101478540652,优捷阡陌物流（武汉）有限公司,91101089143356,优捷阡陌物流（武汉）有限公司-武汉仓,1100212907542,优捷阡陌物流（武汉）有限公司(标快),商企类,其他,其他,铂金,2025-02-19,01611084,方振星,,,,,0,0,0,0.3567,2.3156829225,15150.63
1539,420000,湖北省,420100,武汉市,420112,东西湖区,43000600,湖北省寄递事业部,43001800,武汉市寄递事业部,43006200,武汉市东西湖区寄递事业部,43000497,武汉市东西湖荷包湖直投揽投部,43000497,武汉市东西湖荷包湖直投揽投部,C1102567349008,武汉洋洋洋大药房有限公司,91101199125987,武汉洋洋洋大药房有限公司,1100245653423,武汉洋洋洋大药房有限公司(标快+快包),商企类,医药类,药品销售,,2026-05-12,04110715,万保路,,,04110715,万保路,0.0091,0.0590566041,978.41,0,0,0
1540,420000,湖北省,420100,武汉市,420112,东西湖区,43000600,湖北省寄递事业部,43001800,武汉市寄递事业部,43006200,武汉市东西湖区寄递事业部,43004009,武汉市东西湖东方马城揽投部,43004009,武汉市东西湖东方马城揽投部,C0000001994092,湖北中邮物流有限责任公司,91101020890800,湖北中邮物流有限责任公司-武汉市移动小件业务（武汉移动市场部）,1100191077401,湖北中邮物流有限责任公司(武汉市移动小件业务（武汉移动市场部）),商企类,IT通讯类,通讯运营商,铂金,2024-04-29,03351577,罗君,,,,,0,0,0,0.0018,0.0268182623,45.81
1541,420000,湖北省,420100,武汉市,420112,东西湖区,43000600,湖北省寄递事业部,43001800,武汉市寄递事业部,43006200,武汉市东西湖区寄递事业部,43004009,武汉市东西湖东方马城揽投部,43004009,武汉市东西湖东方马城揽投部,C0000002683931,中交第二航务工程局有限公司,90000005045868,中交第二航务工程局有限公司-1,1030002130943,中交第二航务工程局有限公司(标快),商企类,生鲜特产,湖（河）鲜类,普通,2015-11-23,03469295,高松,4007734810,冯河,03469295,高松,0.0085,0.1288490573,51.56,0.0076,0.1076658048,35.31
1542,420000,湖北省,420100,武汉市,420112,东西湖区,43000600,湖北省寄递事业部,43001800,武汉市寄递事业部,43006200,武汉市东西湖区寄递事业部,43004009,武汉市东西湖东方马城揽投部,43004009,武汉市东西湖东方马城揽投部,C0000003905322,湖北公众信息产业有限责任公司,90000005013504,湖北公众信息产业有限责任公司,1030001240810,湖北公众信息产业有限责任公司(标快),商企类,生鲜特产,湖（河）鲜类,白银,2015-11-23,04290467,刘念,,,04290467,刘念,0.0071,0.0921698112,18.8,0.0062,0.0820218956,13.32
1543,420000,湖北省,420100,武汉市,420112,东西湖区,43000600,湖北省寄递事业部,43001800,武汉市寄递事业部,43006200,武汉市东西湖区寄递事业部,43004009,武汉市东西湖东方马城揽投部,43004009,武汉市东西湖东方马城揽投部,C0000003914917,湖北环宇工程建设监理有限公司,90000004989752,湖北环宇工程建设监理有限公司,1030002156985,湖北环宇工程建设监理有限公司(标快),商企类,生鲜特产,湖（河）鲜类,白银,2015-11-23,03469295,高松,,,03469295,高松,0.0049,0.0970943406,61.843,0.0139,0.346000902,263.155
1544,420000,湖北省,420100,武汉市,420112,东西湖区,43000600,湖北省寄递事业部,43001800,武汉市寄递事业部,43006200,武汉市东西湖区寄递事业部,43004009,武汉市东西湖东方马城揽投部,43004009,武汉市东西湖东方马城揽投部,C0000003946686,中国联合网络通信有限公司湖北省分公司,90000005119354,中国联合网络通信有限公司湖北省分公司-中国联通湖北省分公司,1030002144566,中国联合网络通信有限公司湖北省分公司(标快),商企类,IT通讯类,通讯运营商,白银,2015-11-23,04290467,刘念,4008967808,罗思玲,04290467,刘念,0.0246,0.5939622526,242.45,0,0,0
1545,420000,湖北省,420100,武汉市,420112,东西湖区,43000600,湖北省寄递事业部,43001800,武汉市寄递事业部,43006200,武汉市东西湖区寄递事业部,43004009,武汉市东西湖东方马城揽投部,43004009,武汉市东西湖东方马城揽投部,C0000003946765,湖北中烟工业有限责任公司,80000007077281,湖北中烟工业有限责任公司-中烟工业财务,1030002356347,湖北中烟工业有限责任公司(（财务）标快),商企类,生产加工制造业,加工制造,白银,2017-01-13,03469295,高松,4003356186,马丽,03469295,高松,0.001,0.0108301888,1.4,0.006,0.0675430463,7.4
1546,420000,湖北省,420100,武汉市,420112,东西湖区,43000600,湖北省寄递事业部,43001800,武汉市寄递事业部,43006200,武汉市东西湖区寄递事业部,43004009,武汉市东西湖东方马城揽投部,43004009,武汉市东西湖东方马城揽投部,C0000003946765,湖北中烟工业有限责任公司,80000010102521,湖北中烟工业有限责任公司-（鉴定中心）,1030001075872,湖北中烟工业有限责任公司(（鉴定中心）标快),商企类,其他,其他,黄金,2018-01-18,03469295,高松,,,,,0,0,0,0.013,0.3107853543,136.81
1547,420000,湖北省,420100,武汉市,420112,东西湖区,43000600,湖北省寄递事业部,43001800,武汉市寄递事业部,43006200,武汉市东西湖区寄递事业部,43004009,武汉市东西湖东方马城揽投部,43004009,武汉市东西湖东方马城揽投部,C0000003946765,湖北中烟工业有限责任公司,80000010102521,湖北中烟工业有限责任公司-（鉴定中心）,1030001075872,湖北中烟工业有限责任公司(（鉴定中心）标快),商企类,即时配,即时配其他,黄金,2018-01-18,03469295,高松,4003356186,马丽,03469295,高松,0.0153,0.2582075488,146.62,0,0,0
1548,420000,湖北省,420100,武汉市,420112,东西湖区,43000600,湖北省寄递事业部,43001800,武汉市寄递事业部,43006200,武汉市东西湖区寄递事业部,43004009,武汉市东西湖东方马城揽投部,43004009,武汉市东西湖东方马城揽投部,C0000003946765,湖北中烟工业有限责任公司,81100221099454,湖北中烟工业有限责任公司-湖北中烟工业责任有限公司（技术中心）,1100031243140,湖北中烟工业有限责任公司(（技术中心）标快),商企类,生产加工制造业,加工制造,普通,2019-07-10,04290467,刘念,4003356186,马丽,04290467,刘念,0.0105,0.2212264172,75.933,0.0013,0.0179717413,12.9
1549,420000,湖北省,420100,武汉市,420112,东西湖区,43000600,湖北省寄递事业部,43001800,武汉市寄递事业部,43006200,武汉市东西湖区寄递事业部,43004009,武汉市东西湖东方马城揽投部,43004009,武汉市东西湖东方马城揽投部,C0000003946765,湖北中烟工业有限责任公司,90000005029624,湖北中烟工业有限责任公司-武汉黄鹤楼香精香料有限公司（特资部）,1030002060563,湖北中烟工业有限责任公司(武汉黄鹤楼香精香料有限公司（特资部）),商企类,商业服务类,其他,普通,2015-11-23,03469295,高松,4003356186,马丽,03469295,高松,0.0003,0.0038679245,0.3,0.0004,0.0060244936,1.9
1550,420000,湖北省,420100,武汉市,420112,东西湖区,43000600,湖北省寄递事业部,43001800,武汉市寄递事业部,43006200,武汉市东西湖区寄递事业部,43004009,武汉市东西湖东方马城揽投部,43004009,武汉市东西湖东方马城揽投部,C0000003946765,湖北中烟工业有限责任公司,91100960549566,湖北中烟工业有限责任公司-（卷烟厂）,1100173346589,湖北中烟工业有限责任公司(（卷烟厂）标快),商企类,贸易、消费品、调换货,其他,白银,2023-09-27,04290467,刘念,4003356186,马丽,04290467,刘念,0.0101,0.1734905674,150.678,0,0,0
1551,420000,湖北省,420100,武汉市,420112,东西湖区,43000600,湖北省寄递事业部,43001800,武汉市寄递事业部,43006200,武汉市东西湖区寄递事业部,43004009,武汉市东西湖东方马城揽投部,43004009,武汉市东西湖东方马城揽投部,C0000003946765,湖北中烟工业有限责任公司,91100960549566,湖北中烟工业有限责任公司-（卷烟厂）,1100173346589,湖北中烟工业有限责任公司(（卷烟厂）标快),商企类,生鲜特产,湖（河）鲜类,白银,2023-09-27,03469295,高松,,,,,0,0,0,0.0115,0.2078363342,120.15
1552,420000,湖北省,420100,武汉市,420112,东西湖区,43000600,湖北省寄递事业部,43001800,武汉市寄递事业部,43006200,武汉市东西湖区寄递事业部,43004009,武汉市东西湖东方马城揽投部,43004009,武汉市东西湖东方马城揽投部,C0000003985825,罗盖特生物营养品（武汉）有限公司,90000005080788,罗盖特生物营养品（武汉）有限公司,1030001518414,罗盖特生物营养品（武汉）有限公司(标快),商企类,生鲜特产,湖（河）鲜类,普通,2015-11-23,03469295,高松,,,,,0,0,0,0.0003,0.0169392244,16.46
1553,420000,湖北省,420100,武汉市,420112,东西湖区,43000600,湖北省寄递事业部,43001800,武汉市寄递事业部,43006200,武汉市东西湖区寄递事业部,43004009,武汉市东西湖东方马城揽投部,43004009,武汉市东西湖东方马城揽投部,C0000004052427,中邮人寿保险股份有限公司湖北分公司,90000004977579,中邮人寿保险股份有限公司湖北分公司,1100130885658,中邮人寿湖北分公司(标快),商企类,保险类,其他,黄金,2022-10-10,01611122,张婷,,,,,0,0,0,0.066,0.7586969399,4421.249
1554,420000,湖北省,420100,武汉市,420112,东西湖区,43000600,湖北省寄递事业部,43001800,武汉市寄递事业部,43006200,武汉市东西湖区寄递事业部,43004009,武汉市东西湖东方马城揽投部,43004009,武汉市东西湖东方马城揽投部,C0000004659486,宜昌盼盼木制品有限责任公司,91100868857048,宜昌盼盼木制品有限责任公司,1100207560035,宜昌盼盼木制品有限责任公司(标快),商企类,生产加工制造业,加工制造,普通,2024-12-10,03342423,王艳,,,,,0,0,0,0.0065,0.0499252376,263.71
1555,420000,湖北省,420100,武汉市,420112,东西湖区,43000600,湖北省寄递事业部,43001800,武汉市寄递事业部,43006200,武汉市东西湖区寄递事业部,43004009,武汉市东西湖东方马城揽投部,43004009,武汉市东西湖东方马城揽投部,C0000005035474,武汉三江航天网络通信有限公司,90000006576554,武汉三江航天网络通信有限公司,1030002019792,武汉三江航天网络通信有限公司(标快),商企类,IT通讯类,通讯运营商,普通,2016-02-22,04290467,刘念,,,04290467,刘念,0.0061,0.1048113204,36.728,0.0059,0.117299637,76.39
1556,420000,湖北省,420100,武汉市,420112,东西湖区,43000600,湖北省寄递事业部,43001800,武汉市寄递事业部,43006200,武汉市东西湖区寄递事业部,43004009,武汉市东西湖东方马城揽投部,43004009,武汉市东西湖东方马城揽投部,C0000005035485,北京红牛饮料销售有限公司湖北分公司,90000006576565,北京红牛饮料销售有限公司湖北分公司,1030002019882,北京红牛饮料销售有限公司湖北分公司(标快),商企类,生鲜特产,其他类,普通,2016-02-22,03469295,高松,,,03469295,高松,0.0088,0.1020377354,191.78,0.0081,0.0795455154,144.09
1557,420000,湖北省,420100,武汉市,420112,东西湖区,43000600,湖北省寄递事业部,43001800,武汉市寄递事业部,43006200,武汉市东西湖区寄递事业部,43004009,武汉市东西湖东方马城揽投部,43004009,武汉市东西湖东方马城揽投部,C0000005297340,湖北安源安全环保科技有限公司,90000006897819,湖北安源安全环保科技有限公司,1030001930580,湖北安源安全环保科技有限公司(标件),商企类,能源、矿产、环保,环保,普通,2016-05-31,03469295,高松,,,,,0,0,0,0.0001,0.0011274017,0.1
1558,420000,湖北省,420100,武汉市,420112,东西湖区,43000600,湖北省寄递事业部,43001800,武汉市寄递事业部,43006200,武汉市东西湖区寄递事业部,43004009,武汉市东西湖东方马城揽投部,43004009,武汉市东西湖东方马城揽投部,C0000006507772,湖北中烟卷烟材料厂,91101082146363,湖北中烟卷烟材料厂-武汉部,1100211563842,湖北中烟卷烟材料厂(标快),商企类,生产加工制造业,烟草制品,普通,2025-01-21,04290467,刘念,,,04290467,刘念,0.0015,0.0221698113,15.2,0.0031,0.040649558,6.9
1559,420000,湖北省,420100,武汉市,420112,东西湖区,43000600,湖北省寄递事业部,43001800,武汉市寄递事业部,43006200,武汉市东西湖区寄递事业部,43004009,武汉市东西湖东方马城揽投部,43004009,武汉市东西湖东方马城揽投部,C0000008257754,湖北航天技术研究院总体设计所工会委员会,91100960548026,湖北航天技术研究院总体设计所工会委员会-湖北航天技术研究院总体设计所..,1100173343766,湖北航天技术研究院总体设计所工会委员会(标快),商企类,生鲜特产,湖（河）鲜类,白银,2023-09-27,04290467,刘念,,,04290467,刘念,0.0074,0.1477358501,55.53,0.0061,0.1295508323,68.892
1560,420000,湖北省,420100,武汉市,420112,东西湖区,43000600,湖北省寄递事业部,43001800,武汉市寄递事业部,43006200,武汉市东西湖区寄递事业部,43004009,武汉市东西湖东方马城揽投部,43004009,武汉市东西湖东方马城揽投部,C0000008324760,湖北省华网电力工程有限公司,90000010314111,湖北省华网电力工程有限公司,1030001309209,湖北省华网电力工程有限公司(标快),商企类,生鲜特产,湖（河）鲜类,普通,2017-08-14,04290467,刘念,,,04290467,刘念,0.0002,0.0118490566,21,0.0051,0.0999697165,45.04
1562,420000,湖北省,420100,武汉市,420112,东西湖区,43000600,湖北省寄递事业部,43001800,武汉市寄递事业部,43006200,武汉市东西湖区寄递事业部,43004009,武汉市东西湖东方马城揽投部,43004009,武汉市东西湖东方马城揽投部,C0000009460829,武汉恒信德嘉检测技术有限公司,90000011632654,武汉恒信德嘉检测技术有限公司,1030001951785,武汉恒信德嘉检测技术有限公司(标快),商企类,商业服务类,专业服务、咨询（财会、法律、人力资源等）,普通,2018-07-11,03469295,高松,,,03469295,高松,0.004,0.0402830181,6.8,0.0039,0.0399602724,7.81
1563,420000,湖北省,420100,武汉市,420112,东西湖区,43000600,湖北省寄递事业部,43001800,武汉市寄递事业部,43006200,武汉市东西湖区寄递事业部,43004009,武汉市东西湖东方马城揽投部,43004009,武汉市东西湖东方马城揽投部,C1100101470421,武汉美好锦程置业有限公司,91100931126194,武汉美好锦程置业有限公司-E武汉美好锦城置业有限公司,1100158302146,武汉美好锦程置业有限公司(标快),商企类,房产建筑,房地产、建筑建材、工程,普通,2023-06-15,03469295,高松,,,,,0,0,0,0.0044,0.0448643748,4.5
1564,420000,湖北省,420100,武汉市,420112,东西湖区,43000600,湖北省寄递事业部,43001800,武汉市寄递事业部,43006200,武汉市东西湖区寄递事业部,43004009,武汉市东西湖东方马城揽投部,43004009,武汉市东西湖东方马城揽投部,C1100466188487,湖北华生房地产开发有限公司,91100426049344,湖北华生房地产开发有限公司,1100069073524,湖北华生房地产开发有限公司(标快),商企类,房产建筑,房地产、建筑建材、工程,普通,2020-10-19,03469295,高松,,,,,0,0,0,0.0236,0.1612803974,23.6
1565,420000,湖北省,420100,武汉市,420112,东西湖区,43000600,湖北省寄递事业部,43001800,武汉市寄递事业部,43006200,武汉市东西湖区寄递事业部,43004009,武汉市东西湖东方马城揽投部,43004009,武汉市东西湖东方马城揽投部,C1100470442902,上海中优医药高科技股份有限公司武汉分公司,91100430685468,上海中优医药高科技股份有限公司武汉分公司,1100069978427,上海中优医药高科技股份有限公司武汉分公司(标快),商企类,其他,其他,普通,2020-10-27,03469295,高松,,,,,0,0,0,0.0001,0.0009433962,0.1
1566,420000,湖北省,420100,武汉市,420112,东西湖区,43000600,湖北省寄递事业部,43001800,武汉市寄递事业部,43006200,武汉市东西湖区寄递事业部,43004009,武汉市东西湖东方马城揽投部,43004009,武汉市东西湖东方马城揽投部,C1100471491895,塞力斯医疗科技集团股份有限公司,91100960544156,塞力斯医疗科技集团股份有限公司-塞力斯医疗科技集团股份有限公司.,1100173336667,塞力斯医疗科技集团股份有限公司(标快),商企类,医药类,药品销售,白银,2023-09-27,03469295,高松,,,03469295,高松,0.0099,0.1563679255,74.4,0.0159,0.2419004192,87.97
1567,420000,湖北省,420100,武汉市,420112,东西湖区,43000600,湖北省寄递事业部,43001800,武汉市寄递事业部,43006200,武汉市东西湖区寄递事业部,43004009,武汉市东西湖东方马城揽投部,43004009,武汉市东西湖东方马城揽投部,C1100471491918,湖北省电力规划设计研究院有限公司,80000002334305,湖北省电力规划设计研究院有限公司-湖北省电力勘测设计院综合事务部,1030001773316,湖北省电力规划设计研究院有限公司(综合事务部标快),商企类,能源、矿产、环保,电气、电力、煤气、水利,白银,2015-11-23,03469295,高松,,,03469295,高松,0.0065,0.1318867932,50.22,0.0036,0.0669041893,10.12
1568,420000,湖北省,420100,武汉市,420112,东西湖区,43000600,湖北省寄递事业部,43001800,武汉市寄递事业部,43006200,武汉市东西湖区寄递事业部,43004009,武汉市东西湖东方马城揽投部,43004009,武汉市东西湖东方马城揽投部,C1100492121584,航天科工火箭技术有限公司,91101053702651,航天科工火箭技术有限公司-武汉部,1100200833873,航天科工火箭技术有限公司(标快),商企类,生鲜特产,其他类,普通,2024-09-14,04290467,刘念,,,04290467,刘念,0.0137,0.2126037781,59.265,0,0,0
1569,420000,湖北省,420100,武汉市,420112,东西湖区,43000600,湖北省寄递事业部,43001800,武汉市寄递事业部,43006200,武汉市东西湖区寄递事业部,43004009,武汉市东西湖东方马城揽投部,43004009,武汉市东西湖东方马城揽投部,C1100566854905,武汉径河化工有限公司,80000002601313,武汉径河化工有限公司-径河化工,1030000818719,武汉径河化工有限公司(标快),商企类,生产加工制造业,加工制造,普通,2015-12-04,03469295,高松,,,03469295,高松,0.0015,0.0237735855,1.5,0.0014,0.0216461142,1.5
1570,420000,湖北省,420100,武汉市,420112,东西湖区,43000600,湖北省寄递事业部,43001800,武汉市寄递事业部,43006200,武汉市东西湖区寄递事业部,43004009,武汉市东西湖东方马城揽投部,43004009,武汉市东西湖东方马城揽投部,C1100574208200,英壳多多士润滑油武汉有限公司,91100532139038,英壳多多士润滑油武汉有限公司,1100088789215,英壳多多士润滑油武汉有限公司(标快),商企类,贸易、消费品、调换货,零售、批发,普通,2021-05-20,03469295,高松,,,,,0,0,0,0.0003,0.0077978623,3.55
1571,420000,湖北省,420100,武汉市,420112,东西湖区,43000600,湖北省寄递事业部,43001800,武汉市寄递事业部,43006200,武汉市东西湖区寄递事业部,43004009,武汉市东西湖东方马城揽投部,43004009,武汉市东西湖东方马城揽投部,C1100695057105,南京舜利贸易有限公司,91101025777034,南京舜利贸易有限公司-(武汉）南京舜利贸易有限公司,1100192140807,南京舜利贸易有限公司(标快),商企类,其他,其他,钻石,2024-05-16,01611122,张婷,,,,,0,0,0,0.6945,1.8209856605,13652.34
1572,420000,湖北省,420100,武汉市,420112,东西湖区,43000600,湖北省寄递事业部,43001800,武汉市寄递事业部,43006200,武汉市东西湖区寄递事业部,43004009,武汉市东西湖东方马城揽投部,43004009,武汉市东西湖东方马城揽投部,C1100711582826,国能（武汉）航运有限公司,91100661582662,国能（武汉）航运有限公司,1100114017635,国能（武汉）航运有限公司(标快),商企类,生鲜特产,湖（河）鲜类,普通,2022-05-18,03469295,高松,,,03469295,高松,0.004,0.0667924536,4,0.0051,0.082429332,6.6
1575,420000,湖北省,420100,武汉市,420112,东西湖区,43000600,湖北省寄递事业部,43001800,武汉市寄递事业部,43006200,武汉市东西湖区寄递事业部,43004009,武汉市东西湖东方马城揽投部,43004009,武汉市东西湖东方马城揽投部,C1101062662599,物联云仓（成都）科技有限公司,91101048668746,物联云仓（成都）科技有限公司-鄂州,1100198484804,物联云仓（成都）科技有限公司(特快、电商标快),商企类,生产加工制造业,印刷、包装、造纸、办公设备、轻工业,普通,2024-08-26,03925877,曹翩,4003478967,申邦艳,03925877,曹翩,0.0001,0.0011886792,0.1,0,0,0
1576,420000,湖北省,420100,武汉市,420112,东西湖区,43000600,湖北省寄递事业部,43001800,武汉市寄递事业部,43006200,武汉市东西湖区寄递事业部,43004009,武汉市东西湖东方马城揽投部,43004009,武汉市东西湖东方马城揽投部,C1101134584154,武汉华菲工匠工程服务有限责任公司,91100931119310,武汉华菲工匠工程服务有限责任公司,1100158292087,武汉华菲工匠工程服务有限责任公司(标快),商企类,生鲜特产,湖（河）鲜类,普通,2023-06-15,04290467,刘念,,,04290467,刘念,0.0014,0.0413396226,54.27,0.0013,0.0324222605,43
1577,420000,湖北省,420100,武汉市,420112,东西湖区,43000600,湖北省寄递事业部,43001800,武汉市寄递事业部,43006200,武汉市东西湖区寄递事业部,43004009,武汉市东西湖东方马城揽投部,43004009,武汉市东西湖东方马城揽投部,C1101150054514,天海闪裁（湖北）网络科技有限公司,91100937830833,天海闪裁（湖北）网络科技有限公司,1100162004454,天海闪裁（湖北）网络科技有限公司(标快),商企类,生鲜特产,湖（河）鲜类,铂金,2023-07-11,01611122,张婷,,,01611122,张婷,0.0678,0.8513868233,235.16,0.0821,1.0211318801,240.471
1578,420000,湖北省,420100,武汉市,420112,东西湖区,43000600,湖北省寄递事业部,43001800,武汉市寄递事业部,43006200,武汉市东西湖区寄递事业部,43004009,武汉市东西湖东方马城揽投部,43004009,武汉市东西湖东方马城揽投部,C1101151589822,快宝(上海)网络技术有限公司,91101016932925,快宝(上海)网络技术有限公司-快宝上门取件武汉市,1100189814441,快宝(上海)网络技术有限公司(上海)网络技术有限公司(快宝上门取件武汉市),商企类,退换货（商企）,快宝退换货（商企）,普通,2024-04-10,"03916800,03881828","徐玉婷,申莉莉",,,03916800,徐玉婷,0.0003,0.0062264151,0.39,0,0,0
1579,420000,湖北省,420100,武汉市,420112,东西湖区,43000600,湖北省寄递事业部,43001800,武汉市寄递事业部,43006200,武汉市东西湖区寄递事业部,43004009,武汉市东西湖东方马城揽投部,43004009,武汉市东西湖东方马城揽投部,C1101327600269,武汉弘为电梯工程技术服务有限公司,91101045044639,武汉弘为电梯工程技术服务有限公司-武汉部,1100197625350,武汉弘为电梯工程技术服务有限公司(标快),商企类,生鲜特产,其他类,普通,2024-08-14,03469295,高松,,,,,0,0,0,0.0001,0.0014092521,0.1
1580,420000,湖北省,420100,武汉市,420112,东西湖区,43000600,湖北省寄递事业部,43001800,武汉市寄递事业部,43006200,武汉市东西湖区寄递事业部,43004009,武汉市东西湖东方马城揽投部,43004009,武汉市东西湖东方马城揽投部,C1101667578620,武汉艺优嘉科技有限公司,91100955106446,武汉艺优嘉科技有限公司,1100170972479,武汉艺优嘉科技有限公司(国际),商企类,贸易、消费品、调换货,贸易、进出口,普通,2023-09-06,01611122,张婷,,,,,0,0,0,0.0001,0.0009433962,0.08
1581,420000,湖北省,420100,武汉市,420112,东西湖区,43000600,湖北省寄递事业部,43001800,武汉市寄递事业部,43006200,武汉市东西湖区寄递事业部,43004009,武汉市东西湖东方马城揽投部,43004009,武汉市东西湖东方马城揽投部,C1102185997092,武汉涵谷关商贸有限公司,91101058990600,武汉涵谷关商贸有限公司-武汉部,1100203294079,武汉涵谷关商贸有限公司(标快),商企类,生鲜特产,湖（河）鲜类,白银,2024-10-16,01611122,张婷,,,01611122,张婷,0.0129,0.0586320767,117.268,0.0299,0.2091764259,1469.549
1582,420000,湖北省,420100,武汉市,420112,东西湖区,43000600,湖北省寄递事业部,43001800,武汉市寄递事业部,43006200,武汉市东西湖区寄递事业部,43004009,武汉市东西湖东方马城揽投部,43004009,武汉市东西湖东方马城揽投部,C1102661202944,武汉福凯科技有限公司,91101057891979,武汉福凯科技有限公司-武汉部,1100202807438,武汉福凯科技有限公司(标快),商企类,生鲜特产,湖（河）鲜类,普通,2024-10-10,03469295,高松,,,,,0,0,0,0.0001,0.0009433962,0.1
1583,420000,湖北省,420100,武汉市,420112,东西湖区,43000600,湖北省寄递事业部,43001800,武汉市寄递事业部,43006200,武汉市东西湖区寄递事业部,43004009,武汉市东西湖东方马城揽投部,43004009,武汉市东西湖东方马城揽投部,C1104082532804,武汉检验检测认证发展集团有限公司,91101155581592,武汉检验检测认证发展集团有限公司,1100234747201,武汉检验检测认证发展集团有限公司(标快),商企类,检测类,其他,,2025-11-05,03469295,高松,,,03469295,高松,0.0016,0.0171320759,1.6,0,0,0
1584,420000,湖北省,420100,武汉市,420112,东西湖区,43000600,湖北省寄递事业部,43001800,武汉市寄递事业部,43006200,武汉市东西湖区寄递事业部,43004009,武汉市东西湖东方马城揽投部,43004009,武汉市东西湖东方马城揽投部,P0000001904789,王成刚,80000002232942,王成刚,1030001006078,王成刚(邮政公事寄递),商企类,其他,其他,白银,2015-11-23,19601021,寄递武汉市,4012140468,寄递武汉市,19601021,寄递武汉市,0.0003,0.0028301886,0.21,0.0009,0.0035434309,0.91
1585,420000,湖北省,420100,武汉市,420112,东西湖区,43000600,湖北省寄递事业部,43001800,武汉市寄递事业部,43006200,武汉市东西湖区寄递事业部,43004011,武汉市东西湖金银湖揽投部,43004011,武汉市东西湖金银湖揽投部,C0000005050965,武汉海之最食品有限公司,91100905132732,武汉海之最食品有限公司-武汉海之最食品有限公司（径河）,1100148605264,武汉海之最食品有限公司(标快),商企类,生鲜特产,其他类,普通,2023-03-10,01614235,张俊雄,,,,,0,0,0,0.0001,0.0009433962,0.1
1587,420000,湖北省,420100,武汉市,420112,东西湖区,43000600,湖北省寄递事业部,43001800,武汉市寄递事业部,43006200,武汉市东西湖区寄递事业部,43004011,武汉市东西湖金银湖揽投部,43004011,武汉市东西湖金银湖揽投部,C1100057374570,湖北中烟工业有限责任公司武汉卷烟厂,91100058562154,湖北中烟工业有限责任公司武汉卷烟厂,1030001517402,湖北中烟工业有限责任公司武汉卷烟厂(湖北中烟工业有限责任公司（卷烟厂）),商企类,生产加工制造业,其他,普通,2018-12-19,03704744,黄骏,,,,,0,0,0,0.0001,0.0009433962,0.1
1588,420000,湖北省,420100,武汉市,420112,东西湖区,43000600,湖北省寄递事业部,43001800,武汉市寄递事业部,43006200,武汉市东西湖区寄递事业部,43004011,武汉市东西湖金银湖揽投部,43004011,武汉市东西湖金银湖揽投部,C1100692638433,武汉艾米医疗器械有限责任公司,91100644722209,武汉艾米医疗器械有限责任公司,1100109461014,武汉艾米医疗器械有限责任公司(标快),商企类,医药类,药品生产、医疗器械,白银,2022-03-12,04271828,马得垚,,,04271828,马得垚,0.0158,0.1340566035,56.908,0.0124,0.1148019576,48.4
1591,420000,湖北省,420100,武汉市,420112,东西湖区,43000600,湖北省寄递事业部,43001800,武汉市寄递事业部,43006200,武汉市东西湖区寄递事业部,43004011,武汉市东西湖金银湖揽投部,43004011,武汉市东西湖金银湖揽投部,C1101062662599,物联云仓（成都）科技有限公司,91101048668746,物联云仓（成都）科技有限公司-鄂州,1100198484804,物联云仓（成都）科技有限公司(特快、电商标快),商企类,生产加工制造业,印刷、包装、造纸、办公设备、轻工业,普通,2024-08-26,03925877,曹翩,4003478967,申邦艳,03925877,曹翩,0.0005,0.0036226416,0.5,0,0,0
1592,420000,湖北省,420100,武汉市,420112,东西湖区,43000600,湖北省寄递事业部,43001800,武汉市寄递事业部,43006200,武汉市东西湖区寄递事业部,43004011,武汉市东西湖金银湖揽投部,43004011,武汉市东西湖金银湖揽投部,C1101535607829,石家庄市乐尧商贸有限公司,91100982885417,石家庄市乐尧商贸有限公司,1100179107827,石家庄市乐尧商贸有限公司(国际),商企类,贸易、消费品、调换货,零售、批发,普通,2023-12-07,03782412,闻敏,,,,,0,0,0,0.0001,0.0009433962,0.1
1593,420000,湖北省,420100,武汉市,420112,东西湖区,43000600,湖北省寄递事业部,43001800,武汉市寄递事业部,43006200,武汉市东西湖区寄递事业部,43004011,武汉市东西湖金银湖揽投部,43004011,武汉市东西湖金银湖揽投部,C1101620826300,武汉青橙四季文化传媒有限公司,91101050029874,武汉青橙四季文化传媒有限公司,1100246463704,武汉青橙四季文化传媒有限公司(标快),商企类,其他,其他,,2026-06-12,03782400,曾卓,,,03782400,曾卓,0.0362,0.2600754841,36.2,0,0,0
1594,420000,湖北省,420100,武汉市,420112,东西湖区,43000600,湖北省寄递事业部,43001800,武汉市寄递事业部,43006200,武汉市东西湖区寄递事业部,43004011,武汉市东西湖金银湖揽投部,43004011,武汉市东西湖金银湖揽投部,C1102207092037,武汉小实惠商贸有限公司,91101106119438,武汉小实惠商贸有限公司,1100218880201,武汉小实惠商贸有限公司(标快),商企类,生鲜特产,其他类,普通,2025-05-26,04271828,马得垚,,,,,0,0,0,0.0001,0.0009433962,0.1
1595,420000,湖北省,420100,武汉市,420112,东西湖区,43000600,湖北省寄递事业部,43001800,武汉市寄递事业部,43006200,武汉市东西湖区寄递事业部,43004011,武汉市东西湖金银湖揽投部,43004011,武汉市东西湖金银湖揽投部,P0000001904789,王成刚,80000002232942,王成刚,1030001006078,王成刚(邮政公事寄递),商企类,其他,其他,白银,2015-11-23,19601021,寄递武汉市,4012140468,寄递武汉市,19601021,寄递武汉市,0.0003,0.0022641509,0.3,0,0,0
1596,420000,湖北省,420100,武汉市,420112,东西湖区,43000600,湖北省寄递事业部,43001800,武汉市寄递事业部,43006200,武汉市东西湖区寄递事业部,43004014,武汉市东西湖额头湾揽投部,43004014,武汉市东西湖额头湾揽投部,C0000003408858,中建三局第一建设工程有限责任公司,80000002328094,中建三局第一建设工程有限责任公司-中建三局第一建设工程有限责任公司1,1100045366512,中建三局第一建设工程有限责任公司(标快),商企类,房产建筑,其他,普通,2020-04-08,01614238,杨瑾,,,01614238,杨瑾,0.0029,0.0401132084,7.76,0.0044,0.0559753083,4.4
1597,420000,湖北省,420100,武汉市,420112,东西湖区,43000600,湖北省寄递事业部,43001800,武汉市寄递事业部,43006200,武汉市东西湖区寄递事业部,43004014,武汉市东西湖额头湾揽投部,43004014,武汉市东西湖额头湾揽投部,C0000003971448,武汉市慈惠金属结构有限责任公司,90000005062520,武汉市慈惠金属结构有限责任公司,1030001353499,武汉市慈惠金属结构有限责任公司(标快),商企类,生产加工制造业,大型设备、机电设备、重工业,普通,2015-11-23,03709106,蔡磊,,,,,0,0,0,0.0001,0.0019729531,0.1
1598,420000,湖北省,420100,武汉市,420112,东西湖区,43000600,湖北省寄递事业部,43001800,武汉市寄递事业部,43006200,武汉市东西湖区寄递事业部,43004014,武汉市东西湖额头湾揽投部,43004014,武汉市东西湖额头湾揽投部,C0000004577014,武汉统一企业食品有限公司,91100973097579,武汉统一企业食品有限公司-武汉统一企业食品有限公司.,1100176311775,武汉统一企业食品有限公司(标快),商企类,生鲜特产,其他类,普通,2023-11-04,03428753,范茜,,,,,0,0,0,0.0003,0.0031981996,0.3
1599,420000,湖北省,420100,武汉市,420112,东西湖区,43000600,湖北省寄递事业部,43001800,武汉市寄递事业部,43006200,武汉市东西湖区寄递事业部,43004014,武汉市东西湖额头湾揽投部,43004014,武汉市东西湖额头湾揽投部,C0000005128264,武汉紫江企业有限公司,90000006691877,武汉紫江企业有限公司,1030001674608,武汉紫江企业有限公司(标快),商企类,生鲜特产,湖（河）鲜类,普通,2016-03-29,01614238,杨瑾,,,01614238,杨瑾,0.0027,0.1548113213,208.41,0.0024,0.0677419509,68.6
1600,420000,湖北省,420100,武汉市,420112,东西湖区,43000600,湖北省寄递事业部,43001800,武汉市寄递事业部,43006200,武汉市东西湖区寄递事业部,43004014,武汉市东西湖额头湾揽投部,43004014,武汉市东西湖额头湾揽投部,C0000007796267,荷贝克电源系统（武汉）有限公司,90000009702952,荷贝克电源系统（武汉）有限公司,1030002069876,荷贝克电源系统（武汉）有限公司(标快),商企类,生产加工制造业,汽车,普通,2017-03-22,01614238,杨瑾,,,01614238,杨瑾,0.0017,0.0235754708,4.4,0.0034,0.0469567268,3.4
1601,420000,湖北省,420100,武汉市,420112,东西湖区,43000600,湖北省寄递事业部,43001800,武汉市寄递事业部,43006200,武汉市东西湖区寄递事业部,43004014,武汉市东西湖额头湾揽投部,43004014,武汉市东西湖额头湾揽投部,C0000008180524,湖北容大联通物流有限公司,90000010152302,湖北容大联通物流有限公司,1030002086055,湖北容大联通物流(标快),商企类,交通运输、物流仓储,交通运输,普通,2017-07-07,03428753,范茜,,,,,0,0,0,0.0009,0.0126087934,0.45
1604,420000,湖北省,420100,武汉市,420112,东西湖区,43000600,湖北省寄递事业部,43001800,武汉市寄递事业部,43006200,武汉市东西湖区寄递事业部,43004014,武汉市东西湖额头湾揽投部,43004014,武汉市东西湖额头湾揽投部,C1100201812242,湖北同济堂药房有限公司一清路药店,91100201824357,湖北同济堂药房有限公司一清路药店,1100030132124,湖北同济堂药房有限公司一清路药店(代收标快),商企类,商业服务类,其他,普通,2019-05-29,04016269,黄文,,,04016269,黄文,0.0001,0.0009433962,0.1,0,0,0
1605,420000,湖北省,420100,武汉市,420112,东西湖区,43000600,湖北省寄递事业部,43001800,武汉市寄递事业部,43006200,武汉市东西湖区寄递事业部,43004014,武汉市东西湖额头湾揽投部,43004014,武汉市东西湖额头湾揽投部,C1100322207312,中铁房地产集团中南有限公司,91100274789100,中铁房地产集团中南有限公司,1100054316393,中铁房地产集团中南有限公司(标快),商企类,房产建筑,房地产、建筑建材、工程,普通,2020-06-08,01614238,杨瑾,,,01614238,杨瑾,0.0006,0.0056603772,1,0,0,0
1606,420000,湖北省,420100,武汉市,420112,东西湖区,43000600,湖北省寄递事业部,43001800,武汉市寄递事业部,43006200,武汉市东西湖区寄递事业部,43004014,武汉市东西湖额头湾揽投部,43004014,武汉市东西湖额头湾揽投部,C1100472611610,武汉辰兴信息技术有限公司,91100433027056,武汉辰兴信息技术有限公司,1100145463645,武汉辰兴信息技术有限公司(标快),商企类,生鲜特产,湖（河）鲜类,白银,2023-02-06,01614238,杨瑾,,,01614238,杨瑾,0.0049,0.0243066037,44.7,0.0052,0.029427185,110.35
1607,420000,湖北省,420100,武汉市,420112,东西湖区,43000600,湖北省寄递事业部,43001800,武汉市寄递事业部,43006200,武汉市东西湖区寄递事业部,43004014,武汉市东西湖额头湾揽投部,43004014,武汉市东西湖额头湾揽投部,C1100474742190,联塑科技发展（武汉）有限公司,91100966470565,联塑科技发展（武汉）有限公司-联塑科技发展（武汉）有限公司.,1100174897053,联塑科技发展（武汉）有限公司(标快),商企类,生产加工制造业,加工制造,普通,2023-10-21,03428753,范茜,,,,,0,0,0,0.0004,0.007801757,2.15
1608,420000,湖北省,420100,武汉市,420112,东西湖区,43000600,湖北省寄递事业部,43001800,武汉市寄递事业部,43006200,武汉市东西湖区寄递事业部,43004014,武汉市东西湖额头湾揽投部,43004014,武汉市东西湖额头湾揽投部,C1100566435562,益海嘉里(武汉)粮油工业有限公司,80000002592266,益海嘉里(武汉)粮油工业有限公司-益海嘉里（武汉）粮油,1030001895018,益海嘉里(武汉)粮油工业有限公司(标快),商企类,生鲜特产,湖（河）鲜类,白银,2015-12-04,01614238,杨瑾,,,01614238,杨瑾,0.0145,0.2046603809,156.14,0.0207,0.43558297,325.866
1609,420000,湖北省,420100,武汉市,420112,东西湖区,43000600,湖北省寄递事业部,43001800,武汉市寄递事业部,43006200,武汉市东西湖区寄递事业部,43004014,武汉市东西湖额头湾揽投部,43004014,武汉市东西湖额头湾揽投部,C1100569124931,武汉日特固防音配件有限公司,80000002307899,武汉日特固防音配件有限公司,1030000949837,武汉日特固防音配件有限公司(标快),商企类,生产加工制造业,加工制造,普通,2015-11-23,01614238,杨瑾,,,01614238,杨瑾,0.0001,0.0009433962,0.1,0,0,0
1610,420000,湖北省,420100,武汉市,420112,东西湖区,43000600,湖北省寄递事业部,43001800,武汉市寄递事业部,43006200,武汉市东西湖区寄递事业部,43004014,武汉市东西湖额头湾揽投部,43004014,武汉市东西湖额头湾揽投部,C1100830283556,武汉市汉口电炉有限责任公司,80000002592143,武汉市汉口电炉有限责任公司-汉口电炉,1030001110748,武汉市汉口电炉有限责任公司(标快),商企类,生产加工制造业,加工制造,普通,2015-12-04,01614238,杨瑾,,,01614238,杨瑾,0.0004,0.0051886793,1.68,0.0005,0.0158775748,8.1
1611,420000,湖北省,420100,武汉市,420112,东西湖区,43000600,湖北省寄递事业部,43001800,武汉市寄递事业部,43006200,武汉市东西湖区寄递事业部,43004014,武汉市东西湖额头湾揽投部,43004014,武汉市东西湖额头湾揽投部,C1100830285536,北京京汇世纪科技有限公司,91100855748830,北京京汇世纪科技有限公司-北京京汇世纪科技有限司,1100132228864,北京京汇世纪科技有限公司(标快),商企类,生鲜特产,湖（河）鲜类,普通,2022-10-21,03428753,范茜,,,,,0,0,0,0.0004,0.0102405659,4.27
1614,420000,湖北省,420100,武汉市,420112,东西湖区,43000600,湖北省寄递事业部,43001800,武汉市寄递事业部,43006200,武汉市东西湖区寄递事业部,43004014,武汉市东西湖额头湾揽投部,43004014,武汉市东西湖额头湾揽投部,C1101055037159,湖北知亦行科技有限公司,91101016474881,湖北知亦行科技有限公司-湖北知亦行科技有限公司监利,1100218880177,湖北知亦行科技有限公司(标快),商企类,其他,其他,普通,2025-05-26,03428753,范茜,,,,,0,0,0,0.0001,0.0009433962,0.1
1615,420000,湖北省,420100,武汉市,420112,东西湖区,43000600,湖北省寄递事业部,43001800,武汉市寄递事业部,43006200,武汉市东西湖区寄递事业部,43004014,武汉市东西湖额头湾揽投部,43004014,武汉市东西湖额头湾揽投部,C1101060449051,武汉创维建设发展有限公司,91100909899220,武汉创维建设发展有限公司,1100206797003,武汉创维建设发展有限公司(标快),商企类,生产加工制造业,加工制造,普通,2024-11-27,01614238,杨瑾,,,01614238,杨瑾,0.0003,0.0033018867,0.3,0.0007,0.0076313828,0.7
1616,420000,湖北省,420100,武汉市,420112,东西湖区,43000600,湖北省寄递事业部,43001800,武汉市寄递事业部,43006200,武汉市东西湖区寄递事业部,43004014,武汉市东西湖额头湾揽投部,43004014,武汉市东西湖额头湾揽投部,C1101094465966,武汉信勤奋信息技术有限公司,91100920538100,武汉信勤奋信息技术有限公司,1100152987622,xqfxx(武汉信勤奋信息技术有限公司),商企类,IT通讯类,互联网,普通,2023-05-08,03524745,袁伟,,,,,0,0,0,0,-0.0040566038,0
1617,420000,湖北省,420100,武汉市,420112,东西湖区,43000600,湖北省寄递事业部,43001800,武汉市寄递事业部,43006200,武汉市东西湖区寄递事业部,43004014,武汉市东西湖额头湾揽投部,43004014,武汉市东西湖额头湾揽投部,C1101133174024,武汉市东西湖天海电器经营部,91100930001500,武汉市东西湖天海电器经营部,1100157880900,武汉市东西湖天海电器经营部(标快),商企类,贸易、消费品、调换货,其他,黄金,2023-06-13,01614238,杨瑾,,,01614238,杨瑾,0.0729,0.910584896,5992.006,0,0,0
1618,420000,湖北省,420100,武汉市,420112,东西湖区,43000600,湖北省寄递事业部,43001800,武汉市寄递事业部,43006200,武汉市东西湖区寄递事业部,43004014,武汉市东西湖额头湾揽投部,43004014,武汉市东西湖额头湾揽投部,C1101133174024,武汉市东西湖天海电器经营部,91100930001500,武汉市东西湖天海电器经营部,1100157880900,武汉市东西湖天海电器经营部(标快),商企类,生鲜特产,湖（河）鲜类,黄金,2023-06-13,03428753,范茜,,,,,0,0,0,0.1044,0.9881641286,4606.156
1619,420000,湖北省,420100,武汉市,420112,东西湖区,43000600,湖北省寄递事业部,43001800,武汉市寄递事业部,43006200,武汉市东西湖区寄递事业部,43004014,武汉市东西湖额头湾揽投部,43004014,武汉市东西湖额头湾揽投部,C1101151589822,快宝(上海)网络技术有限公司,91101016932925,快宝(上海)网络技术有限公司-快宝上门取件武汉市,1100189814441,快宝(上海)网络技术有限公司(上海)网络技术有限公司(快宝上门取件武汉市),商企类,退换货（商企）,快宝退换货（商企）,普通,2024-04-10,"03916800,03881828","徐玉婷,申莉莉",,,03916800,徐玉婷,0.0001,0.0009433962,0.1,0,0,0
1620,420000,湖北省,420100,武汉市,420112,东西湖区,43000600,湖北省寄递事业部,43001800,武汉市寄递事业部,43006200,武汉市东西湖区寄递事业部,43004014,武汉市东西湖额头湾揽投部,43004014,武汉市东西湖额头湾揽投部,C1101344903006,武汉九坤颐璟房地产有限公司,91101099226135,武汉九坤颐璟房地产有限公司,1100216859902,武汉九坤颐璟房地产有限公司(标快),商企类,房产建筑,房地产、建筑建材、工程,普通,2025-04-18,03428753,范茜,,,,,0,0,0,0.0001,0.0022548035,0.1
1621,420000,湖北省,420100,武汉市,420112,东西湖区,43000600,湖北省寄递事业部,43001800,武汉市寄递事业部,43006200,武汉市东西湖区寄递事业部,43004014,武汉市东西湖额头湾揽投部,43004014,武汉市东西湖额头湾揽投部,C1101506861391,武汉佑师雅学商贸有限公司,91101189151491,武汉佑师雅学商贸有限公司,1100244368762,武汉佑师雅学商贸有限公司(标快),商企类,生鲜特产,其他类,,2026-03-19,01614238,杨瑾,,,01614238,杨瑾,0.0149,0.1551792427,850.05,0,0,0
1622,420000,湖北省,420100,武汉市,420112,东西湖区,43000600,湖北省寄递事业部,43001800,武汉市寄递事业部,43006200,武汉市东西湖区寄递事业部,43004014,武汉市东西湖额头湾揽投部,43004014,武汉市东西湖额头湾揽投部,C1101555152163,武汉金吾表面技术有限公司,91101075132539,武汉金吾表面技术有限公司-武汉部,1100207790546,武汉金吾表面技术有限公司(标快),商企类,生产加工制造业,加工制造,普通,2024-12-13,01614238,杨瑾,,,01614238,杨瑾,0.0004,0.0103018867,12.2,0.0016,0.0391255152,51.95
1623,420000,湖北省,420100,武汉市,420112,东西湖区,43000600,湖北省寄递事业部,43001800,武汉市寄递事业部,43006200,武汉市东西湖区寄递事业部,43004014,武汉市东西湖额头湾揽投部,43004014,武汉市东西湖额头湾揽投部,C1101822620261,武汉临空港网谷房地产开发有限公司,91100959128758,武汉临空港网谷房地产开发有限公司,1100172769093,武汉临空港网谷房地产开发有限公司(标快),商企类,房产建筑,房地产、建筑建材、工程,普通,2023-09-21,03524745,袁伟,,,,,0,0,0,0.0001,0.0009433962,0.1
1624,420000,湖北省,420100,武汉市,420112,东西湖区,43000600,湖北省寄递事业部,43001800,武汉市寄递事业部,43006200,武汉市东西湖区寄递事业部,43004014,武汉市东西湖额头湾揽投部,43004014,武汉市东西湖额头湾揽投部,C1101891463138,湖北鑫尚美科技有限公司,91100975372791,湖北鑫尚美科技有限公司,1100176859806,湖北鑫尚美科技有限公司(标快),商企类,房产建筑,其他,普通,2023-11-10,04016269,黄文,,,,,0,0,0,0.0001,0.0019729531,0.1
1625,420000,湖北省,420100,武汉市,420112,东西湖区,43000600,湖北省寄递事业部,43001800,武汉市寄递事业部,43006200,武汉市东西湖区寄递事业部,43004014,武汉市东西湖额头湾揽投部,43004014,武汉市东西湖额头湾揽投部,C1102031267610,东莞市宇力卫生科技有限公司,91101040095416,宇力卫生-武汉仓,1100196261726,宇力卫生(标快),商企类,生产加工制造业,加工制造,普通,2024-07-22,01614238,杨瑾,,,01614238,杨瑾,0.0001,0.0009433962,0.1,0,0,0
1626,420000,湖北省,420100,武汉市,420112,东西湖区,43000600,湖北省寄递事业部,43001800,武汉市寄递事业部,43006200,武汉市东西湖区寄递事业部,43004014,武汉市东西湖额头湾揽投部,43004014,武汉市东西湖额头湾揽投部,C1102083314610,摩行天下（湖北）科技有限公司,91101042195767,摩行天下（湖北）科技有限公司-武汉部,1100196971555,摩行天下（湖北）科技有限公司(快包),商企类,生鲜特产,其他类,白银,2024-08-02,03428753,范茜,,,03428753,范茜,0.0003,0.0016981132,0.6,0,0,0
1627,420000,湖北省,420100,武汉市,420112,东西湖区,43000600,湖北省寄递事业部,43001800,武汉市寄递事业部,43006200,武汉市东西湖区寄递事业部,43004014,武汉市东西湖额头湾揽投部,43004014,武汉市东西湖额头湾揽投部,C1102623039119,武汉市东西湖雷鸣商行,91101100020297,武汉市东西湖雷鸣商行,1100217223649,武汉市东西湖雷鸣商行(快包),商企类,生鲜特产,其他类,黄金,2025-04-24,01614238,杨瑾,,,01614238,杨瑾,0.0261,0.1834292448,941.44,0,0,0
1628,420000,湖北省,420100,武汉市,420112,东西湖区,43000600,湖北省寄递事业部,43001800,武汉市寄递事业部,43006200,武汉市东西湖区寄递事业部,43004014,武汉市东西湖额头湾揽投部,43004014,武汉市东西湖额头湾揽投部,C1102687571716,湖北济世大药房有限公司,91101190460687,湖北济世大药房有限公司,1100244648583,湖北济世大药房有限公司(标快),商企类,医药类,药品销售,,2026-03-25,01614238,杨瑾,,,01614238,杨瑾,0.0328,0.0802641451,97.213,0,0,0
1629,420000,湖北省,420100,武汉市,420112,东西湖区,43000600,湖北省寄递事业部,43001800,武汉市寄递事业部,43006200,武汉市东西湖区寄递事业部,43004014,武汉市东西湖额头湾揽投部,43004014,武汉市东西湖额头湾揽投部,C1104181136365,武汉华玥文化传媒有限公司,91101186839716,武汉华玥文化传媒有限公司,1100243918896,武汉华玥文化传媒有限公司(标快),商企类,其他,其他,,2026-03-10,01614238,杨瑾,,,01614238,杨瑾,0.0032,0.0536320762,3.4,0,0,0
1630,420000,湖北省,420100,武汉市,420112,东西湖区,43000600,湖北省寄递事业部,43001800,武汉市寄递事业部,43006200,武汉市东西湖区寄递事业部,43004014,武汉市东西湖额头湾揽投部,43004014,武汉市东西湖额头湾揽投部,C1104201834172,武汉匠勤科技有限公司,91101196618914,武汉匠勤科技有限公司,1100245382804,武汉匠勤科技有限公司(标快),商企类,生鲜特产,其他类,,2026-04-27,03428753,范茜,,,03428753,范茜,0.3537,2.2840093849,13674.462,0,0,0
1631,420000,湖北省,420100,武汉市,420112,东西湖区,43000600,湖北省寄递事业部,43001800,武汉市寄递事业部,43006200,武汉市东西湖区寄递事业部,43004014,武汉市东西湖额头湾揽投部,43004014,武汉市东西湖额头湾揽投部,P0000001904789,王成刚,80000002232942,王成刚,1030001006078,王成刚(邮政公事寄递),商企类,其他,其他,白银,2015-11-23,19601021,寄递武汉市,4012140468,寄递武汉市,19601021,寄递武汉市,0.0003,0.0024528302,0.3,0.0028,0.0114460536,3.6
1632,420000,湖北省,420100,武汉市,420112,东西湖区,43000600,湖北省寄递事业部,43001800,武汉市寄递事业部,43006200,武汉市东西湖区寄递事业部,43004301,武汉市东西湖电商客户走马岭揽投部,43004301,武汉市东西湖电商客户走马岭揽投部,C0000001528376,上海邮乐网络技术有限公司,91100818252222,上海邮乐-（上海邮乐网络技术有限公司）,1100213690317,上海邮乐网络技术有限公司(邮乐公司(标快)),商企类,其他,其他,铂金,2025-02-28,03996336,蒙超,,,03996336,蒙超,0.0011,0.0102358487,73.05,0.4665,1.5203305746,2058.906
1633,420000,湖北省,420100,武汉市,420112,东西湖区,43000600,湖北省寄递事业部,43001800,武汉市寄递事业部,43006200,武汉市东西湖区寄递事业部,43004301,武汉市东西湖电商客户走马岭揽投部,43004301,武汉市东西湖电商客户走马岭揽投部,C0000002079299,苏宁易购集团股份有限公司,90000000236270,苏宁易购集团股份有限公司,1100238341182,苏宁易购集团有限公司(标快),商企类,其他,其他,,2025-12-10,03378907,陈冠先,,,03378907,陈冠先,0.4501,2.0828301427,8992.35,0,0,0
1634,420000,湖北省,420100,武汉市,420112,东西湖区,43000600,湖北省寄递事业部,43001800,武汉市寄递事业部,43006200,武汉市东西湖区寄递事业部,43004301,武汉市东西湖电商客户走马岭揽投部,43004301,武汉市东西湖电商客户走马岭揽投部,C0000002512987,得力集团有限公司,90000003006346,得力集团有限公司,1100211160474,得力集团有限公司(标快),商企类,生鲜特产,其他类,铂金,2025-01-15,03996336,蒙超,,,,,0,0,0,0.8333,2.584641058,4999.8
1635,420000,湖北省,420100,武汉市,420112,东西湖区,43000600,湖北省寄递事业部,43001800,武汉市寄递事业部,43006200,武汉市东西湖区寄递事业部,43004301,武汉市东西湖电商客户走马岭揽投部,43004301,武汉市东西湖电商客户走马岭揽投部,C0000004087997,一出科技集团有限公司,90000005215890,一出科技集团有限公司,1100208282880,一出科技集团有限公司(标快),商企类,生产加工制造业,加工制造,钻石,2024-12-20,03996336,蒙超,,,,,0,0,0,2.2423,9.8252823302,55734.088
1636,420000,湖北省,420100,武汉市,420112,东西湖区,43000600,湖北省寄递事业部,43001800,武汉市寄递事业部,43006200,武汉市东西湖区寄递事业部,43004301,武汉市东西湖电商客户走马岭揽投部,43004301,武汉市东西湖电商客户走马岭揽投部,C0000008168520,上海本来生活信息科技有限公司,90000010138351,上海本来生活信息科技有限公司,1100209638134,上海本来生活信息科技有限公司(标快),商企类,生鲜特产,其他类,白银,2024-12-30,03996336,蒙超,,,,,0,0,0,0.0491,0.4363053958,3130.15
1637,420000,湖北省,420100,武汉市,420112,东西湖区,43000600,湖北省寄递事业部,43001800,武汉市寄递事业部,43006200,武汉市东西湖区寄递事业部,43004301,武汉市东西湖电商客户走马岭揽投部,43004301,武汉市东西湖电商客户走马岭揽投部,C1100309113201,上海家臣慧采电商商城有限公司,91100265520046,上海家臣慧采电商商城有限公司,1100237251349,上海家臣慧采电商商城有限公司(标快),商企类,其他,其他,,2025-11-28,03996336,蒙超,,,03996336,蒙超,0.2097,0.8903773545,2306.7,0,0,0
1638,420000,湖北省,420100,武汉市,420112,东西湖区,43000600,湖北省寄递事业部,43001800,武汉市寄递事业部,43006200,武汉市东西湖区寄递事业部,43004301,武汉市东西湖电商客户走马岭揽投部,43004301,武汉市东西湖电商客户走马岭揽投部,C1100319402089,江苏凯韵商贸有限公司,91100271952918,江苏凯韵商贸有限公司,1100208369808,江苏凯韵商贸有限公司(标快),商企类,生鲜特产,其他类,铂金,2024-12-23,03996336,蒙超,,,,,0,0,0,0.4298,1.4176607509,2273.6
1639,420000,湖北省,420100,武汉市,420112,东西湖区,43000600,湖北省寄递事业部,43001800,武汉市寄递事业部,43006200,武汉市东西湖区寄递事业部,43004301,武汉市东西湖电商客户走马岭揽投部,43004301,武汉市东西湖电商客户走马岭揽投部,C1100363151360,德致商成集团有限公司,91100317568956,德致商成集团有限公司,1100212628610,德致商成集团有限公司(新标快),商企类,生鲜特产,其他类,白银,2025-02-14,03996336,蒙超,,,,,0,0,0,0.0194,0.1519966703,822.969
1640,420000,湖北省,420100,武汉市,420112,东西湖区,43000600,湖北省寄递事业部,43001800,武汉市寄递事业部,43006200,武汉市东西湖区寄递事业部,43004301,武汉市东西湖电商客户走马岭揽投部,43004301,武汉市东西湖电商客户走马岭揽投部,C1100406056238,武汉壹嘉工贸有限公司,91100362862616,武汉壹嘉工贸有限公司,1100110626615,武汉壹嘉工贸有限公司(标快),商企类,交通运输、物流仓储,交通运输,普通,2022-03-28,03523337,黄勇,,,,,0,0,0,0.0001,0.0009433962,0.1
1641,420000,湖北省,420100,武汉市,420112,东西湖区,43000600,湖北省寄递事业部,43001800,武汉市寄递事业部,43006200,武汉市东西湖区寄递事业部,43004301,武汉市东西湖电商客户走马岭揽投部,43004301,武汉市东西湖电商客户走马岭揽投部,C1100515045484,上海紫途电子商务有限公司,91100475286644,上海紫途电子商务有限公司,1100222212227,上海紫途电子商务有限公司(武汉前置仓标快),商企类,生产加工制造业,其他,,2025-07-11,03855643,张言,4003356186,马丽,T42011220241029180,志合团队,0.2842,1.2738207956,7772.365,0,0,0
1642,420000,湖北省,420100,武汉市,420112,东西湖区,43000600,湖北省寄递事业部,43001800,武汉市寄递事业部,43006200,武汉市东西湖区寄递事业部,43004301,武汉市东西湖电商客户走马岭揽投部,43004301,武汉市东西湖电商客户走马岭揽投部,C1101209656630,武汉市巨龙海农产品产销专业合作社,91101119655673,武汉市巨龙海农产品产销专业合作社,1100223583881,巨龙海农产品(标快),商企类,其他,其他,,2025-07-31,03322005,涂崇文,,,03322005,涂崇文,0.0001,0.0009433962,0.1,0,0,0
1643,420000,湖北省,420100,武汉市,420112,东西湖区,43000600,湖北省寄递事业部,43001800,武汉市寄递事业部,43006200,武汉市东西湖区寄递事业部,43004301,武汉市东西湖电商客户走马岭揽投部,43004301,武汉市东西湖电商客户走马岭揽投部,C1101424807413,武汉楚生龙文化科技有限公司,91101005513344,武汉楚生龙文化科技有限公司,1100209638123,武汉楚生龙文化科技有限公司(标快),商企类,生鲜特产,其他类,普通,2024-12-30,03996336,蒙超,,,,,0,0,0,0.0125,0.0622928288,318.75
1644,420000,湖北省,420100,武汉市,420112,东西湖区,43000600,湖北省寄递事业部,43001800,武汉市寄递事业部,43006200,武汉市东西湖区寄递事业部,43004301,武汉市东西湖电商客户走马岭揽投部,43004301,武汉市东西湖电商客户走马岭揽投部,C1101513869746,无锡天下网商电子商务发展有限公司,91101161473049,无锡天下网商电子商务发展有限公司,1100237251394,无锡天下网商电子商务发展有限公司(标快),商企类,其他,其他,,2025-11-28,03378907,陈冠先,,,03378907,陈冠先,0.6547,2.9103301449,10391.4,0,0,0
1645,420000,湖北省,420100,武汉市,420112,东西湖区,43000600,湖北省寄递事业部,43001800,武汉市寄递事业部,43006200,武汉市东西湖区寄递事业部,43004301,武汉市东西湖电商客户走马岭揽投部,43004301,武汉市东西湖电商客户走马岭揽投部,C1101683569145,金华市永憶日用品有限公司,91100962985089,金华市永憶日用品有限公司,1100210608605,金华市永憶日用品有限公司(标快),商企类,生鲜特产,其他类,白银,2025-01-06,03996336,蒙超,,,,,0,0,0,0.0469,0.3051744738,1853.2
1646,420000,湖北省,420100,武汉市,420112,东西湖区,43000600,湖北省寄递事业部,43001800,武汉市寄递事业部,43006200,武汉市东西湖区寄递事业部,43004301,武汉市东西湖电商客户走马岭揽投部,43004301,武汉市东西湖电商客户走马岭揽投部,C1101972998580,武汉湘妹子科技发展有限公司,91100991984866,武汉湘妹子科技发展有限公司,1100183263241,武汉湘妹子科技发展有限公司(标快),商企类,其他,其他,普通,2024-01-11,03782412,闻敏,,,,,0,0,0,0.0001,0.0009433962,0.1
1647,420000,湖北省,420100,武汉市,420112,东西湖区,43000600,湖北省寄递事业部,43001800,武汉市寄递事业部,43006200,武汉市东西湖区寄递事业部,43004301,武汉市东西湖电商客户走马岭揽投部,43004301,武汉市东西湖电商客户走马岭揽投部,C1102028341361,武汉市东西湖区恩佑商贸商行（个体工商户）,91101055603956,武汉市东西湖区恩佑商贸商行-武汉部,1100201668106,武汉市东西湖区恩佑商贸商行(标快),商企类,生鲜特产,湖（河）鲜类,普通,2024-09-26,03856113,盛国太,,,,,0,0,0,0.0001,0.0009433962,0.1
1648,420000,湖北省,420100,武汉市,420113,汉南区,43000600,湖北省寄递事业部,43001800,武汉市寄递事业部,43000340,武汉市汉南区寄递事业部,43000324,武汉市汉南中心揽投部,43000324,武汉市汉南中心揽投部,C0000000790398,浙江吉利控股集团有限公司,91101049649230,浙江吉利控股集团有限公司-武汉仓,1100198853747,浙江吉利控股集团有限公司(特快),商企类,生鲜特产,其他类,普通,2024-08-29,03523608,郭峰,4003356186,马丽,04108662,罗婧,0.0001,0.0019811321,0.12,0.0017,0.0308093481,73.222
1649,420000,湖北省,420100,武汉市,420113,汉南区,43000600,湖北省寄递事业部,43001800,武汉市寄递事业部,43000340,武汉市汉南区寄递事业部,43000324,武汉市汉南中心揽投部,43000324,武汉市汉南中心揽投部,C1100404746827,武汉强民农产品专业合作社,91100361488844,武汉强民农产品专业合作社,1100054389764,武汉强民农产品专业合作社(特快专递),商企类,生鲜特产,蔬鲜类,白银,2020-06-10,01617232,张建,5022532611,胡汉生,01617232,张建,0.0137,0.1287735834,761.316,0,0,0
1650,420000,湖北省,420100,武汉市,420113,汉南区,43000600,湖北省寄递事业部,43001800,武汉市寄递事业部,43000340,武汉市汉南区寄递事业部,43000324,武汉市汉南中心揽投部,43000324,武汉市汉南中心揽投部,C1100404746827,武汉强民农产品专业合作社,91100361488844,武汉强民农产品专业合作社,1100054389764,武汉强民农产品专业合作社(特快专递),商企类,医药类,药品生产、医疗器械,白银,2020-06-10,01617232,张建,4003399408,张建,,,0,0,0,0.0397,0.276082275,1353.873
1651,420000,湖北省,420100,武汉市,420113,汉南区,43000600,湖北省寄递事业部,43001800,武汉市寄递事业部,43000340,武汉市汉南区寄递事业部,43000324,武汉市汉南中心揽投部,43000324,武汉市汉南中心揽投部,C1100423450077,武汉开沃汽车有限公司,91100381135722,武汉开沃汽车有限公司,1100060858841,武汉开沃汽车有限公司(特快专递),商企类,生产加工制造业,汽车,普通,2020-08-08,04290743,张孙兵,4006920625,李冲,03730664,王天晴,0.0007,0.0088679245,1.862,0.0013,0.0798654144,80.853
1652,420000,湖北省,420100,武汉市,420113,汉南区,43000600,湖北省寄递事业部,43001800,武汉市寄递事业部,43000340,武汉市汉南区寄递事业部,43000433,武汉市汉南纱帽直投揽投部,43000433,武汉市汉南纱帽直投揽投部,C0000000790398,浙江吉利控股集团有限公司,91101049649230,浙江吉利控股集团有限公司-武汉仓,1100198853747,浙江吉利控股集团有限公司(特快),商企类,生鲜特产,其他类,普通,2024-08-29,01611199,马丽,,,,,0,0,0,0.0001,0.0006576511,0.09
1653,420000,湖北省,420100,武汉市,420113,汉南区,43000600,湖北省寄递事业部,43001800,武汉市寄递事业部,43000340,武汉市汉南区寄递事业部,43000433,武汉市汉南纱帽直投揽投部,43000433,武汉市汉南纱帽直投揽投部,C0000007347405,一汽—大众汽车有限公司,91101062794731,一汽—大众汽车有限公司-武汉,1100204903538,一汽—大众汽车有限公司(特快专递),商企类,生产加工制造业,汽车,铂金,2024-11-06,03495878,李冲,5022352105,叶壮辉,04244428,叶壮辉,0.2532,6.1463791965,11190.339,0.0983,1.4435203983,3891.108
1655,420000,湖北省,420100,武汉市,420113,汉南区,43000600,湖北省寄递事业部,43001800,武汉市寄递事业部,43000340,武汉市汉南区寄递事业部,43000433,武汉市汉南纱帽直投揽投部,43000433,武汉市汉南纱帽直投揽投部,C1100399015616,湖北蔬品荟农牧发展有限公司,91100355396654,湖北蔬品荟农牧发展有限公司,1100052540244,湖北蔬品荟农牧发展有限公司(特快专递),商企类,生鲜特产,特产类,白银,2020-05-29,01617232,张建,4003399408,张建,,,0,0,0,0.0189,0.1217554348,606.375
1658,420000,湖北省,420100,武汉市,420113,汉南区,43000600,湖北省寄递事业部,43001800,武汉市寄递事业部,43000340,武汉市汉南区寄递事业部,43000433,武汉市汉南纱帽直投揽投部,43000433,武汉市汉南纱帽直投揽投部,C1101151589822,快宝(上海)网络技术有限公司,91101016932925,快宝(上海)网络技术有限公司-快宝上门取件武汉市,1100189814441,快宝(上海)网络技术有限公司(上海)网络技术有限公司(快宝上门取件武汉市),商企类,退换货（商企）,快宝退换货（商企）,普通,2024-04-10,"03916800,03881828","徐玉婷,申莉莉",,,03916800,徐玉婷,0.0001,0.0019811321,0.4,0,0,0
1659,420000,湖北省,420100,武汉市,420113,汉南区,43000600,湖北省寄递事业部,43001800,武汉市寄递事业部,43000340,武汉市汉南区寄递事业部,43000433,武汉市汉南纱帽直投揽投部,43000433,武汉市汉南纱帽直投揽投部,C1104124288584,武汉博俊汽车零部件有限公司,91101174320594,武汉博俊汽车零部件有限公司,1100242722191,武汉博俊汽车零部件有限公司(特快专递),商企类,其他,其他,,2026-01-26,01617232,张建,,,01617232,张建,0.0007,0.0402830189,33.128,0,0,0
1660,420000,湖北省,420100,武汉市,420114,蔡甸区,43000600,湖北省寄递事业部,43001800,武汉市寄递事业部,43010017,武汉市蔡甸区寄递事业部,43010007,武汉市蔡甸常福揽投部,43010007,武汉市蔡甸常福揽投部,C0000002109697,深圳市飞速创新技术股份有限公司,91100879611835,深圳市飞速创新技术股份有限公司,1100141565262,深圳市飞速创新技术股份有限公司(标准快递),商企类,IT通讯类,通讯运营商,普通,2023-01-03,03548788,叶明,,,,,0,0,0,0.0004,0.0113195431,22.338
1661,420000,湖北省,420100,武汉市,420114,蔡甸区,43000600,湖北省寄递事业部,43001800,武汉市寄递事业部,43010017,武汉市蔡甸区寄递事业部,43010007,武汉市蔡甸常福揽投部,43010007,武汉市蔡甸常福揽投部,C0000003935190,武汉华冶实业有限公司,90000005014987,武汉华冶实业有限公司,1030001174142,武汉华冶实业有限公司(标准快递),商企类,生产加工制造业,加工制造,普通,2015-11-23,03548788,叶明,,,,,0,0,0,0.0004,0.0078918124,0.4
1662,420000,湖北省,420100,武汉市,420114,蔡甸区,43000600,湖北省寄递事业部,43001800,武汉市寄递事业部,43010017,武汉市蔡甸区寄递事业部,43010007,武汉市蔡甸常福揽投部,43010007,武汉市蔡甸常福揽投部,C0000005236376,上药控股湖北有限公司,91100843366428,上药控股湖北有限公司,1100127930611,上药科园信海医药湖北有限公司(标准快递),商企类,医药类,药品生产、医疗器械,白银,2022-09-15,03548788,叶明,,,,,0,0,0,0.0024,0.1148121437,166.03
1663,420000,湖北省,420100,武汉市,420114,蔡甸区,43000600,湖北省寄递事业部,43001800,武汉市寄递事业部,43010017,武汉市蔡甸区寄递事业部,43010007,武汉市蔡甸常福揽投部,43010007,武汉市蔡甸常福揽投部,C0000007838163,家利物业管理（深圳）有限公司武汉分公司,90000009752283,家利物业管理（深圳）有限公司武汉分公司,1100188474767,家利物业管理（深圳）有限公司武汉分公司(标准快递),商企类,房产建筑,物业管理、商业中心,普通,2024-03-20,03548788,叶明,,,,,0,0,0,0.0237,0.2375683681,23.7
1664,420000,湖北省,420100,武汉市,420114,蔡甸区,43000600,湖北省寄递事业部,43001800,武汉市寄递事业部,43010017,武汉市蔡甸区寄递事业部,43010007,武汉市蔡甸常福揽投部,43010007,武汉市蔡甸常福揽投部,C0000009432895,武汉恒信富通物流有限公司,90000011598767,武汉恒信富通物流有限公司,1030001350351,武汉恒信富通物流有限公司(标准快递),商企类,生产加工制造业,汽车,普通,2018-06-28,04141466,胡敏,,,,,0,0,0,0.0003,0.0038620823,0.3
1665,420000,湖北省,420100,武汉市,420114,蔡甸区,43000600,湖北省寄递事业部,43001800,武汉市寄递事业部,43010017,武汉市蔡甸区寄递事业部,43010007,武汉市蔡甸常福揽投部,43010007,武汉市蔡甸常福揽投部,C0000009492093,广州博润体育科技有限公司,90000011669395,广州博润体育科技有限公司,1100218857362,广州博润体育科技有限公司(特快专递),商企类,传媒、娱乐、体育、旅游,娱乐、体育、休闲,白银,2025-05-24,03548788,叶明,,,,,0,0,0,0.1274,0.8351602951,376.64
1666,420000,湖北省,420100,武汉市,420114,蔡甸区,43000600,湖北省寄递事业部,43001800,武汉市寄递事业部,43010017,武汉市蔡甸区寄递事业部,43010007,武汉市蔡甸常福揽投部,43010007,武汉市蔡甸常福揽投部,C1100410883770,上药康德乐（湖北）医药有限公司,91100367912482,上药康德乐（湖北）医药有限公司,1100217811226,康德乐(特快专递),商企类,医药类,药品生产、医疗器械,普通,2025-05-07,03548788,叶明,,,,,0,0,0,0.0006,0.0291057556,96.56
1667,420000,湖北省,420100,武汉市,420114,蔡甸区,43000600,湖北省寄递事业部,43001800,武汉市寄递事业部,43010017,武汉市蔡甸区寄递事业部,43010007,武汉市蔡甸常福揽投部,43010007,武汉市蔡甸常福揽投部,C1100630908020,武汉聚鹏精密制造有限责任公司,91100585745264,武汉聚鹏精密制造有限责任公司,1100098882119,武汉聚鹏精密制造有限责任公司(标准快递),商企类,生产加工制造业,加工制造,普通,2021-10-20,03548788,叶明,,,,,0,0,0,0.0014,0.0131830366,24.75
1668,420000,湖北省,420100,武汉市,420114,蔡甸区,43000600,湖北省寄递事业部,43001800,武汉市寄递事业部,43010017,武汉市蔡甸区寄递事业部,43010007,武汉市蔡甸常福揽投部,43010007,武汉市蔡甸常福揽投部,C1100856819964,湖北恒畅材料技术集团有限公司,91100814591651,湖北恒畅材料技术集团有限公司,1100117749203,湖北恒畅材料技术集团有限公司(标准快递),商企类,生产加工制造业,加工制造,普通,2022-06-20,03222174,李必新,,,,,0,0,0,0.0013,0.0128479665,10.765
1669,420000,湖北省,420100,武汉市,420114,蔡甸区,43000600,湖北省寄递事业部,43001800,武汉市寄递事业部,43010017,武汉市蔡甸区寄递事业部,43010007,武汉市蔡甸常福揽投部,43010007,武汉市蔡甸常福揽投部,C1100865261741,武汉华滋东江汽车零部件有限公司,91100821996096,武汉华滋东江汽车零部件有限公司,1100121161509,武汉华滋东江汽车零部件有限公司(标准快递),商企类,生产加工制造业,加工制造,白银,2022-07-19,03548788,叶明,,,,,0,0,0,0.0053,0.088402702,74.257
1670,420000,湖北省,420100,武汉市,420114,蔡甸区,43000600,湖北省寄递事业部,43001800,武汉市寄递事业部,43010017,武汉市蔡甸区寄递事业部,43010007,武汉市蔡甸常福揽投部,43010007,武汉市蔡甸常福揽投部,C1100937516047,武汉宇轩飞速通信技术有限公司,91100878697670,武汉宇轩飞速通信技术有限公司,1100140127085,武汉宇轩飞速通信技术有限公司(标准快递),商企类,IT通讯类,通讯运营商,普通,2022-12-30,03548788,叶明,,,,,0,0,0,0.0019,0.0492675006,57.651
1672,420000,湖北省,420100,武汉市,420114,蔡甸区,43000600,湖北省寄递事业部,43001800,武汉市寄递事业部,43010017,武汉市蔡甸区寄递事业部,43010007,武汉市蔡甸常福揽投部,43010007,武汉市蔡甸常福揽投部,C1101080058846,湖北人民车城商业管理有限公司,91100916927332,湖北人民车城商业管理有限公司,1100151830853,湖北人民车城商业管理有限公司(标准快递),商企类,房产建筑,物业管理、商业中心,普通,2023-04-23,03548788,叶明,,,,,0,0,0,0.0004,0.0032075472,0.4
1673,420000,湖北省,420100,武汉市,420114,蔡甸区,43000600,湖北省寄递事业部,43001800,武汉市寄递事业部,43010017,武汉市蔡甸区寄递事业部,43010007,武汉市蔡甸常福揽投部,43010007,武汉市蔡甸常福揽投部,C1101560148849,湖北恒畅材料科技有限公司,91101059331318,湖北恒畅材料科技有限公司-寄递部,1100203443312,湖北恒畅材料科技有限公司(特快专递),商企类,生产加工制造业,加工制造,普通,2024-10-18,03548788,叶明,,,,,0,0,0,0.0001,0.0006603774,0.1
1674,420000,湖北省,420100,武汉市,420114,蔡甸区,43000600,湖北省寄递事业部,43001800,武汉市寄递事业部,43010017,武汉市蔡甸区寄递事业部,43010007,武汉市蔡甸常福揽投部,43010007,武汉市蔡甸常福揽投部,C1102103345112,湖北千华药业有限公司,91101051919200,湖北千华药业有限公司-蔡甸寄递事业部,1100199977857,湖北千华药业有限公司(特快专递),商企类,医药类,药品销售,普通,2024-09-05,03548788,叶明,,,,,0,0,0,0.0006,0.0068450756,0.6
1675,420000,湖北省,420100,武汉市,420114,蔡甸区,43000600,湖北省寄递事业部,43001800,武汉市寄递事业部,43010017,武汉市蔡甸区寄递事业部,43010007,武汉市蔡甸常福揽投部,43010007,武汉市蔡甸常福揽投部,C1102266435662,武汉东江菲特科技股份有限公司,91101099691636,武汉东江菲特科技股份有限公司,1100217136866,武汉东江菲特科技股份有限公司(特快专递),商企类,生产加工制造业,加工制造,普通,2025-04-22,03548788,叶明,,,,,0,0,0,0.0013,0.0121802148,1.3
1676,420000,湖北省,420100,武汉市,420114,蔡甸区,43000600,湖北省寄递事业部,43001800,武汉市寄递事业部,43010017,武汉市蔡甸区寄递事业部,43010010,武汉市蔡甸行业客户揽投部,43010010,武汉市蔡甸行业客户揽投部,C1100932206284,武汉厨之道食品有限公司,91100876833388,武汉厨之道食品有限公司,1100152227540,武汉厨之道食品有限公司(电商标快),商企类,生鲜特产,特产类,普通,2023-04-27,03782443,张迁,4012424272,徐正万,03782443,张迁,0.1008,0.5216037632,3309,0.034,0.1577343835,1060
1677,420000,湖北省,420100,武汉市,420114,蔡甸区,43000600,湖北省寄递事业部,43001800,武汉市寄递事业部,43010017,武汉市蔡甸区寄递事业部,43010010,武汉市蔡甸行业客户揽投部,43010010,武汉市蔡甸行业客户揽投部,C1101421642787,武汉泓月精密机械有限公司,91101004720882,武汉泓月精密机械有限公司,1100186215588,武汉泓月精密机械有限公司(标快),商企类,生鲜特产,其他类,铂金,2024-02-26,03670704,万伟,,,,,0,0,0,0.5161,2.7094985181,14615.05
1678,420000,湖北省,420100,武汉市,420114,蔡甸区,43000600,湖北省寄递事业部,43001800,武汉市寄递事业部,43010017,武汉市蔡甸区寄递事业部,43010010,武汉市蔡甸行业客户揽投部,43010010,武汉市蔡甸行业客户揽投部,C1101421642787,武汉泓月精密机械有限公司,91101004720882,武汉泓月精密机械有限公司,1100186215588,武汉泓月精密机械有限公司(标快),商企类,医药类,药品生产、医疗器械,铂金,2024-02-26,03670704,万伟,,,03670704,万伟,0.9868,3.85264150460001,16386.908,0,0,0
1679,420000,湖北省,420100,武汉市,420114,蔡甸区,43000600,湖北省寄递事业部,43001800,武汉市寄递事业部,43010017,武汉市蔡甸区寄递事业部,43010010,武汉市蔡甸行业客户揽投部,43010010,武汉市蔡甸行业客户揽投部,C1102080900214,安徽洗百年洗涤服务有限公司,91101065003300,洗百年洗涤服务-寄递部,1100205809129,洗百年洗涤服务(电商标快),商企类,商业服务类,专业服务、咨询（财会、法律、人力资源等）,普通,2024-11-18,03548788,叶明,,,,,0,0,0,0.0046,0.0656336488,459.476
1680,420000,湖北省,420100,武汉市,420114,蔡甸区,43000600,湖北省寄递事业部,43001800,武汉市寄递事业部,43010017,武汉市蔡甸区寄递事业部,43010018,武汉市蔡甸高福大街揽投部,43010018,武汉市蔡甸高福大街揽投部,C0000001994092,湖北中邮物流有限责任公司,91100986812589,湖北中邮物流有限责任公司-武汉市移动小件业务（政企客户部）,1100180717264,湖北中邮物流有限责任公司(武汉市移动小件业务（政企客户部）),商企类,IT通讯类,通讯运营商,普通,2023-12-22,04196911,李萌,,,,,0,0,0,0.0012,0.0100946253,2.59
1683,420000,湖北省,420100,武汉市,420114,蔡甸区,43000600,湖北省寄递事业部,43001800,武汉市寄递事业部,43010017,武汉市蔡甸区寄递事业部,43010018,武汉市蔡甸高福大街揽投部,43010018,武汉市蔡甸高福大街揽投部,C0000009448904,武汉骏嘉科技有限公司,90000011618467,武汉骏嘉科技有限公司,1100245164992,骏嘉科技(武汉骏嘉科技有限公司（特快专递）),商企类,生产加工制造业,加工制造,,2026-04-15,03873607,盛志银,,,03873607,盛志银,0.0002,0.0021132075,1.954,0,0,0
1684,420000,湖北省,420100,武汉市,420114,蔡甸区,43000600,湖北省寄递事业部,43001800,武汉市寄递事业部,43010017,武汉市蔡甸区寄递事业部,43010018,武汉市蔡甸高福大街揽投部,43010018,武汉市蔡甸高福大街揽投部,C1100388172551,上海蒲菊软件科技有限公司,91101029865283,上海蒲菊软件科技有限公司-湖北,1100193357921,上海蒲菊软件科技有限公司(特快),商企类,房产建筑,物业管理、商业中心,普通,2024-06-06,03293746,罗姝,,,03293746,罗姝,0.0001,0.0005660377,0.06,0,0,0
1687,420000,湖北省,420100,武汉市,420114,蔡甸区,43000600,湖北省寄递事业部,43001800,武汉市寄递事业部,43010017,武汉市蔡甸区寄递事业部,43010018,武汉市蔡甸高福大街揽投部,43010018,武汉市蔡甸高福大街揽投部,C1101151589822,快宝(上海)网络技术有限公司,91101016932925,快宝(上海)网络技术有限公司-快宝上门取件武汉市,1100189814441,快宝(上海)网络技术有限公司(上海)网络技术有限公司(快宝上门取件武汉市),商企类,退换货（商企）,快宝退换货（商企）,普通,2024-04-10,"03916800,03881828","徐玉婷,申莉莉",,,03916800,徐玉婷,0.0001,0.0011320755,0.11,0,0,0
1688,420000,湖北省,420100,武汉市,420114,蔡甸区,43000600,湖北省寄递事业部,43001800,武汉市寄递事业部,43010017,武汉市蔡甸区寄递事业部,43010018,武汉市蔡甸高福大街揽投部,43010018,武汉市蔡甸高福大街揽投部,C1103743629264,中资环电器电子循环利用（深圳）有限公司,91101095761427,中资环电器电子循环利用（深圳）有限公司,1100216100068,中资环电器电子循环利用（深圳）有限公司(湖北),商企类,贸易、消费品、调换货,零售、批发,普通,2025-04-01,01650112,申邦艳,4003478967,申邦艳,01650112,申邦艳,0.0001,0.0011320755,0.465,0,0,0
1691,420000,湖北省,420100,武汉市,420114,蔡甸区,43000600,湖北省寄递事业部,43001800,武汉市寄递事业部,43010017,武汉市蔡甸区寄递事业部,43016500,武汉市蔡甸直投揽投部,43016500,武汉市蔡甸直投揽投部,C0000003935190,武汉华冶实业有限公司,90000005014987,武汉华冶实业有限公司,1030001174142,武汉华冶实业有限公司(标准快递),商企类,生产加工制造业,加工制造,普通,2015-11-23,03548788,叶明,,,03548788,叶明,0.0001,0.0019811321,0.1,0,0,0
1692,420000,湖北省,420100,武汉市,420114,蔡甸区,43000600,湖北省寄递事业部,43001800,武汉市寄递事业部,43010017,武汉市蔡甸区寄递事业部,43016500,武汉市蔡甸直投揽投部,43016500,武汉市蔡甸直投揽投部,C0000005236376,上药控股湖北有限公司,91100843366428,上药控股湖北有限公司,1100127930611,上药控股湖北有限公司(标准快递),商企类,医药类,药品生产、医疗器械,白银,2022-09-15,03548788,叶明,,,03548788,叶明,0.0021,0.0553773579,71.466,0,0,0
1693,420000,湖北省,420100,武汉市,420114,蔡甸区,43000600,湖北省寄递事业部,43001800,武汉市寄递事业部,43010017,武汉市蔡甸区寄递事业部,43016500,武汉市蔡甸直投揽投部,43016500,武汉市蔡甸直投揽投部,C1100388172551,上海蒲菊软件科技有限公司,91101029865283,上海蒲菊软件公司-湖北,1100193357921,上海蒲菊软件公司(特快),商企类,房产建筑,物业管理、商业中心,普通,2024-06-06,03293746,罗姝,,,,,0,0,0,0.0051,0.0694875787,3.06
1694,420000,湖北省,420100,武汉市,420114,蔡甸区,43000600,湖北省寄递事业部,43001800,武汉市寄递事业部,43010017,武汉市蔡甸区寄递事业部,43016500,武汉市蔡甸直投揽投部,43016500,武汉市蔡甸直投揽投部,C1100410883770,上药康德乐（湖北）医药有限公司,91100367912482,上药康德乐（湖北）医药有限公司,1100217811226,康德乐(特快专递),商企类,医药类,药品生产、医疗器械,普通,2025-05-07,03548788,叶明,,,03548788,叶明,0.0012,0.083490566,162.592,0,0,0
1695,420000,湖北省,420100,武汉市,420114,蔡甸区,43000600,湖北省寄递事业部,43001800,武汉市寄递事业部,43010017,武汉市蔡甸区寄递事业部,43016500,武汉市蔡甸直投揽投部,43016500,武汉市蔡甸直投揽投部,C1100630908020,武汉聚鹏精密制造有限责任公司,91100585745264,武汉聚鹏精密制造有限责任公司,1100098882119,武汉聚鹏精密制造有限责任公司(特快专递),商企类,生产加工制造业,加工制造,普通,2021-10-20,03548788,叶明,,,03548788,叶明,0.0017,0.0224528299,10.371,0,0,0
1696,420000,湖北省,420100,武汉市,420114,蔡甸区,43000600,湖北省寄递事业部,43001800,武汉市寄递事业部,43010017,武汉市蔡甸区寄递事业部,43016500,武汉市蔡甸直投揽投部,43016500,武汉市蔡甸直投揽投部,C1100856819964,湖北恒畅材料技术集团有限公司,91100814591651,湖北恒畅材料技术集团有限公司,1100117749203,湖北恒畅材料技术集团有限公司(标准快递),商企类,生产加工制造业,加工制造,普通,2022-06-20,03222174,李必新,,,03222174,李必新,0.0009,0.008981132,1.517,0,0,0
1697,420000,湖北省,420100,武汉市,420114,蔡甸区,43000600,湖北省寄递事业部,43001800,武汉市寄递事业部,43010017,武汉市蔡甸区寄递事业部,43016500,武汉市蔡甸直投揽投部,43016500,武汉市蔡甸直投揽投部,C1100865261741,武汉华滋东江汽车零部件有限公司,91100821996096,武汉华滋东江汽车零部件有限公司,1100121161509,武汉华滋东江汽车零部件有限公司(特快专递),商企类,生产加工制造业,加工制造,白银,2022-07-19,03548788,叶明,,,03548788,叶明,0.0046,0.0475849057,23.194,0,0,0
1698,420000,湖北省,420100,武汉市,420114,蔡甸区,43000600,湖北省寄递事业部,43001800,武汉市寄递事业部,43010017,武汉市蔡甸区寄递事业部,43016500,武汉市蔡甸直投揽投部,43016500,武汉市蔡甸直投揽投部,C1100954956167,国药控股武汉江北有限公司,91100891089513,国药控股武汉江北有限公司,1100145227698,国药控股武汉江北有限公司(特快专递),商企类,医药类,药品销售,普通,2023-02-03,03670704,万伟,,,03670704,万伟,0.0081,0.0898113219,4.94,0.0036,0.0401348112,2.16
1701,420000,湖北省,420100,武汉市,420114,蔡甸区,43000600,湖北省寄递事业部,43001800,武汉市寄递事业部,43010017,武汉市蔡甸区寄递事业部,43016500,武汉市蔡甸直投揽投部,43016500,武汉市蔡甸直投揽投部,C1101080058846,湖北人民车城商业管理有限公司,91100916927332,湖北人民车城商业管理有限公司,1100151830853,湖北人民车城商业管理有限公司(标准快递),商企类,房产建筑,物业管理、商业中心,普通,2023-04-23,03548788,叶明,,,03548788,叶明,0.0002,0.0016037736,0.2,0,0,0
1702,420000,湖北省,420100,武汉市,420114,蔡甸区,43000600,湖北省寄递事业部,43001800,武汉市寄递事业部,43010017,武汉市蔡甸区寄递事业部,43016500,武汉市蔡甸直投揽投部,43016500,武汉市蔡甸直投揽投部,C1101304569785,武汉市盒范传媒有限公司,91100948121243,武汉市盒范传媒有限公司,1100167935069,武汉市盒范传媒有限公司(标准快递),商企类,医药类,药品生产、医疗器械,白银,2023-08-17,03670704,万伟,,,03670704,万伟,0.051,0.4971320625,2920.86,0,0,0
1703,420000,湖北省,420100,武汉市,420114,蔡甸区,43000600,湖北省寄递事业部,43001800,武汉市寄递事业部,43010017,武汉市蔡甸区寄递事业部,43016500,武汉市蔡甸直投揽投部,43016500,武汉市蔡甸直投揽投部,C1101434674573,中国工商银行股份有限公司武汉蔡甸支行,91101026203062,中国工商银行股份有限公司武汉蔡甸支行,1100192220840,工商银行武汉蔡甸支行(特快专递),商企类,金融类,票据、凭证包,普通,2024-05-17,03222174,李必新,4003356186,马丽,03222174,李必新,0.0491,0.463207534200001,34.32,0,0,0
1704,420000,湖北省,420100,武汉市,420114,蔡甸区,43000600,湖北省寄递事业部,43001800,武汉市寄递事业部,43010017,武汉市蔡甸区寄递事业部,43016500,武汉市蔡甸直投揽投部,43016500,武汉市蔡甸直投揽投部,C1102920869974,武汉益齐盈二手车交易有限责任公司,91101159786087,武汉益齐盈二手车交易有限责任公司,1100236435375,武汉益齐盈二手车交易有限责任公司(递专快特),商企类,交通运输、物流仓储,其他,,2025-11-21,03548788,叶明,,,03548788,叶明,0.0002,0.0024528302,0.2,0,0,0
1705,420000,湖北省,420100,武汉市,420114,蔡甸区,43000600,湖北省寄递事业部,43001800,武汉市寄递事业部,43010017,武汉市蔡甸区寄递事业部,43016500,武汉市蔡甸直投揽投部,43016500,武汉市蔡甸直投揽投部,P0000001904789,王成刚,80000002232942,王成刚,1030001006078,王成刚(邮政公事寄递),商企类,其他,其他,白银,2015-11-23,19601021,寄递武汉市,4012140468,寄递武汉市,19601021,寄递武汉市,0.0008,0.0069811319,0.5,0.0009,0.0033962265,1.56
1706,420000,湖北省,420100,武汉市,420115,江夏区,43000600,湖北省寄递事业部,43001800,武汉市寄递事业部,43020017,武汉市江夏区寄递事业部,43000017,武汉市江夏天喻信息揽投部,43000017,武汉市江夏天喻信息揽投部,C0000000529488,武汉天喻信息产业股份有限公司,81100389532462,武汉天喻信息产业股份有限公司-武汉天喻信息产业股份有限公司（行政部）,1100062260907,武汉天喻信息产业股份有限公司(行政部),商企类,金融类,行政办公,白银,2020-08-17,03988545,孙韬,,,,,0,0,0,0.004,0.0383316611,2
1707,420000,湖北省,420100,武汉市,420115,江夏区,43000600,湖北省寄递事业部,43001800,武汉市寄递事业部,43020017,武汉市江夏区寄递事业部,43000017,武汉市江夏天喻信息揽投部,43000017,武汉市江夏天喻信息揽投部,C0000000529488,武汉天喻信息产业股份有限公司,90000000645500,武汉天喻信息产业股份有限公司,1100188874941,武汉天喻信息产业股份有限公司(本部),商企类,金融类,行政办公,白银,2024-03-25,03988545,孙韬,4009592533,孙韬,03988545,孙韬,0.0026,0.0286792459,21.28,0.0154,0.1455757522,16.96
1708,420000,湖北省,420100,武汉市,420115,江夏区,43000600,湖北省寄递事业部,43001800,武汉市寄递事业部,43020017,武汉市江夏区寄递事业部,43000017,武汉市江夏天喻信息揽投部,43000017,武汉市江夏天喻信息揽投部,C0000007353851,中国邮政储蓄银行股份有限公司,81100334529468,中国邮政储蓄银行股份有限公司-中国邮政储蓄银行股份有限公司（其他贷记卡）,1100048385325,中国邮政储蓄银行股份有限公司(中国邮政储蓄银行股份有限公司(其他贷记卡）),商企类,金融类,卡函寄递,普通,2020-04-24,03881826,扶萌萌,,,,,0,0,0,0.0076,0.0428436052,3.8
1712,420000,湖北省,420100,武汉市,420115,江夏区,43000600,湖北省寄递事业部,43001800,武汉市寄递事业部,43020017,武汉市江夏区寄递事业部,43020009,武汉市江夏庙山揽投部,43020009,武汉市江夏庙山揽投部,C0000000529040,武汉尔湾文化传播有限公司,91100939423530,武汉尔湾文化传播有限公司-（江夏）,1100162813519,武汉尔湾文化传播有限公司(电商标快),商企类,生鲜特产,特产类,铂金,2023-07-17,03592719,易康,,,03592719,易康,0.0752,0.52655662,554.32,0.2464,1.6584876926,1733.37
1713,420000,湖北省,420100,武汉市,420115,江夏区,43000600,湖北省寄递事业部,43001800,武汉市寄递事业部,43020017,武汉市江夏区寄递事业部,43020009,武汉市江夏庙山揽投部,43020009,武汉市江夏庙山揽投部,C0000000529488,武汉天喻信息产业股份有限公司,90000000645500,武汉天喻信息产业股份有限公司,1100188874941,武汉天喻信息产业股份有限公司(本部),商企类,金融类,行政办公,白银,2024-03-25,03988545,孙韬,4009592533,孙韬,03988545,孙韬,0.001,0.0051886791,1.1,0.0256,0.1935966485,148.63
1714,420000,湖北省,420100,武汉市,420115,江夏区,43000600,湖北省寄递事业部,43001800,武汉市寄递事业部,43020017,武汉市江夏区寄递事业部,43020009,武汉市江夏庙山揽投部,43020009,武汉市江夏庙山揽投部,C0000007432949,深圳市正昌时代电气工程有限公司,90000009286915,深圳市正昌时代电气工程有限公司,1100232084067,深圳市正昌时代电气工程有限公司(特快),商企类,能源、矿产、环保,电气、电力、煤气、水利,,2025-09-30,04051428,胡浩如,,,04051428,胡浩如,0.0003,0.0085283019,6.92,0,0,0
1715,420000,湖北省,420100,武汉市,420115,江夏区,43000600,湖北省寄递事业部,43001800,武汉市寄递事业部,43020017,武汉市江夏区寄递事业部,43020009,武汉市江夏庙山揽投部,43020009,武汉市江夏庙山揽投部,C0000008021630,上海浦东发展银行股份有限公司武汉分行,90000010913307,上海浦东发展银行股份有限公司武汉分行-上海浦东发展银行股份有限公司武汉东湖高新支行,1030002087539,上海浦东发展银行股份有限公司武汉分行(X软件园-上海浦发银行股份有限公司武汉东湖高新支行),商企类,金融类,票据、凭证包,白银,2017-11-22,03592719,易康,,,03592719,易康,0.0046,0.0583018865,60.35,0.0059,0.1150808811,229
1717,420000,湖北省,420100,武汉市,420115,江夏区,43000600,湖北省寄递事业部,43001800,武汉市寄递事业部,43020017,武汉市江夏区寄递事业部,43020009,武汉市江夏庙山揽投部,43020009,武汉市江夏庙山揽投部,C0000009273944,武汉长海高新技术有限公司,81100322496918,武汉长海高新技术有限公司-长海高新（新）,1100044880118,武汉长海高新技术有限公司(长海高新),商企类,生产加工制造业,汽车,普通,2020-04-01,03817312,樊海,4008564441,樊海,03817312,樊海,0.0001,0.0009433962,0.05,0.007,0.0963568453,13.3
1718,420000,湖北省,420100,武汉市,420115,江夏区,43000600,湖北省寄递事业部,43001800,武汉市寄递事业部,43020017,武汉市江夏区寄递事业部,43020009,武汉市江夏庙山揽投部,43020009,武汉市江夏庙山揽投部,C1100053905789,武汉科林化工集团有限公司,91100055067364,武汉科林化工集团有限公司,1100245319725,武汉科林化工集团有限公司(航空专线),商企类,能源、矿产、环保,石油、石化、化工,,2026-04-23,03592719,易康,,,03592719,易康,0.0014,0.0114528298,2.64,0,0,0
1719,420000,湖北省,420100,武汉市,420115,江夏区,43000600,湖北省寄递事业部,43001800,武汉市寄递事业部,43020017,武汉市江夏区寄递事业部,43020009,武汉市江夏庙山揽投部,43020009,武汉市江夏庙山揽投部,C1100286987114,中国石化集团共享服务有限公司南京分公司,80000010677922,中国石化集团共享服务有限公司南京分公司,1030002265739,中国石化集团共享服务有限公司南京分公司(特快),商企类,能源、矿产、环保,石油、石化、化工,白银,2018-05-31,04171821,童航,4012404360,胡小勋,04171821,童航,0.0081,0.193207549,142.39,0.0166,0.281889394,111.79
1720,420000,湖北省,420100,武汉市,420115,江夏区,43000600,湖北省寄递事业部,43001800,武汉市寄递事业部,43020017,武汉市江夏区寄递事业部,43020009,武汉市江夏庙山揽投部,43020009,武汉市江夏庙山揽投部,C1100307050647,中国五环工程有限公司,91100263623060,中国五环工程有限公司,1100038613373,中国五环工程有限公司(特快),商企类,生鲜特产,特产类,白银,2019-10-29,04051428,胡浩如,,,04051428,胡浩如,0.0027,0.1156981127,133.41,0.0061,0.2319247808,221.763
1721,420000,湖北省,420100,武汉市,420115,江夏区,43000600,湖北省寄递事业部,43001800,武汉市寄递事业部,43020017,武汉市江夏区寄递事业部,43020009,武汉市江夏庙山揽投部,43020009,武汉市江夏庙山揽投部,C1100307050647,中国五环工程有限公司,91100929106087,中国五环工程有限公司-国际部,1100157460410,中国五环工程有限公司(国际部),商企类,生鲜特产,特产类,铂金,2023-06-09,03592719,易康,,,03592719,易康,0.0232,0.7241698091,616.51,0.0356,1.1428991698,1390.62
1722,420000,湖北省,420100,武汉市,420115,江夏区,43000600,湖北省寄递事业部,43001800,武汉市寄递事业部,43020017,武汉市江夏区寄递事业部,43020009,武汉市江夏庙山揽投部,43020009,武汉市江夏庙山揽投部,C1100474819151,中核武汉核电运行技术股份有限公司,80000002594167,中核武汉核电运行技术股份有限公司-核电运行技术股份,1030000842480,中核武汉核电运行技术股份有限公司(特快),商企类,生鲜特产,特产类,黄金,2015-12-04,04051428,胡浩如,,,04051428,胡浩如,0.0015,0.0540188684,21.22,0.0002,0.0035513414,0.2
1723,420000,湖北省,420100,武汉市,420115,江夏区,43000600,湖北省寄递事业部,43001800,武汉市寄递事业部,43020017,武汉市江夏区寄递事业部,43020009,武汉市江夏庙山揽投部,43020009,武汉市江夏庙山揽投部,C1100479336701,中国船舶集团有限公司第七一七研究所工会委员会,91100855743497,中国船舶集团有限公司第七一七研究所工会委员会-中国船舶集团有限公司第七一七研究所,1100132219213,中国船舶集团有限公司第七一七研究所工会委员会(特快),商企类,生鲜特产,特产类,普通,2022-10-21,03592719,易康,,,,,0,0,0,0.0012,0.0119682189,8.2
1724,420000,湖北省,420100,武汉市,420115,江夏区,43000600,湖北省寄递事业部,43001800,武汉市寄递事业部,43020017,武汉市江夏区寄递事业部,43020009,武汉市江夏庙山揽投部,43020009,武汉市江夏庙山揽投部,C1100479948834,武汉华中数控股份有限公司,80000002326340,武汉华中数控股份有限公司,1100031625133,武汉华中数控股份有限公司(特快),商企类,生鲜特产,特产类,白银,2019-08-01,03719707,廖苗,,,03719707,廖苗,0.0096,0.185495285,123.36,0.0167,0.2483503504,115.408
1725,420000,湖北省,420100,武汉市,420115,江夏区,43000600,湖北省寄递事业部,43001800,武汉市寄递事业部,43020017,武汉市江夏区寄递事业部,43020009,武汉市江夏庙山揽投部,43020009,武汉市江夏庙山揽投部,C1100482117465,湖北中基汽车销售服务有限公司,80000002251853,湖北中基汽车销售服务有限公司,1030002263917,湖北中基汽车销售服务有限公司(湖北中基汽车销售服务有限公司),商企类,生鲜特产,特产类,白银,2015-11-23,03817312,樊海,,,03817312,樊海,0.0052,0.0489811333,72.31,0.0055,0.0563958808,64.505
1726,420000,湖北省,420100,武汉市,420115,江夏区,43000600,湖北省寄递事业部,43001800,武汉市寄递事业部,43020017,武汉市江夏区寄递事业部,43020009,武汉市江夏庙山揽投部,43020009,武汉市江夏庙山揽投部,C1100482567396,武汉市豪迈电力自动化技术有限责任公司,81100318234542,武汉市豪迈电力自动化技术有限责任公司-豪迈电力,1100044585042,武汉市豪迈电力自动化技术有限责任公司(特快),商企类,代理类,内部承包（商企）,普通,2020-03-26,04171821,童航,4010343607,童航,04171821,童航,0.007,0.1231132089,10,0.0062,0.1073300155,8.89
1727,420000,湖北省,420100,武汉市,420115,江夏区,43000600,湖北省寄递事业部,43001800,武汉市寄递事业部,43020017,武汉市江夏区寄递事业部,43020009,武汉市江夏庙山揽投部,43020009,武汉市江夏庙山揽投部,C1100486534563,中石化江汉石油工程设计有限公司,91100446926586,中石化江汉石油工程设计有限公司,1100183476764,中石化石油工程公司(中石化江汉石油工程设计有限公司),商企类,生鲜特产,其他类,普通,2024-01-15,03719707,廖苗,4003356186,马丽,03719707,廖苗,0.0031,0.0478113211,15.3,0.0018,0.0319742077,11.15
1728,420000,湖北省,420100,武汉市,420115,江夏区,43000600,湖北省寄递事业部,43001800,武汉市寄递事业部,43020017,武汉市江夏区寄递事业部,43020009,武汉市江夏庙山揽投部,43020009,武汉市江夏庙山揽投部,C1100570100443,顺联房地产（武汉）开发有限公司,91100860621375,顺联房地产（武汉）开发有限公司,1100134155944,顺联房地产（武汉）开发有限公司(特快),商企类,房产建筑,房地产、建筑建材、工程,普通,2022-11-05,03592719,易康,,,,,0,0,0,0.0001,0.0009433962,0.1
1729,420000,湖北省,420100,武汉市,420115,江夏区,43000600,湖北省寄递事业部,43001800,武汉市寄递事业部,43020017,武汉市江夏区寄递事业部,43020009,武汉市江夏庙山揽投部,43020009,武汉市江夏庙山揽投部,C1100570100836,湖北天域工程建设有限公司,91101202731457,湖北天域工程建设有限公司,1100246207913,湖北天域工程建设有限公司(特快),商企类,房产建筑,物业管理、商业中心,,2026-06-03,03592719,易康,,,03592719,易康,0.0014,0.0186415098,6,0,0,0
1730,420000,湖北省,420100,武汉市,420115,江夏区,43000600,湖北省寄递事业部,43001800,武汉市寄递事业部,43020017,武汉市江夏区寄递事业部,43020009,武汉市江夏庙山揽投部,43020009,武汉市江夏庙山揽投部,C1100580488454,小米科技有限责任公司武汉分公司,80000002264116,小米科技有限责任公司武汉分公司-小米科技有限责任公司（手机）,1030000919755,小米科技有限责任公司武汉分公司(小米科技有限责任公司（手机）),商企类,IT通讯类,消费电子,白银,2015-11-23,03988545,孙韬,4009592533,孙韬,,,0,0,0,0.0007,0.0080704345,5.841
1731,420000,湖北省,420100,武汉市,420115,江夏区,43000600,湖北省寄递事业部,43001800,武汉市寄递事业部,43020017,武汉市江夏区寄递事业部,43020009,武汉市江夏庙山揽投部,43020009,武汉市江夏庙山揽投部,C1100580488454,小米科技有限责任公司武汉分公司,80000002270843,小米科技有限责任公司武汉分公司-小米科技有限责任公司（配件）,1030001843134,小米科技有限责任公司武汉分公司(小米科技有限责任公司（配件）),商企类,IT通讯类,消费电子,钻石,2015-11-23,03988545,孙韬,4003356186,马丽,03988545,孙韬,3.1368,13.1577844634,52376.096,2.7535,12.4835812783,32875.052
1732,420000,湖北省,420100,武汉市,420115,江夏区,43000600,湖北省寄递事业部,43001800,武汉市寄递事业部,43020017,武汉市江夏区寄递事业部,43020009,武汉市江夏庙山揽投部,43020009,武汉市江夏庙山揽投部,C1100709156820,湖北范琦珠宝品牌管理有限公司,91100659824028,湖北范琦珠宝品牌管理有限公司,1100113051463,湖北范琦珠宝品牌管理有限公司(特快),商企类,生鲜特产,特产类,普通,2022-05-07,03592719,易康,,,03592719,易康,0.0001,0.0009433962,0.05,0.0023,0.0357762166,9.1
1733,420000,湖北省,420100,武汉市,420115,江夏区,43000600,湖北省寄递事业部,43001800,武汉市寄递事业部,43020017,武汉市江夏区寄递事业部,43020009,武汉市江夏庙山揽投部,43020009,武汉市江夏庙山揽投部,C1100712936459,中石化石油机械股份有限公司天然气技术服务分公司,80000002252472,中石化石油机械股份有限公司武汉江钻天然气分公司-（新）武汉江钻股份有限公司.,1030002278092,中石化石油机械股份有限公司天然气技术服务分公司(（新）武汉江钻股份有限公司.),商企类,能源、矿产、环保,石油、石化、化工,普通,2015-11-23,04171821,童航,4003356186,马丽,04171821,童航,0.0032,0.0551886797,7.38,0.0028,0.0378146956,3.21
1734,420000,湖北省,420100,武汉市,420115,江夏区,43000600,湖北省寄递事业部,43001800,武汉市寄递事业部,43020017,武汉市江夏区寄递事业部,43020009,武汉市江夏庙山揽投部,43020009,武汉市江夏庙山揽投部,C1100713349896,武汉中地数码科技有限公司,80000003126765,武汉中地数码科技有限公司-（新）武汉中地数码科技有限公司,1030000875284,武汉中地数码科技有限公司(特快),商企类,IT通讯类,消费电子,普通,2015-12-30,03817312,樊海,,,,,0,0,0,0.0009,0.0278507964,24.65
1735,420000,湖北省,420100,武汉市,420115,江夏区,43000600,湖北省寄递事业部,43001800,武汉市寄递事业部,43020017,武汉市江夏区寄递事业部,43020009,武汉市江夏庙山揽投部,43020009,武汉市江夏庙山揽投部,C1100713974182,武汉海创电子股份有限公司,80000002326610,海创电子-武汉海创电子有限公司,1100192955294,海创电子(航空专线),商企类,贸易、消费品、调换货,快速消费品（食品、饮料、烟酒、日化）,,2024-05-31,04171821,童航,4012404360,胡小勋,04171821,童航,0.1438,1.424132147,1203.594,0,0,0
1736,420000,湖北省,420100,武汉市,420115,江夏区,43000600,湖北省寄递事业部,43001800,武汉市寄递事业部,43020017,武汉市江夏区寄递事业部,43020009,武汉市江夏庙山揽投部,43020009,武汉市江夏庙山揽投部,C1100830294727,湖北省浙安检测技术股份有限公司,81100053984584,湖北省浙安检测技术股份有限公司,1030002301482,湖北省浙安检测技术股份有限公司(浙安检测技术股份有限公司),商企类,生鲜特产,特产类,白银,2018-12-07,03719707,廖苗,,,03719707,廖苗,0.0333,0.3140188716,62.37,0.0332,0.3130361817,94.96
1738,420000,湖北省,420100,武汉市,420115,江夏区,43000600,湖北省寄递事业部,43001800,武汉市寄递事业部,43020017,武汉市江夏区寄递事业部,43020009,武汉市江夏庙山揽投部,43020009,武汉市江夏庙山揽投部,C1101133751632,武汉星海踏浪商贸有限公司,91100930234722,武汉星海踏浪商贸有限公司,1100158046411,武汉星海踏浪商贸有限公司(电商标快),商企类,贸易、消费品、调换货,零售、批发,普通,2023-06-14,03817312,樊海,,,,,0,0,0,0.0001,0.0009433962,0.1
1739,420000,湖北省,420100,武汉市,420115,江夏区,43000600,湖北省寄递事业部,43001800,武汉市寄递事业部,43020017,武汉市江夏区寄递事业部,43020009,武汉市江夏庙山揽投部,43020009,武汉市江夏庙山揽投部,C1101133751632,武汉星海踏浪商贸有限公司,91100940796434,武汉星海踏浪商贸有限公司-（市场部）,1100163882730,武汉星海踏浪商贸有限公司(市场部),商企类,生鲜特产,特产类,铂金,2023-07-24,03592719,易康,,,,,0,0,0,0.0638,1.5290022492,1882.973
1740,420000,湖北省,420100,武汉市,420115,江夏区,43000600,湖北省寄递事业部,43001800,武汉市寄递事业部,43020017,武汉市江夏区寄递事业部,43020009,武汉市江夏庙山揽投部,43020009,武汉市江夏庙山揽投部,C1101151589822,快宝(上海)网络技术有限公司,91101016932925,快宝(上海)网络技术有限公司-快宝上门取件武汉市,1100189814441,快宝(上海)网络技术有限公司(上海)网络技术有限公司(快宝上门取件武汉市),商企类,退换货（商企）,快宝退换货（商企）,普通,2024-04-10,"03916800,03881828","徐玉婷,申莉莉",,,03916800,徐玉婷,0.0001,0.0019811321,0.1,0,0,0
1741,420000,湖北省,420100,武汉市,420115,江夏区,43000600,湖北省寄递事业部,43001800,武汉市寄递事业部,43020017,武汉市江夏区寄递事业部,43020009,武汉市江夏庙山揽投部,43020009,武汉市江夏庙山揽投部,C1101436265100,武汉麻绳港物流有限公司,91101012325398,武汉麻绳港物流有限公司,1100188692017,武汉麻绳港物流有限公司,商企类,生鲜特产,特产类,普通,2024-03-22,03592719,易康,4007331891,易康,,,0,0,0,0.0001,0.0009433962,0.1
1742,420000,湖北省,420100,武汉市,420115,江夏区,43000600,湖北省寄递事业部,43001800,武汉市寄递事业部,43020017,武汉市江夏区寄递事业部,43020009,武汉市江夏庙山揽投部,43020009,武汉市江夏庙山揽投部,C1101498929453,武汉地大信息工程股份有限公司,91101100907066,武汉地大信息工程股份有限公司,1100217494155,武汉地大信息工程股份有限公司(特快),商企类,IT通讯类,互联网,普通,2025-04-29,04051428,胡浩如,,,,,0,0,0,0.0016,0.0304341004,1.35
1743,420000,湖北省,420100,武汉市,420115,江夏区,43000600,湖北省寄递事业部,43001800,武汉市寄递事业部,43020017,武汉市江夏区寄递事业部,43020009,武汉市江夏庙山揽投部,43020009,武汉市江夏庙山揽投部,C1101519971184,同步远方（武汉）科技有限公司,91100991259490,同步远方（武汉）科技有限公司,1100182982439,同步远方（武汉）科技有限公司(特快),商企类,生鲜特产,其他类,普通,2024-01-08,03719707,廖苗,4007975873,廖苗,,,0,0,0,0.0001,0.0009433962,0.1
1744,420000,湖北省,420100,武汉市,420115,江夏区,43000600,湖北省寄递事业部,43001800,武汉市寄递事业部,43020017,武汉市江夏区寄递事业部,43020009,武汉市江夏庙山揽投部,43020009,武汉市江夏庙山揽投部,C1101532114492,武汉楚鸿商贸有限公司,91101079998634,武汉楚鸿商贸有限公司,1100210748598,武汉楚鸿商贸有限公司(电商标快),商企类,贸易、消费品、调换货,零售、批发,白银,2025-01-08,03618916,朱聪,,,03618916,朱聪,0.0005,0.0022075472,6.713,-0.0159,0.0088933028,275.453
1745,420000,湖北省,420100,武汉市,420115,江夏区,43000600,湖北省寄递事业部,43001800,武汉市寄递事业部,43020017,武汉市江夏区寄递事业部,43020009,武汉市江夏庙山揽投部,43020009,武汉市江夏庙山揽投部,C1101693691894,武汉易制科技有限公司,91101014349622,武汉易制科技有限公司,1100189110653,武汉易制科技有限公司(特快),商企类,生鲜特产,特产类,普通,2024-03-29,04171821,童航,4010343607,童航,,,0,0,0,0.0004,0.0124765795,12.65
1746,420000,湖北省,420100,武汉市,420115,江夏区,43000600,湖北省寄递事业部,43001800,武汉市寄递事业部,43020017,武汉市江夏区寄递事业部,43020009,武汉市江夏庙山揽投部,43020009,武汉市江夏庙山揽投部,C1101782432605,武汉益元眼镜有限公司,91100956608578,武汉益元眼镜有限公司,1100171664221,武汉益元眼镜有限公司(电商标快),商企类,生鲜特产,特产类,黄金,2023-09-12,04171821,童航,,,04171821,童航,0.0507,0.6590660569,3108.38,0.0756,0.9451141768,4503.25
1747,420000,湖北省,420100,武汉市,420115,江夏区,43000600,湖北省寄递事业部,43001800,武汉市寄递事业部,43020017,武汉市江夏区寄递事业部,43020009,武汉市江夏庙山揽投部,43020009,武汉市江夏庙山揽投部,C1102020705211,武汉市硚口区至力园林机电商行,91101014091277,武汉市硚口区至力园林机电商行,1100189052816,武汉市硚口区至力园林机电商行,商企类,生鲜特产,特产类,普通,2024-03-28,03719707,廖苗,4007975873,廖苗,,,0,0,0,0.0001,0.0009433962,0.1
1748,420000,湖北省,420100,武汉市,420115,江夏区,43000600,湖北省寄递事业部,43001800,武汉市寄递事业部,43020017,武汉市江夏区寄递事业部,43020009,武汉市江夏庙山揽投部,43020009,武汉市江夏庙山揽投部,C1102044619727,元启智联(武汉)科技有限公司,91101028761850,元启智联(武汉)科技有限公司,1100192955306,武汉喻联科技有限公司(特快),商企类,IT通讯类,IT服务类,白银,2024-05-31,04171821,童航,4012404360,胡小勋,04171821,童航,0.0043,0.0865094342,26.41,0.0048,0.1049855461,79.59
1749,420000,湖北省,420100,武汉市,420115,江夏区,43000600,湖北省寄递事业部,43001800,武汉市寄递事业部,43020017,武汉市江夏区寄递事业部,43020009,武汉市江夏庙山揽投部,43020009,武汉市江夏庙山揽投部,C1102166820096,武汉超银科技有限公司,91101115219866,武汉超银科技有限公司,1100222027827,武汉超银科技有限公司(电商标快),商企类,生鲜特产,特产类,,2025-07-09,03817312,樊海,,,03817312,樊海,0.0001,0.0009433962,0.05,0,0,0
1750,420000,湖北省,420100,武汉市,420115,江夏区,43000600,湖北省寄递事业部,43001800,武汉市寄递事业部,43020017,武汉市江夏区寄递事业部,43020009,武汉市江夏庙山揽投部,43020009,武汉市江夏庙山揽投部,C1102538814698,上海浦东发展银行股份有限公司武汉东湖高新支行,91101174690460,上海浦东发展银行股份有限公司武汉东湖高新支行,1100242846121,上海浦东发展银行股份有限公司武汉东湖高新支行(特快),商企类,金融类,行政办公,,2026-01-28,04051428,胡浩如,,,04051428,胡浩如,0.0001,0.0009433962,0.3,0,0,0
1751,420000,湖北省,420100,武汉市,420115,江夏区,43000600,湖北省寄递事业部,43001800,武汉市寄递事业部,43020017,武汉市江夏区寄递事业部,43020009,武汉市江夏庙山揽投部,43020009,武汉市江夏庙山揽投部,C1103828100891,武汉七宝福来文化传播有限公司,91101194496770,武汉七宝福来文化传播有限公司,1100245165689,武汉七宝福来文化传播有限公司(特快),商企类,传媒、娱乐、体育、旅游,出版、影视、文化传播,,2026-04-15,04051428,胡浩如,,,04051428,胡浩如,0.0055,0.0738867943,5.3,0,0,0
1752,420000,湖北省,420100,武汉市,420115,江夏区,43000600,湖北省寄递事业部,43001800,武汉市寄递事业部,43020017,武汉市江夏区寄递事业部,43020009,武汉市江夏庙山揽投部,43020009,武汉市江夏庙山揽投部,P0000001904789,王成刚,80000002232942,王成刚,1030001006078,王成刚(邮政公事寄递),商企类,其他,其他,白银,2015-11-23,19601021,寄递武汉市,4012140468,寄递武汉市,19601021,寄递武汉市,0.0002,0.0023584906,1.41,0.0003,0.0011320755,0.25
1753,420000,湖北省,420100,武汉市,420115,江夏区,43000600,湖北省寄递事业部,43001800,武汉市寄递事业部,43020017,武汉市江夏区寄递事业部,43020009,武汉市江夏庙山揽投部,43020009,武汉市江夏庙山揽投部,P8101693327459,周葵花,81100452136902,周葵花,1100197213768,周葵花(特快),商企类,生产加工制造业,大型设备、机电设备、重工业,普通,2024-08-07,04171821,童航,4010343607,童航,04171821,童航,0.0006,0.0104716982,12.9,0.0012,0.0191701144,4.72
1754,420000,湖北省,420100,武汉市,420115,江夏区,43000600,湖北省寄递事业部,43001800,武汉市寄递事业部,43020017,武汉市江夏区寄递事业部,43020010,武汉市江夏藏龙岛揽投部,43020010,武汉市江夏藏龙岛揽投部,C0000000531683,武汉中元通信股份有限公司,81100255981169,中元-中原通信,1100037955753,中元(中原通信),商企类,IT通讯类,消费电子,普通,2019-10-08,"03736730,03719707,03748160","杨帆,廖苗,张琳",4007975873,廖苗,"03719707,03736730,03748160","廖苗,张琳,杨帆",0.0023,0.0372641511,2.7,0.0037,0.0534182097,5.14
1755,420000,湖北省,420100,武汉市,420115,江夏区,43000600,湖北省寄递事业部,43001800,武汉市寄递事业部,43020017,武汉市江夏区寄递事业部,43020010,武汉市江夏藏龙岛揽投部,43020010,武汉市江夏藏龙岛揽投部,C0000003372904,江西山水光电科技股份有限公司,91101195538138,江西山水光电科技股份有限公司-武汉分公司,1100245271171,江西山水光电科技股份有限公司(特快),商企类,IT通讯类,行政寄递,,2026-04-21,04143926,赵为徽,,,04143926,赵为徽,0.0015,0.0498113209,64.3,0,0,0
1756,420000,湖北省,420100,武汉市,420115,江夏区,43000600,湖北省寄递事业部,43001800,武汉市寄递事业部,43020017,武汉市江夏区寄递事业部,43020010,武汉市江夏藏龙岛揽投部,43020010,武汉市江夏藏龙岛揽投部,C0000003490578,武汉虹信技术服务有限责任公司,91101052211420,武汉虹信技术服务有限责任公司-江夏,1100200097460,武汉虹信技术服务有限责任公司(特快),商企类,IT通讯类,IT服务类,普通,2024-09-06,04143926,赵为徽,,,04143926,赵为徽,0.0035,0.0505660388,7.2,0.0058,0.0858168957,27.05
1757,420000,湖北省,420100,武汉市,420115,江夏区,43000600,湖北省寄递事业部,43001800,武汉市寄递事业部,43020017,武汉市江夏区寄递事业部,43020010,武汉市江夏藏龙岛揽投部,43020010,武汉市江夏藏龙岛揽投部,C0000003916267,武汉楚光产业新发展有限公司,90000004991463,武汉楚光产业新发展有限公司,1030001417119,LX(联想移动通信软件（武汉）有限公司),商企类,IT通讯类,通讯运营商,普通,2015-11-23,03736730,杨帆,,,,,0,0,0,0.0006,0.0065052446,0.6
1758,420000,湖北省,420100,武汉市,420115,江夏区,43000600,湖北省寄递事业部,43001800,武汉市寄递事业部,43020017,武汉市江夏区寄递事业部,43020010,武汉市江夏藏龙岛揽投部,43020010,武汉市江夏藏龙岛揽投部,C0000003967432,施耐德电气（中国）有限公司武汉分公司,90000005057636,施耐德电气（中国）有限公司武汉分公司,1030001136511,施耐德电气（中国）有限公司武汉分公司(特快),商企类,传媒、娱乐、体育、旅游,行政寄递,黄金,2015-11-23,"03736730,03719707,03748160","杨帆,廖苗,张琳",4012404360,胡小勋,"03736730,03719707,03748160","杨帆,廖苗,张琳",0.0375,0.569933977,323.75,0.0389,0.8125239533,666.08
1759,420000,湖北省,420100,武汉市,420115,江夏区,43000600,湖北省寄递事业部,43001800,武汉市寄递事业部,43020017,武汉市江夏区寄递事业部,43020010,武汉市江夏藏龙岛揽投部,43020010,武汉市江夏藏龙岛揽投部,C0000004465920,元镁科技股份有限公司,91100902387180,元镁科技股份有限公司-元镁科技股份有限公司（武汉）,1100147903039,元镁科技股份有限公司(元镁科技股份有限公司(中邮保险人核件)),商企类,保险类,寿险保单配送,白银,2023-03-02,03736730,杨帆,,,,,0,0,0,0.0059,0.0632602563,60.49
1760,420000,湖北省,420100,武汉市,420115,江夏区,43000600,湖北省寄递事业部,43001800,武汉市寄递事业部,43020017,武汉市江夏区寄递事业部,43020010,武汉市江夏藏龙岛揽投部,43020010,武汉市江夏藏龙岛揽投部,C0000004698692,美加置业（武汉）有限公司,91100662593283,美加置业（武汉）有限公司-美加置业武汉有限公司,1100114885357,美加置业（武汉）有限公司(美加置业武汉有限公司),商企类,房产建筑,房地产、建筑建材、工程,普通,2022-05-26,03736730,杨帆,,,03736730,杨帆,0.0023,0.0242452828,2.3,0.0039,0.0421987179,3.9
1761,420000,湖北省,420100,武汉市,420115,江夏区,43000600,湖北省寄递事业部,43001800,武汉市寄递事业部,43020017,武汉市江夏区寄递事业部,43020010,武汉市江夏藏龙岛揽投部,43020010,武汉市江夏藏龙岛揽投部,C0000006493967,中石化四机石油机械有限公司,90000008856478,中石化四机石油-中石化石油工程机械有限公司,1030001506017,中石化四机石油(X金融港-QY中石化石油工程机械有限公司),商企类,能源、矿产、环保,石油、石化、化工,白银,2016-10-25,"03719707,03748160","廖苗,张琳",4003356186,马丽,"03719707,03748160","廖苗,张琳",0.005,0.0633962263,12,0.0089,0.1362521615,114.43
1762,420000,湖北省,420100,武汉市,420115,江夏区,43000600,湖北省寄递事业部,43001800,武汉市寄递事业部,43020017,武汉市江夏区寄递事业部,43020010,武汉市江夏藏龙岛揽投部,43020010,武汉市江夏藏龙岛揽投部,C0000007947771,深圳中电港技术股份有限公司,90000009884177,深圳中电港技术股份有限公司,1100189052805,深圳中电港技术股份有限公司(深圳中电港技术股份有限公司tk),商企类,生鲜特产,特产类,普通,2024-03-28,03736730,杨帆,4012404360,胡小勋,03736730,杨帆,0.0011,0.0162264155,3.4,0.0012,0.0155549336,5.05
1763,420000,湖北省,420100,武汉市,420115,江夏区,43000600,湖北省寄递事业部,43001800,武汉市寄递事业部,43020017,武汉市江夏区寄递事业部,43020010,武汉市江夏藏龙岛揽投部,43020010,武汉市江夏藏龙岛揽投部,C0000008901705,烽火科技集团有限公司,80000002267579,烽火科技集团有限公司-烽火（业务与终端）,1030001650017,烽火科技集团有限公司(烽火（业务与终端）),商企类,IT通讯类,通讯运营商,普通,2015-11-23,"03719707,03748160","廖苗,张琳",4007975873,廖苗,"03719707,03748160","廖苗,张琳",0.0029,0.050849057,6.3,0.0019,0.0327063354,2.5
1765,420000,湖北省,420100,武汉市,420115,江夏区,43000600,湖北省寄递事业部,43001800,武汉市寄递事业部,43020017,武汉市江夏区寄递事业部,43020010,武汉市江夏藏龙岛揽投部,43020010,武汉市江夏藏龙岛揽投部,C1100208970143,湖北祺美中检联检测有限公司,80000010165148,湖北祺美-湖北?美中检联检测有限公司,1030000902263,湖北祺美(湖北琪美中检联检测有限公司),商企类,检测类,其他,普通,2018-01-31,01610791,陈灏,,,01610791,陈灏,0.0027,0.0227924534,4.4,0.0063,0.0682418907,40.3
1766,420000,湖北省,420100,武汉市,420115,江夏区,43000600,湖北省寄递事业部,43001800,武汉市寄递事业部,43020017,武汉市江夏区寄递事业部,43020010,武汉市江夏藏龙岛揽投部,43020010,武汉市江夏藏龙岛揽投部,C1100208985778,湖北楚天传媒印务有限责任公司,91100209045574,湖北楚天传媒印务有限责任公司,1100030886759,楚天传媒(湖北楚天传媒印务有限责任公司),商企类,生鲜特产,特产类,普通,2019-06-24,"03719707,03748160","廖苗,张琳",4007975873,廖苗,"03719707,03748160","廖苗,张琳",0.0044,0.0728301901,24.6,0.0065,0.1158969026,53.95
1767,420000,湖北省,420100,武汉市,420115,江夏区,43000600,湖北省寄递事业部,43001800,武汉市寄递事业部,43020017,武汉市江夏区寄递事业部,43020010,武汉市江夏藏龙岛揽投部,43020010,武汉市江夏藏龙岛揽投部,C1100405911765,前锦网络信息技术（上海）有限公司武汉分公司,80000002262619,前锦网络信息技术（上海）有限公司武汉分公司-行政部,1030002361264,前锦网络信息技术（上海）有限公司武汉分公司(行政部),商企类,商业服务类,专业服务、咨询（财会、法律、人力资源等）,普通,2015-11-23,03736730,杨帆,,,,,0,0,0,0.0001,0.0009433962,0.1
1768,420000,湖北省,420100,武汉市,420115,江夏区,43000600,湖北省寄递事业部,43001800,武汉市寄递事业部,43020017,武汉市江夏区寄递事业部,43020010,武汉市江夏藏龙岛揽投部,43020010,武汉市江夏藏龙岛揽投部,C1100405911765,前锦网络信息技术（上海）有限公司武汉分公司,91100362724118,前锦网络信息技术（上海）有限公司武汉分公司,1100054821305,前锦网络信息技术（上海）有限公司武汉分公司(特快),商企类,IT通讯类,互联网,普通,2020-06-17,03110325,张喆,,,03110325,张喆,0.0033,0.0253773592,3.3,0.0026,0.031251817,35.85
1769,420000,湖北省,420100,武汉市,420115,江夏区,43000600,湖北省寄递事业部,43001800,武汉市寄递事业部,43020017,武汉市江夏区寄递事业部,43020010,武汉市江夏藏龙岛揽投部,43020010,武汉市江夏藏龙岛揽投部,C1100474741256,中冶南方都市环保工程技术股份有限公司,80000002600536,中冶南方都市环保工程技术股份有限公司-武汉都市环保工程技术股份有限公司,1100034236763,中冶南方都市环保工程技术股份有限公司(特快),商企类,生鲜特产,果鲜类,白银,2019-08-21,03736730,杨帆,,,03736730,杨帆,0.0317,0.5600565977,1221.1,0.0205,0.2463942966,49.7
1771,420000,湖北省,420100,武汉市,420115,江夏区,43000600,湖北省寄递事业部,43001800,武汉市寄递事业部,43020017,武汉市江夏区寄递事业部,43020010,武汉市江夏藏龙岛揽投部,43020010,武汉市江夏藏龙岛揽投部,C1100501841607,武汉船舶通信研究所,91100926568514,武汉船舶通信研究所-中国船舶中国集团公司第七二二研究所（科技管理部）,1100155981540,武汉船舶通信研究所(中国船舶中国集团公司第七二二研究所（科技管理部）),商企类,生鲜特产,特产类,白银,2023-05-30,04143926,赵为徽,,,04143926,赵为徽,0.0017,0.0431132078,14.2,0.0142,0.2064225349,22
1772,420000,湖北省,420100,武汉市,420115,江夏区,43000600,湖北省寄递事业部,43001800,武汉市寄递事业部,43020017,武汉市江夏区寄递事业部,43020010,武汉市江夏藏龙岛揽投部,43020010,武汉市江夏藏龙岛揽投部,C1100512106108,武汉净澜检测有限公司,91100472364198,武汉净澜检测有限公司,1100216008302,武汉净澜检测有限公司(特快),商企类,检测类,证书寄递,白银,2025-03-31,03736730,杨帆,,,,,0,0,0,0.0097,0.0844394498,46.25
1773,420000,湖北省,420100,武汉市,420115,江夏区,43000600,湖北省寄递事业部,43001800,武汉市寄递事业部,43020017,武汉市江夏区寄递事业部,43020010,武汉市江夏藏龙岛揽投部,43020010,武汉市江夏藏龙岛揽投部,C1100571846429,湖北吉清建设有限公司,91101045048970,湖北吉清建设有限公司,1100197632910,湖北吉清建设有限公司(特快),商企类,房产建筑,物业管理、商业中心,普通,2024-08-14,03736730,杨帆,4012404360,胡小勋,03736730,杨帆,0.0001,0.0008018868,0.1,0.0005,0.0039207894,0.5
1774,420000,湖北省,420100,武汉市,420115,江夏区,43000600,湖北省寄递事业部,43001800,武汉市寄递事业部,43020017,武汉市江夏区寄递事业部,43020010,武汉市江夏藏龙岛揽投部,43020010,武汉市江夏藏龙岛揽投部,C1100637353009,武汉山水睿远科技有限公司,91100591846511,武汉山水睿远科技有限公司,1100100054473,武汉山水睿远科技有限公司(特快),商企类,IT通讯类,互联网,普通,2021-11-04,03736730,杨帆,,,,,0,0,0,0.0015,0.066291224,92.35
1775,420000,湖北省,420100,武汉市,420115,江夏区,43000600,湖北省寄递事业部,43001800,武汉市寄递事业部,43020017,武汉市江夏区寄递事业部,43020010,武汉市江夏藏龙岛揽投部,43020010,武汉市江夏藏龙岛揽投部,C1100698313855,武汉市鼎辉房地产开发有限公司,91100649552902,武汉市鼎辉房地产开发有限公司,1100174168278,武汉市鼎辉房地产开发有限公司(特快),商企类,房产建筑,物业管理、商业中心,普通,2023-10-13,04143926,赵为徽,,,,,0,0,0,0.0171,0.246201138,17.1
1776,420000,湖北省,420100,武汉市,420115,江夏区,43000600,湖北省寄递事业部,43001800,武汉市寄递事业部,43020017,武汉市江夏区寄递事业部,43020010,武汉市江夏藏龙岛揽投部,43020010,武汉市江夏藏龙岛揽投部,C1100713670758,武汉迈力特通信有限公司,80000003129498,迈力特通信有限公司-（新）武汉迈力特通信有限公司,1030001766453,迈力特通信有限公司(（新）武汉迈力特通信有限公司),商企类,生产加工制造业,加工制造,普通,2015-12-30,03736730,杨帆,,,03736730,杨帆,0.0027,0.0419811324,7.62,0.0037,0.1209683657,94.525
1777,420000,湖北省,420100,武汉市,420115,江夏区,43000600,湖北省寄递事业部,43001800,武汉市寄递事业部,43020017,武汉市江夏区寄递事业部,43020010,武汉市江夏藏龙岛揽投部,43020010,武汉市江夏藏龙岛揽投部,C1100894015379,湖北光谷标准创新科技有限公司,91100847725094,湖北光谷标准创新科技有限公司,1100129723163,湖北光谷标准创新科技有限公司(特快),商企类,商业服务类,专业服务、咨询（财会、法律、人力资源等）,普通,2022-09-27,"03719707,03736730,03748160","廖苗,张琳,杨帆",4007975873,廖苗,"03736730,03719707,03748160","杨帆,廖苗,张琳",0.0013,0.0109433965,4.1,0.0017,0.0129773934,5.9
1779,420000,湖北省,420100,武汉市,420115,江夏区,43000600,湖北省寄递事业部,43001800,武汉市寄递事业部,43020017,武汉市江夏区寄递事业部,43020010,武汉市江夏藏龙岛揽投部,43020010,武汉市江夏藏龙岛揽投部,C1101151589822,快宝(上海)网络技术有限公司,91101016932925,快宝(上海)网络技术有限公司-快宝上门取件武汉市,1100189814441,快宝(上海)网络技术有限公司(上海)网络技术有限公司(快宝上门取件武汉市),商企类,退换货（商企）,快宝退换货（商企）,普通,2024-04-10,"03916800,03881828","徐玉婷,申莉莉",,,03916800,徐玉婷,0.0001,0.0016981132,3.8,0,0,0
1780,420000,湖北省,420100,武汉市,420115,江夏区,43000600,湖北省寄递事业部,43001800,武汉市寄递事业部,43020017,武汉市江夏区寄递事业部,43020010,武汉市江夏藏龙岛揽投部,43020010,武汉市江夏藏龙岛揽投部,C1101325340101,武汉健生源医药连锁有限公司,91101082559305,武汉健生源医药连锁有限公司,1100211698997,武汉健生源医药连锁有限公司(电商标快),商企类,医药类,药品销售,白银,2025-01-23,03736730,杨帆,,,,,0,0,0,0.0272,0.0781749775,59.68
1781,420000,湖北省,420100,武汉市,420115,江夏区,43000600,湖北省寄递事业部,43001800,武汉市寄递事业部,43020017,武汉市江夏区寄递事业部,43020010,武汉市江夏藏龙岛揽投部,43020010,武汉市江夏藏龙岛揽投部,C1101342628086,武汉国检检测技术有限公司,91101060142770,武汉国检检测技术有限公司,1100203712355,武汉国检检测技术有限公司(特快),商企类,检测类,其他,普通,2024-10-23,01610791,陈灏,,,01610791,陈灏,0.0068,0.1027924508,153.3,0.0068,0.1460689208,219.5
1782,420000,湖北省,420100,武汉市,420115,江夏区,43000600,湖北省寄递事业部,43001800,武汉市寄递事业部,43020017,武汉市江夏区寄递事业部,43020010,武汉市江夏藏龙岛揽投部,43020010,武汉市江夏藏龙岛揽投部,C1101349652079,武汉三相电气有限公司,91101098736411,武汉三相电气有限公司,1100216629547,武汉三相电气有限公司(特快),商企类,能源、矿产、环保,电气、电力、煤气、水利,普通,2025-04-14,04143926,赵为徽,,,04143926,赵为徽,0.0017,0.0284622639,34.55,0.0014,0.0242044406,15.2
1783,420000,湖北省,420100,武汉市,420115,江夏区,43000600,湖北省寄递事业部,43001800,武汉市寄递事业部,43020017,武汉市江夏区寄递事业部,43020010,武汉市江夏藏龙岛揽投部,43020010,武汉市江夏藏龙岛揽投部,C1101578404843,武汉力诚生物科技有限公司,91101112457463,武汉力诚生物科技有限公司,1100220891385,武汉力诚生物科技有限公司(电商标快),商企类,医药类,药品销售,普通,2025-06-26,03736730,杨帆,,,03736730,杨帆,0.0007,0.0033962263,3.3,0.0001,0.0009433962,0.1
1784,420000,湖北省,420100,武汉市,420115,江夏区,43000600,湖北省寄递事业部,43001800,武汉市寄递事业部,43020017,武汉市江夏区寄递事业部,43020010,武汉市江夏藏龙岛揽投部,43020010,武汉市江夏藏龙岛揽投部,C1101652963666,武汉中电通信有限责任公司,91101011286292,武汉中电通信有限责任公司,1100188271492,武汉中电通信有限责任公司(特快),商企类,生鲜特产,特产类,普通,2024-03-19,03719707,廖苗,4012404360,胡小勋,03719707,廖苗,0.0001,0.0010377358,0.6,0,0,0
1785,420000,湖北省,420100,武汉市,420115,江夏区,43000600,湖北省寄递事业部,43001800,武汉市寄递事业部,43020017,武汉市江夏区寄递事业部,43020010,武汉市江夏藏龙岛揽投部,43020010,武汉市江夏藏龙岛揽投部,C1101841436661,湖北古藤科技有限公司,91100963124119,湖北古藤科技有限公司,1100173741421,湖北古藤科技有限公司(快递包裹),商企类,贸易、消费品、调换货,快速消费品（食品、饮料、烟酒、日化）,普通,2023-10-08,03736730,杨帆,,,,,0,0,0,0.0001,0.0054491085,7.82
1786,420000,湖北省,420100,武汉市,420115,江夏区,43000600,湖北省寄递事业部,43001800,武汉市寄递事业部,43020017,武汉市江夏区寄递事业部,43020010,武汉市江夏藏龙岛揽投部,43020010,武汉市江夏藏龙岛揽投部,C1101958590458,中邮人寿保险股份有限公司,91100902387191,中邮人寿保险股份有限公司-湖北省武汉市分公司,1100147903040,中邮人寿保险股份有限公司(特快),商企类,保险类,寿险保单配送,钻石,2023-03-02,"03719707,03736730,03748160","廖苗,张琳,杨帆",4003356186,马丽,"03719707,03736730,03748160","廖苗,张琳,杨帆",0.5046,3.7181134258,1028.1,1.2013,10.0556561574,2406.65
1787,420000,湖北省,420100,武汉市,420115,江夏区,43000600,湖北省寄递事业部,43001800,武汉市寄递事业部,43020017,武汉市江夏区寄递事业部,43020010,武汉市江夏藏龙岛揽投部,43020010,武汉市江夏藏龙岛揽投部,C1101958590458,中邮人寿保险股份有限公司,91100987753360,中邮人寿保险股份有限公司,1100243806892,中邮人寿保险股份有限公司(-机构件),商企类,保险类,寿险保单配送,,2026-03-06,"03719707,03736730,03748160","廖苗,张琳,杨帆",4003356186,马丽,"03719707,03736730,03748160","廖苗,张琳,杨帆",0.0116,0.0916037776,52.55,0,0,0
1788,420000,湖北省,420100,武汉市,420115,江夏区,43000600,湖北省寄递事业部,43001800,武汉市寄递事业部,43020017,武汉市江夏区寄递事业部,43020010,武汉市江夏藏龙岛揽投部,43020010,武汉市江夏藏龙岛揽投部,C1101972238958,湖北江城实验室,91101132350995,江城实验室-江夏,1100230499773,江城实验室(特快),商企类,检测类,证书寄递,,2025-09-15,03719707,廖苗,,,03719707,廖苗,0.0001,0.0009433962,0.1,0,0,0
1789,420000,湖北省,420100,武汉市,420115,江夏区,43000600,湖北省寄递事业部,43001800,武汉市寄递事业部,43020017,武汉市江夏区寄递事业部,43020010,武汉市江夏藏龙岛揽投部,43020010,武汉市江夏藏龙岛揽投部,C1104210707946,励勤百业(湖北)商业管理有限公司,91101200905885,励勤百业(湖北)商业管理有限公司,1100245924390,励勤百业(湖北)商业管理有限公司(特快),商企类,商业服务类,专业服务、咨询（财会、法律、人力资源等）,,2026-05-22,03736730,杨帆,,,03736730,杨帆,0.0012,0.0095094342,1.7,0,0,0
1790,420000,湖北省,420100,武汉市,420115,江夏区,43000600,湖北省寄递事业部,43001800,武汉市寄递事业部,43020017,武汉市江夏区寄递事业部,43020010,武汉市江夏藏龙岛揽投部,43020010,武汉市江夏藏龙岛揽投部,P0000001904789,王成刚,80000002232942,王成刚,1030001006078,王成刚(邮政公事寄递),商企类,其他,其他,白银,2015-11-23,19601021,寄递武汉市,4012140468,寄递武汉市,19601021,寄递武汉市,0.0002,0.001509434,0.15,0.0001,0.0003773585,0.1
1791,420000,湖北省,420100,武汉市,420115,江夏区,43000600,湖北省寄递事业部,43001800,武汉市寄递事业部,43020017,武汉市江夏区寄递事业部,43020032,武汉市江夏兴新街揽投部,43020032,武汉市江夏兴新街揽投部,C0000000532831,武汉生物制品研究所有限责任公司,91100993411290,武汉生物制品研究所有限责任公司-武汉生物制品研究所有限责任公司jx,1100183545985,武汉生物制品研究所有限责任公司(特快),商企类,医药类,药品生产、医疗器械,白银,2024-01-18,04080109,舒钢,4010077454,舒钢,,,0,0,0,0.0172,0.3335545719,34.62
1792,420000,湖北省,420100,武汉市,420115,江夏区,43000600,湖北省寄递事业部,43001800,武汉市寄递事业部,43020017,武汉市江夏区寄递事业部,43020032,武汉市江夏兴新街揽投部,43020032,武汉市江夏兴新街揽投部,C0000001994092,湖北中邮物流有限责任公司,91101020890800,湖北中邮物流有限责任公司-武汉市移动小件业务（武汉移动市场部）,1100191077401,湖北中邮物流有限责任公司(武汉市移动小件业务（武汉移动市场部）),商企类,IT通讯类,通讯运营商,铂金,2024-04-29,03351577,罗君,,,,,0,0,0,0.0015,0.0124946253,1.45
1793,420000,湖北省,420100,武汉市,420115,江夏区,43000600,湖北省寄递事业部,43001800,武汉市寄递事业部,43020017,武汉市江夏区寄递事业部,43020032,武汉市江夏兴新街揽投部,43020032,武汉市江夏兴新街揽投部,C0000003961762,武汉锅炉股份有限公司,90000005048625,武汉锅炉股份有限公司,1030001241169,武汉锅炉股份有限公司(武汉锅炉股份有限公司),商企类,生产加工制造业,加工制造,普通,2015-11-23,03736730,杨帆,,,,,0,0,0,0.0031,0.0379511507,23.8
1794,420000,湖北省,420100,武汉市,420115,江夏区,43000600,湖北省寄递事业部,43001800,武汉市寄递事业部,43020017,武汉市江夏区寄递事业部,43020032,武汉市江夏兴新街揽投部,43020032,武汉市江夏兴新街揽投部,C0000005074893,华域视觉科技(武汉)有限公司,90000006625795,华域视觉科技(武汉)有限公司,1030001924257,华域视觉科技(武汉)有限公司(特快),商企类,生鲜特产,特产类,白银,2016-03-10,04080109,舒钢,,,,,0,0,0,0.003,0.1849139092,353.138
1798,420000,湖北省,420100,武汉市,420115,江夏区,43000600,湖北省寄递事业部,43001800,武汉市寄递事业部,43020017,武汉市江夏区寄递事业部,43020032,武汉市江夏兴新街揽投部,43020032,武汉市江夏兴新街揽投部,C1100099476625,中信银行股份有限公司武汉分行,91100100888401,中信银行股份有限公司武汉分行,1100089608890,中信银行股份有限公司武汉分行(中信银行股份有限公司武汉分行),商企类,金融类,卡函寄递,白银,2021-06-01,01610756,冯传家,,,,,0,0,0,0.0003,0.0016981131,0.3
1799,420000,湖北省,420100,武汉市,420115,江夏区,43000600,湖北省寄递事业部,43001800,武汉市寄递事业部,43020017,武汉市江夏区寄递事业部,43020032,武汉市江夏兴新街揽投部,43020032,武汉市江夏兴新街揽投部,C1100224846929,民族建设集团有限公司,91100221255481,民族建设集团有限公司,1100031251060,民族建设集团(有限公司),商企类,房产建筑,房地产、建筑建材、工程,普通,2019-07-10,04080109,舒钢,,,04080109,舒钢,0.0013,0.0159433964,1.3,0.0058,0.0737737567,6.5
1800,420000,湖北省,420100,武汉市,420115,江夏区,43000600,湖北省寄递事业部,43001800,武汉市寄递事业部,43020017,武汉市江夏区寄递事业部,43020032,武汉市江夏兴新街揽投部,43020032,武汉市江夏兴新街揽投部,C1100418845271,中国电信股份有限公司湖北财务共享服务中心,91100376289568,中国电信股份有限公司湖北财务共享服务中心,1100060469995,中国电信股份有限公司湖北财务共享服务中心(武汉电信会计凭证),商企类,IT通讯类,通讯运营商,白银,2020-08-04,04143834,万仲瑾,4012401312,吴涛,04143834,万仲瑾,0.0001,0.0009518868,0.3,0.0001,0.0009518868,0.3
1801,420000,湖北省,420100,武汉市,420115,江夏区,43000600,湖北省寄递事业部,43001800,武汉市寄递事业部,43020017,武汉市江夏区寄递事业部,43020032,武汉市江夏兴新街揽投部,43020032,武汉市江夏兴新街揽投部,C1100479336723,武汉雷神特种器材有限公司,91100899938390,武汉雷神特种器材有限公司-武汉雷神特种器材有限公司特快,1100147272151,武汉雷神特种器材有限公司(特快),商企类,生产加工制造业,加工制造,普通,2023-02-23,04080109,舒钢,,,04080109,舒钢,0.0019,0.0292452822,3.09,0.0021,0.0327180203,4.74
1802,420000,湖北省,420100,武汉市,420115,江夏区,43000600,湖北省寄递事业部,43001800,武汉市寄递事业部,43020017,武汉市江夏区寄递事业部,43020032,武汉市江夏兴新街揽投部,43020032,武汉市江夏兴新街揽投部,C1100483721041,湖北欣安医药有限公司,91100512926849,湖北欣安医药有限公司,1100210748565,湖北欣安医药有限公司(特快),商企类,医药类,药品销售,白银,2025-01-08,04080109,舒钢,,,04080109,舒钢,0.0041,0.0611886785,232.799,0.0085,0.1350479345,415.6
1803,420000,湖北省,420100,武汉市,420115,江夏区,43000600,湖北省寄递事业部,43001800,武汉市寄递事业部,43020017,武汉市江夏区寄递事业部,43020032,武汉市江夏兴新街揽投部,43020032,武汉市江夏兴新街揽投部,C1100488729022,东方电气(武汉)核设备有限公司,80000002215257,东方电气核设备公司-东方电气（武汉）核设备有限公司,1030001058233,东方电气核设备公司(东方电气（武汉）核设备有限公司),商企类,生鲜特产,特产类,白银,2015-11-23,04051431,关贺芳,,,04051431,关贺芳,0.0083,0.1431132085,23.06,0.011,0.2668986494,117.55
1804,420000,湖北省,420100,武汉市,420115,江夏区,43000600,湖北省寄递事业部,43001800,武汉市寄递事业部,43020017,武汉市江夏区寄递事业部,43020032,武汉市江夏兴新街揽投部,43020032,武汉市江夏兴新街揽投部,C1100488751027,上汽通用汽车有限公司武汉分公司,80000002334631,上汽通用-上海通用汽车有限公司武汉分公司,1030002324364,上汽通用(上海通用汽车有限公司武汉分公司),商企类,生鲜特产,特产类,普通,2015-11-23,04080109,舒钢,4003356186,马丽,04080109,舒钢,0.0035,0.04355849,10.12,0.0024,0.0386792286,16.22
1805,420000,湖北省,420100,武汉市,420115,江夏区,43000600,湖北省寄递事业部,43001800,武汉市寄递事业部,43020017,武汉市江夏区寄递事业部,43020032,武汉市江夏兴新街揽投部,43020032,武汉市江夏兴新街揽投部,C1100490185481,上海禹璨信息技术有限公司,91100974246048,上海禹璨-信息技术有限公司-yc,1100176360881,上海禹璨信息技术有限公司(上海禹璨(息技术有限公司(上海禹璨(信息技术有限公司))),商企类,生鲜特产,特产类,黄金,2023-11-06,01616444,周俭,4003393862,周俭,01616444,周俭,0.0344,0.3871132075,1091.755,0.0676,0.9565194886,3192.3
1806,420000,湖北省,420100,武汉市,420115,江夏区,43000600,湖北省寄递事业部,43001800,武汉市寄递事业部,43020017,武汉市江夏区寄递事业部,43020032,武汉市江夏兴新街揽投部,43020032,武汉市江夏兴新街揽投部,C1100566067563,力神电池(武汉)有限公司,91100524485730,力神电池(武汉)有限公司,1100087978113,武汉力神动力电池系统科技有限公司(特快),商企类,生鲜特产,特产类,普通,2021-04-29,04028778,李金林,,,04028778,李金林,0.0003,0.0059433963,0.3,0.004,0.0743301457,6.6
1807,420000,湖北省,420100,武汉市,420115,江夏区,43000600,湖北省寄递事业部,43001800,武汉市寄递事业部,43020017,武汉市江夏区寄递事业部,43020032,武汉市江夏兴新街揽投部,43020032,武汉市江夏兴新街揽投部,C1100572254681,武汉久久游科技有限公司,91100530292935,武汉久久游科技有限公司,1100187248305,武汉久久游科技有限公司(jx),商企类,IT通讯类,IT服务类,普通,2024-03-07,04051431,关贺芳,4009904271,关贺芳,,,0,0,0,0.0001,0.0009433962,0.1
1808,420000,湖北省,420100,武汉市,420115,江夏区,43000600,湖北省寄递事业部,43001800,武汉市寄递事业部,43020017,武汉市江夏区寄递事业部,43020032,武汉市江夏兴新街揽投部,43020032,武汉市江夏兴新街揽投部,C1100684936198,武汉科睿思人力资源服务有限公司,91100637390370,武汉科睿思人力资源服务有限公司,1100107975180,武汉科睿思人力资源有限公司(特快),商企类,商业服务类,专业服务、咨询（财会、法律、人力资源等）,普通,2022-02-23,03736729,何霞,,,,,0,0,0,0.0001,0.0009433962,0.1
1809,420000,湖北省,420100,武汉市,420115,江夏区,43000600,湖北省寄递事业部,43001800,武汉市寄递事业部,43020017,武汉市江夏区寄递事业部,43020032,武汉市江夏兴新街揽投部,43020032,武汉市江夏兴新街揽投部,C1100713268717,武汉宜化塑业有限公司,80000002219363,武汉宜化塑业有限公司-办公室,1030000908315,武汉宜化塑业有限公司(特快),商企类,生产加工制造业,加工制造,普通,2015-11-23,04080109,舒钢,,,04080109,舒钢,0.0021,0.0361320755,13.4,0.0043,0.0540891024,32.78
1810,420000,湖北省,420100,武汉市,420115,江夏区,43000600,湖北省寄递事业部,43001800,武汉市寄递事业部,43020017,武汉市江夏区寄递事业部,43020032,武汉市江夏兴新街揽投部,43020032,武汉市江夏兴新街揽投部,C1100830294211,武汉安利捷雷克萨斯汽车销售服务有限公司,80000002284242,武汉安利捷雷克萨斯汽车销售服务有限公司-e-知友书店（标准）,1030000834504,武汉安利捷雷克萨斯汽车销售服务有限公司(特快),商企类,生产加工制造业,汽车,普通,2015-11-23,04028778,李金林,,,04028778,李金林,0.0013,0.0157735853,1.7,0.0019,0.0229468932,12.9
1811,420000,湖北省,420100,武汉市,420115,江夏区,43000600,湖北省寄递事业部,43001800,武汉市寄递事业部,43020017,武汉市江夏区寄递事业部,43020032,武汉市江夏兴新街揽投部,43020032,武汉市江夏兴新街揽投部,C1100830294604,中国人民财产保险股份有限公司武汉市江夏支公司,80000002261113,中国人民财产保险股份有限公司武汉市江夏支公司,1030000862819,中国人民财产保险股份有限公司武汉市江夏支公司(特快),商企类,保险类,产险保单配送,普通,2015-11-23,04051431,关贺芳,,,,,0,0,0,0.0044,0.0415094328,4.4
1812,420000,湖北省,420100,武汉市,420115,江夏区,43000600,湖北省寄递事业部,43001800,武汉市寄递事业部,43020017,武汉市江夏区寄递事业部,43020032,武汉市江夏兴新街揽投部,43020032,武汉市江夏兴新街揽投部,C1100830295335,武汉市必达机电实业有限公司,80000003537480,武汉市必达机电实业有限公司,1030001720194,武汉市必达机电实业有限公司(武汉必达鑫科技有限公司),商企类,生产加工制造业,加工制造,普通,2016-04-20,04051431,关贺芳,,,,,0,0,0,0.0012,0.0222594769,61.8
1813,420000,湖北省,420100,武汉市,420115,江夏区,43000600,湖北省寄递事业部,43001800,武汉市寄递事业部,43020017,武汉市江夏区寄递事业部,43020032,武汉市江夏兴新街揽投部,43020032,武汉市江夏兴新街揽投部,C1100872872602,武汉诚成城商业管理有限公司,91101022519811,武汉诚成城商业管理有限公司-tk,1100191565470,武汉诚成城商业管理有限公司(tk),商企类,房产建筑,物业管理、商业中心,普通,2024-05-08,03736729,何霞,4008060509,何霞,,,0,0,0,0.0001,0.0009433962,0.1
1814,420000,湖北省,420100,武汉市,420115,江夏区,43000600,湖北省寄递事业部,43001800,武汉市寄递事业部,43020017,武汉市江夏区寄递事业部,43020032,武汉市江夏兴新街揽投部,43020032,武汉市江夏兴新街揽投部,C1100900789937,武汉鑫强物流有限公司,91100853573160,武汉鑫强物流有限公司,1100189721303,武汉鑫强物流有限公司(tk),商企类,交通运输、物流仓储,交通运输,普通,2024-04-07,04051431,关贺芳,4009904271,关贺芳,,,0,0,0,0.0001,0.0011274017,0.1
1815,420000,湖北省,420100,武汉市,420115,江夏区,43000600,湖北省寄递事业部,43001800,武汉市寄递事业部,43020017,武汉市江夏区寄递事业部,43020032,武汉市江夏兴新街揽投部,43020032,武汉市江夏兴新街揽投部,C1100944199783,武汉麦禾包装有限公司,91100881546565,武汉麦禾包装有限公司,1100142572014,武汉麦禾包装有限公司(特快),商企类,生鲜特产,特产类,白银,2023-01-11,04028778,李金林,,,,,0,0,0,0.0101,0.1546798099,400.9
1816,420000,湖北省,420100,武汉市,420115,江夏区,43000600,湖北省寄递事业部,43001800,武汉市寄递事业部,43020017,武汉市江夏区寄递事业部,43020032,武汉市江夏兴新街揽投部,43020032,武汉市江夏兴新街揽投部,C1100963446059,湖北咸宁贺胜桥汤业食品有限公司,91100896465235,湖北咸宁贺胜桥汤业食品有限公司,1100187861698,湖北咸宁贺胜桥汤业食品有限公司(电商标快),商企类,生鲜特产,特产类,普通,2024-03-14,03736729,何霞,4008060509,何霞,,,0,0,0,0.0001,0.0009433962,0.1
1819,420000,湖北省,420100,武汉市,420115,江夏区,43000600,湖北省寄递事业部,43001800,武汉市寄递事业部,43020017,武汉市江夏区寄递事业部,43020032,武汉市江夏兴新街揽投部,43020032,武汉市江夏兴新街揽投部,C1101151589822,快宝(上海)网络技术有限公司,91101016932925,快宝(上海)网络技术有限公司-快宝上门取件武汉市,1100189814441,快宝(上海)网络技术有限公司(上海)网络技术有限公司(快宝上门取件武汉市),商企类,退换货（商企）,快宝退换货（商企）,普通,2024-04-10,"03916800,03881828","徐玉婷,申莉莉",,,03916800,徐玉婷,0.0001,0.0011320755,0.03,0,0,0
1820,420000,湖北省,420100,武汉市,420115,江夏区,43000600,湖北省寄递事业部,43001800,武汉市寄递事业部,43020017,武汉市江夏区寄递事业部,43020032,武汉市江夏兴新街揽投部,43020032,武汉市江夏兴新街揽投部,C1101450384197,湖北先卓环保科技有限公司,91101017442449,湖北先卓环保科技有限公司,1100190040657,湖北先卓环保科技有限公司(特快),商企类,能源、矿产、环保,环保,普通,2024-04-12,04028778,李金林,4009803190,李金林,,,0,0,0,0.0003,0.0012871299,3.695
1821,420000,湖北省,420100,武汉市,420115,江夏区,43000600,湖北省寄递事业部,43001800,武汉市寄递事业部,43020017,武汉市江夏区寄递事业部,43020032,武汉市江夏兴新街揽投部,43020032,武汉市江夏兴新街揽投部,C1101492319764,格瑞拓动力股份有限公司,91101040938276,格瑞拓动力股份有限公司,1100196542076,格瑞拓动力股份有限公司(特快),商企类,生产加工制造业,大型设备、机电设备、重工业,普通,2024-07-27,04051431,关贺芳,,,04051431,关贺芳,0.0001,0.0009433962,0.1,0.0002,0.0139985719,13.94
1822,420000,湖北省,420100,武汉市,420115,江夏区,43000600,湖北省寄递事业部,43001800,武汉市寄递事业部,43020017,武汉市江夏区寄递事业部,43020032,武汉市江夏兴新街揽投部,43020032,武汉市江夏兴新街揽投部,C1101520300283,武汉鹏程天宇商贸有限责任公司,91101017442641,武汉鹏程天宇商贸有限责任公司,1100190041007,武汉鹏程天宇商贸有限责任公司,商企类,贸易、消费品、调换货,快速消费品（食品、饮料、烟酒、日化）,普通,2024-04-12,04028778,李金林,4009803190,李金林,,,0,0,0,0.0001,0.0009433962,0.1
1823,420000,湖北省,420100,武汉市,420115,江夏区,43000600,湖北省寄递事业部,43001800,武汉市寄递事业部,43020017,武汉市江夏区寄递事业部,43020032,武汉市江夏兴新街揽投部,43020032,武汉市江夏兴新街揽投部,C1101614223292,武汉富隆都置业有限公司,91101017442450,武汉富隆都置业有限公司,1100190040668,武汉富隆都置业有限公司(特快),商企类,房产建筑,物业管理、商业中心,普通,2024-04-12,04051431,关贺芳,4009904271,关贺芳,04051431,关贺芳,0.0001,0.0017830189,0.01,0.0013,0.0147441922,1.3
1824,420000,湖北省,420100,武汉市,420115,江夏区,43000600,湖北省寄递事业部,43001800,武汉市寄递事业部,43020017,武汉市江夏区寄递事业部,43020032,武汉市江夏兴新街揽投部,43020032,武汉市江夏兴新街揽投部,C1101667700380,湖北省众诚时代企业管理有限公司,91101112457519,湖北省众诚时代企业管理有限公司,1100220891475,湖北省众诚时代企业管理有限公司(特快),商企类,其他,其他,普通,2025-06-26,03736729,何霞,,,03736729,何霞,0.0001,0.0019811321,0.1,0,0,0
1825,420000,湖北省,420100,武汉市,420115,江夏区,43000600,湖北省寄递事业部,43001800,武汉市寄递事业部,43020017,武汉市江夏区寄递事业部,43020032,武汉市江夏兴新街揽投部,43020032,武汉市江夏兴新街揽投部,C1101726863601,武汉金国泰大药房连锁有限公司菩提苑店,91101076625683,武汉金国泰大药房连锁有限公司菩提苑店,1100208319757,武汉金国泰大药房连锁有限公司菩提苑店(电商标快),商企类,医药类,药品销售,白银,2024-12-20,04051431,关贺芳,,,,,0,0,0,0.0118,0.1315526741,889.908
1826,420000,湖北省,420100,武汉市,420115,江夏区,43000600,湖北省寄递事业部,43001800,武汉市寄递事业部,43020017,武汉市江夏区寄递事业部,43020032,武汉市江夏兴新街揽投部,43020032,武汉市江夏兴新街揽投部,C1102018362789,武汉唯伊情趣商贸有限公司,91101012605771,武汉唯伊情趣商贸有限公司,1100188701759,武汉唯伊情趣商贸有限公司,商企类,贸易、消费品、调换货,零售、批发,普通,2024-03-22,04051431,关贺芳,4009904271,关贺芳,,,0,0,0,0.0001,0.0009433962,0.1
1827,420000,湖北省,420100,武汉市,420115,江夏区,43000600,湖北省寄递事业部,43001800,武汉市寄递事业部,43020017,武汉市江夏区寄递事业部,43020032,武汉市江夏兴新街揽投部,43020032,武汉市江夏兴新街揽投部,P0000001904789,王成刚,80000002232942,王成刚,1030001006078,王成刚(邮政公事寄递),商企类,其他,其他,白银,2015-11-23,19601021,寄递武汉市,4012140468,寄递武汉市,19601021,寄递武汉市,0.0029,0.0669339623,75.906,0.0041,0.0327539384,40
1833,420000,湖北省,420100,武汉市,420115,江夏区,43000600,湖北省寄递事业部,43001800,武汉市寄递事业部,43020017,武汉市江夏区寄递事业部,43020037,武汉市江夏黄家湖揽投部,43020037,武汉市江夏黄家湖揽投部,C1101575561338,武汉优萌美臻贸易有限公司,91101163016437,武汉优萌美臻贸易有限公司,1100237944359,武汉优萌美臻贸易有限公司(电商标快),商企类,贸易、消费品、调换货,零售、批发,,2025-12-05,03873659,赵传超,,,03873659,赵传超,0.0001,0.0009433962,0.1,0,0,0
1836,420000,湖北省,420100,武汉市,420115,江夏区,43000600,湖北省寄递事业部,43001800,武汉市寄递事业部,43020017,武汉市江夏区寄递事业部,43020044,武汉市江夏汤逊湖揽投部,43020044,武汉市江夏汤逊湖揽投部,C1100485384701,武汉当代科技产业集团股份有限公司,91100445717471,武汉当代科技产业集团股份有限公司,1100203712322,武汉当代科技产业集团股份有限公司(特快),商企类,房产建筑,房地产、建筑建材、工程,白银,2024-10-23,03719707,廖苗,,,03719707,廖苗,0.0001,0.0009433962,0.06,0.0818,1.0265983921,81.8
1837,420000,湖北省,420100,武汉市,420115,江夏区,43000600,湖北省寄递事业部,43001800,武汉市寄递事业部,43020017,武汉市江夏区寄递事业部,43020044,武汉市江夏汤逊湖揽投部,43020044,武汉市江夏汤逊湖揽投部,C1100608544470,中国农业银行股份有限公司湖北自贸试验区武汉片区分行,91100867781100,中国农业银行股份有限公司湖北自贸试验区武汉片区分行,1100218090079,农行自贸试验区分行(特快),商企类,金融类,对账单寄递,普通,2025-05-12,01611344,王竸,,,,,0,0,0,0.0006,0.0068739396,0.6
1839,420000,湖北省,420100,武汉市,420115,江夏区,43000600,湖北省寄递事业部,43001800,武汉市寄递事业部,43020017,武汉市江夏区寄递事业部,43020044,武汉市江夏汤逊湖揽投部,43020044,武汉市江夏汤逊湖揽投部,C1101151589822,快宝(上海)网络技术有限公司,91101016932925,快宝(上海)网络技术有限公司-快宝上门取件武汉市,1100189814441,快宝(上海)网络技术有限公司(上海)网络技术有限公司(快宝上门取件武汉市),商企类,退换货（商企）,快宝退换货（商企）,普通,2024-04-10,"03916800,03881828","徐玉婷,申莉莉",,,03916800,徐玉婷,0.0007,0.011037736,3.88,0,0,0
1841,420000,湖北省,420100,武汉市,420115,江夏区,43000600,湖北省寄递事业部,43001800,武汉市寄递事业部,43020017,武汉市江夏区寄递事业部,43020044,武汉市江夏汤逊湖揽投部,43020044,武汉市江夏汤逊湖揽投部,C1103743629264,中资环电器电子循环利用（深圳）有限公司,91101095761427,中资环电器电子循环利用（深圳）有限公司,1100216100068,中资环电器电子循环利用（深圳）有限公司(湖北),商企类,贸易、消费品、调换货,零售、批发,普通,2025-04-01,,,,,,,0,0,0,0.0001,0.001315302,0.5
1844,420000,湖北省,420100,武汉市,420115,江夏区,43000600,湖北省寄递事业部,43001800,武汉市寄递事业部,43020017,武汉市江夏区寄递事业部,43020045,武汉市江夏豹澥揽投部,43020045,武汉市江夏豹澥揽投部,C1100437917306,国网电力科学研究院武汉南瑞有限责任公司,91100396341435,国网电力科学研究院武汉南瑞有限责任公司,1100214025815,国网电力科学研究院武汉南瑞有限责任公司(特快),商企类,能源、矿产、环保,电气、电力、煤气、水利,普通,2025-03-06,03842834,陈伟,4012404360,胡小勋,03842834,陈伟,0.0001,0.0009433962,0.1,0,0,0
1847,420000,湖北省,420100,武汉市,420115,江夏区,43000600,湖北省寄递事业部,43001800,武汉市寄递事业部,43020017,武汉市江夏区寄递事业部,43020045,武汉市江夏豹澥揽投部,43020045,武汉市江夏豹澥揽投部,C1101151589822,快宝(上海)网络技术有限公司,91101016932925,快宝(上海)网络技术有限公司-快宝上门取件武汉市,1100189814441,快宝(上海)网络技术有限公司(上海)网络技术有限公司(快宝上门取件武汉市),商企类,退换货（商企）,快宝退换货（商企）,普通,2024-04-10,"03916800,03881828","徐玉婷,申莉莉",,,03916800,徐玉婷,0.0001,0.0012264151,1.5,0,0,0
1848,420000,湖北省,420100,武汉市,420115,江夏区,43000600,湖北省寄递事业部,43001800,武汉市寄递事业部,43020017,武汉市江夏区寄递事业部,43020045,武汉市江夏豹澥揽投部,43020045,武汉市江夏豹澥揽投部,C1102592396176,北斗信息数据产业湖北有限公司,91101091962099,北斗信息数据产业湖北有限公司,1100214025804,北斗信息数据产业湖北有限公司(特快),商企类,生产加工制造业,加工制造,普通,2025-03-06,,,,,,,0,0,0,0.0014,0.0150382552,2.415
1849,420000,湖北省,420100,武汉市,420115,江夏区,43000600,湖北省寄递事业部,43001800,武汉市寄递事业部,43020017,武汉市江夏区寄递事业部,43029901,武汉市江夏流芳揽投部,43029901,武汉市江夏流芳揽投部,C0000000519645,中国石油化工集团有限公司,90000000633080,中国石油化工集团有限公司,1100173638617,中国石油化工集团有限公司(特快专递),商企类,能源、矿产、环保,石油、石化、化工,普通,2023-10-02,04171716,丁松,,,,,0,0,0,0.0015,0.0268697423,1.64
1850,420000,湖北省,420100,武汉市,420115,江夏区,43000600,湖北省寄递事业部,43001800,武汉市寄递事业部,43020017,武汉市江夏区寄递事业部,43029901,武汉市江夏流芳揽投部,43029901,武汉市江夏流芳揽投部,C0000001994092,湖北中邮物流有限责任公司,91100986812589,湖北中邮物流有限责任公司-武汉市移动小件业务（政企客户部）,1100180717264,湖北中邮物流有限责任公司(武汉市移动小件业务（政企客户部）),商企类,IT通讯类,通讯运营商,普通,2023-12-22,04196911,李萌,,,,,0,0,0,0.0002,0.0027884196,4.6
1851,420000,湖北省,420100,武汉市,420115,江夏区,43000600,湖北省寄递事业部,43001800,武汉市寄递事业部,43020017,武汉市江夏区寄递事业部,43029901,武汉市江夏流芳揽投部,43029901,武汉市江夏流芳揽投部,C0000003961762,武汉锅炉股份有限公司,90000005048625,武汉锅炉股份有限公司,1030001241169,武汉锅炉股份有限公司(特快),商企类,生产加工制造业,加工制造,普通,2015-11-23,03736730,杨帆,,,,,0,0,0,0.0008,0.0087141596,2.7
1852,420000,湖北省,420100,武汉市,420115,江夏区,43000600,湖北省寄递事业部,43001800,武汉市寄递事业部,43020017,武汉市江夏区寄递事业部,43029901,武汉市江夏流芳揽投部,43029901,武汉市江夏流芳揽投部,C0000004012502,湖北三新文化传媒有限公司,91100450474219,湖北三新文化传媒有限公司,1100189721291,湖北三新文化传媒公司(湖北三新文化传媒有限公司),商企类,传媒、娱乐、体育、旅游,出版、影视、文化传播,普通,2024-04-07,03817312,樊海,4008564441,樊海,,,0,0,0,0.0001,0.0009433962,0.1
1854,420000,湖北省,420100,武汉市,420115,江夏区,43000600,湖北省寄递事业部,43001800,武汉市寄递事业部,43020017,武汉市江夏区寄递事业部,43029901,武汉市江夏流芳揽投部,43029901,武汉市江夏流芳揽投部,C1100388172551,上海蒲菊软件科技有限公司,91101029865283,上海蒲菊软件公司-湖北,1100193357921,上海蒲菊软件公司(特快),商企类,房产建筑,物业管理、商业中心,普通,2024-06-06,03293746,罗姝,,,,,0,0,0,0.0001,0.0009433962,0.2
1855,420000,湖北省,420100,武汉市,420115,江夏区,43000600,湖北省寄递事业部,43001800,武汉市寄递事业部,43020017,武汉市江夏区寄递事业部,43029901,武汉市江夏流芳揽投部,43029901,武汉市江夏流芳揽投部,C1100418845271,中国电信股份有限公司湖北财务共享服务中心,91100376289568,中国电信股份有限公司湖北财务共享服务中心,1100060469995,中国电信股份有限公司湖北财务共享服务中心(武汉电信会计凭证),商企类,IT通讯类,通讯运营商,白银,2020-08-04,04143834,万仲瑾,4012401312,吴涛,04143834,万仲瑾,0.0002,0.0019037736,0.2,0,0,0
1856,420000,湖北省,420100,武汉市,420115,江夏区,43000600,湖北省寄递事业部,43001800,武汉市寄递事业部,43020017,武汉市江夏区寄递事业部,43029901,武汉市江夏流芳揽投部,43029901,武汉市江夏流芳揽投部,C1100474819151,中核武汉核电运行技术股份有限公司,80000002594167,中核武汉核电运行技术股份有限公司-核电运行技术股份,1030000842480,中核武汉核电运行技术股份有限公司(特快),商企类,生鲜特产,特产类,黄金,2015-12-04,04051428,胡浩如,,,04051428,胡浩如,0.0306,0.7837641576,470.61,0.0304,0.7148967841,339.3
1857,420000,湖北省,420100,武汉市,420115,江夏区,43000600,湖北省寄递事业部,43001800,武汉市寄递事业部,43020017,武汉市江夏区寄递事业部,43029901,武汉市江夏流芳揽投部,43029901,武汉市江夏流芳揽投部,C1100474819151,中核武汉核电运行技术股份有限公司,80000002594178,中核武汉核电运行技术股份有限公司-中核集团核动力,1030000842446,中核武汉核电运行技术股份有限公司(核动力运行研究所),商企类,生鲜特产,特产类,普通,2015-12-04,04051428,胡浩如,,,04051428,胡浩如,0.0012,0.0194905663,2.45,0.0056,0.0992386067,9.36
1858,420000,湖北省,420100,武汉市,420115,江夏区,43000600,湖北省寄递事业部,43001800,武汉市寄递事业部,43020017,武汉市江夏区寄递事业部,43029901,武汉市江夏流芳揽投部,43029901,武汉市江夏流芳揽投部,C1100566853599,湖北省体育局乒乓球羽毛球运动管理中心,91100911521562,湖北省体育局乒乓球羽毛球运动管理中心-江夏,1100150583149,湖北省体育局乒乓球羽毛球运动管理中心(特快),商企类,传媒、娱乐、体育、旅游,娱乐、体育、休闲,普通,2023-04-04,04158139,黄欣,,,04158139,黄欣,0.0027,0.0891509431,75.6,0.0006,0.0084594078,3.15
1859,420000,湖北省,420100,武汉市,420115,江夏区,43000600,湖北省寄递事业部,43001800,武汉市寄递事业部,43020017,武汉市江夏区寄递事业部,43029901,武汉市江夏流芳揽投部,43029901,武汉市江夏流芳揽投部,C1100566853881,湖北省体育局篮球排球运动管理中心,91100911521517,湖北省体育局篮球排球运动管理中心,1100150583015,湖北省体育局篮球排球运动管理中心(特快),商企类,传媒、娱乐、体育、旅游,娱乐、体育、休闲,普通,2023-04-04,04158139,黄欣,,,04158139,黄欣,0.0015,0.0749056604,101.1,0.0007,0.0125932144,10.1
1860,420000,湖北省,420100,武汉市,420115,江夏区,43000600,湖北省寄递事业部,43001800,武汉市寄递事业部,43020017,武汉市江夏区寄递事业部,43029901,武汉市江夏流芳揽投部,43029901,武汉市江夏流芳揽投部,C1100566854084,湖北省体育局游泳跳水运动管理中心,91100911521832,湖北省体育局游泳跳水运动管理中心,1100150583532,湖北省体育局游泳跳水运动管理中心(特快),商企类,生鲜特产,特产类,白银,2023-04-04,04158139,黄欣,,,04158139,黄欣,0.0051,0.1230188679,141.5,0.0041,0.3786385668,331.9
1861,420000,湖北省,420100,武汉市,420115,江夏区,43000600,湖北省寄递事业部,43001800,武汉市寄递事业部,43020017,武汉市江夏区寄递事业部,43029901,武汉市江夏流芳揽投部,43029901,武汉市江夏流芳揽投部,C1100569126023,湖北省体育局体操运动管理中心,91100911521999,湖北省体育局体操运动管理中心-江夏,1100150583745,湖北省体育局体操运动管理中心(特快),商企类,生鲜特产,特产类,普通,2023-04-04,04158139,黄欣,,,04158139,黄欣,0.0006,0.0079245283,1.3,0.0003,0.0133448155,11
1862,420000,湖北省,420100,武汉市,420115,江夏区,43000600,湖北省寄递事业部,43001800,武汉市寄递事业部,43020017,武汉市江夏区寄递事业部,43029901,武汉市江夏流芳揽投部,43029901,武汉市江夏流芳揽投部,C1100692574533,武汉大家置业有限公司,91100644716943,武汉大家置业有限公司,1100109433686,武汉大家置业有限公司(特快),商企类,房产建筑,房地产、建筑建材、工程,普通,2022-03-11,04158139,黄欣,,,04158139,黄欣,0.0009,0.0116037735,2.6,0.002,0.024199714,2.55
1863,420000,湖北省,420100,武汉市,420115,江夏区,43000600,湖北省寄递事业部,43001800,武汉市寄递事业部,43020017,武汉市江夏区寄递事业部,43029901,武汉市江夏流芳揽投部,43029901,武汉市江夏流芳揽投部,C1100713094578,武汉合跃建设发展有限公司,91100662615367,武汉合跃建设发展有限公司,1100208319083,武汉合跃建设发展有限公司(特快),商企类,房产建筑,物业管理、商业中心,普通,2024-12-20,04051426,万楚如,,,04051426,万楚如,0.003,0.0288679239,3,0.0028,0.0284391541,2.92
1864,420000,湖北省,420100,武汉市,420115,江夏区,43000600,湖北省寄递事业部,43001800,武汉市寄递事业部,43020017,武汉市江夏区寄递事业部,43029901,武汉市江夏流芳揽投部,43029901,武汉市江夏流芳揽投部,C1100713822500,恒进博力液压工程（武汉）有限公司,80000002299563,恒进博力液压工程（武汉）有限公司,1030002375865,恒进博力液压工程武汉有限公司(恒进博力液压工程（武汉）有限公司),商企类,房产建筑,家居、室内设计、装饰装潢,普通,2015-11-23,03736732,罗周围,,,,,0,0,0,0.0001,0.0009433962,0.1
1865,420000,湖北省,420100,武汉市,420115,江夏区,43000600,湖北省寄递事业部,43001800,武汉市寄递事业部,43020017,武汉市江夏区寄递事业部,43029901,武汉市江夏流芳揽投部,43029901,武汉市江夏流芳揽投部,C1100716331384,武汉光庭信息技术股份有限公司,80000002309149,光庭信息-光庭导航数据（武汉）有限公司,1030000812140,光庭信息(光庭导航数据（武汉）有限公司),商企类,生产加工制造业,汽车,普通,2015-11-23,03881832,邢伟玉,,,03881832,邢伟玉,0.0005,0.0099056605,0.55,0.0009,0.0490419769,41.35
1866,420000,湖北省,420100,武汉市,420115,江夏区,43000600,湖北省寄递事业部,43001800,武汉市寄递事业部,43020017,武汉市江夏区寄递事业部,43029901,武汉市江夏流芳揽投部,43029901,武汉市江夏流芳揽投部,C1100859757496,新希望物业服务集团有限公司武汉分公司,91100963652452,新希望物业服务集团有限公司武汉分公司,1100173777060,新希望物业服务集团有限公司武汉分公司(特快),商企类,房产建筑,物业管理、商业中心,普通,2023-10-10,01611085,吴建敏,4003356074,吴建敏,,,0,0,0,0.0053,0.0638176825,30.84
1868,420000,湖北省,420100,武汉市,420115,江夏区,43000600,湖北省寄递事业部,43001800,武汉市寄递事业部,43020017,武汉市江夏区寄递事业部,43029901,武汉市江夏流芳揽投部,43029901,武汉市江夏流芳揽投部,C1101062662599,物联云仓（成都）科技有限公司,91101048668746,物联云仓（成都）科技有限公司-鄂州,1100198484804,物联云仓（成都）科技有限公司(特快、电商标快),商企类,生产加工制造业,印刷、包装、造纸、办公设备、轻工业,普通,2024-08-26,03925877,曹翩,4003478967,申邦艳,03925877,曹翩,0.0001,0.0006792453,0.1,0.0001,0.0012264151,2.1
1869,420000,湖北省,420100,武汉市,420115,江夏区,43000600,湖北省寄递事业部,43001800,武汉市寄递事业部,43020017,武汉市江夏区寄递事业部,43029901,武汉市江夏流芳揽投部,43029901,武汉市江夏流芳揽投部,C1101101645673,武汉九珑医药有限责任公司,91100922340158,武汉九珑医药有限责任公司,1100188832248,武汉九珑医药有限责任公司(特快),商企类,医药类,药品销售,黄金,2024-03-25,04158139,黄欣,4012404360,胡小勋,04158139,黄欣,0.1474,0.7885377304,3530.3,0.1379,0.7343029015,3502.08
1870,420000,湖北省,420100,武汉市,420115,江夏区,43000600,湖北省寄递事业部,43001800,武汉市寄递事业部,43020017,武汉市江夏区寄递事业部,43029901,武汉市江夏流芳揽投部,43029901,武汉市江夏流芳揽投部,C1101151589822,快宝(上海)网络技术有限公司,91101016932925,快宝(上海)网络技术有限公司-快宝上门取件武汉市,1100189814441,快宝(上海)网络技术有限公司(上海)网络技术有限公司(快宝上门取件武汉市),商企类,退换货（商企）,快宝退换货（商企）,普通,2024-04-10,"03916800,03881828","徐玉婷,申莉莉",,,03916800,徐玉婷,0.0003,0.0028301886,0.35,0,0,0
1871,420000,湖北省,420100,武汉市,420115,江夏区,43000600,湖北省寄递事业部,43001800,武汉市寄递事业部,43020017,武汉市江夏区寄递事业部,43029901,武汉市江夏流芳揽投部,43029901,武汉市江夏流芳揽投部,C1101344955856,武汉翔明激光科技有限公司,91101090672333,武汉翔明激光科技有限公司,1100213535405,武汉翔明激光科技有限公司(特快),商企类,生产加工制造业,加工制造,普通,2025-02-27,03736730,杨帆,,,03736730,杨帆,0.0001,0.0009433962,0.1,0.0018,0.0460011081,36.4
1872,420000,湖北省,420100,武汉市,420115,江夏区,43000600,湖北省寄递事业部,43001800,武汉市寄递事业部,43020017,武汉市江夏区寄递事业部,43029901,武汉市江夏流芳揽投部,43029901,武汉市江夏流芳揽投部,C1101392290615,武汉光谷信息技术股份有限公司,91101035430873,武汉光谷信息技术股份有限公司,1100195062274,武汉光谷信息技术股份有限公司(特快),商企类,生产加工制造业,加工制造,白银,2024-07-01,01611085,吴建敏,4003356074,吴建敏,01611085,吴建敏,0.0078,0.1121698108,43.214,0.0114,0.143269818,18.38
1873,420000,湖北省,420100,武汉市,420115,江夏区,43000600,湖北省寄递事业部,43001800,武汉市寄递事业部,43020017,武汉市江夏区寄递事业部,43029901,武汉市江夏流芳揽投部,43029901,武汉市江夏流芳揽投部,C1101463512307,湖北省体育科学研究所,91101045667809,湖北省体育科学研究所,1100197775840,湖北省体育科学研究所(特快),商企类,商业服务类,行政寄递,普通,2024-08-16,01611085,吴建敏,4003356074,吴建敏,01611085,吴建敏,0.0029,0.0431132076,14.1,0.0059,0.076385666,24.9
1874,420000,湖北省,420100,武汉市,420115,江夏区,43000600,湖北省寄递事业部,43001800,武汉市寄递事业部,43020017,武汉市江夏区寄递事业部,43029901,武汉市江夏流芳揽投部,43029901,武汉市江夏流芳揽投部,C1101606162824,武汉方阵人才服务有限公司,91101061651642,武汉方阵人才服务有限公司,1100204479862,武汉方阵人才服务有限公司(特快),商企类,商业服务类,专业服务、咨询（财会、法律、人力资源等）,白银,2024-10-31,04051426,万楚如,,,04051426,万楚如,0.0455,0.6313207607,182.59,0.0526,0.6749227652,197.02
1875,420000,湖北省,420100,武汉市,420115,江夏区,43000600,湖北省寄递事业部,43001800,武汉市寄递事业部,43020017,武汉市江夏区寄递事业部,43029901,武汉市江夏流芳揽投部,43029901,武汉市江夏流芳揽投部,C1101642666250,武汉立发食品科技有限公司,91101028761849,武汉立发食品科技有限公司,1100192955283,武汉立发食品科技有限公司(电商标快),商企类,贸易、消费品、调换货,快速消费品（食品、饮料、烟酒、日化）,普通,2024-05-31,01611085,吴建敏,4003356074,吴建敏,,,0,0,0,0.0001,0.0009433962,0.1
1876,420000,湖北省,420100,武汉市,420115,江夏区,43000600,湖北省寄递事业部,43001800,武汉市寄递事业部,43020017,武汉市江夏区寄递事业部,43029901,武汉市江夏流芳揽投部,43029901,武汉市江夏流芳揽投部,C1101643375258,国药控股（湖北）汉口大药房有限公司,91100985082149,国药控股（湖北）汉口大药房有限公司,1100188832495,国药控股（湖北）汉口大药房有限公司(电商标快),商企类,医药类,药品销售,白银,2024-03-25,01611085,吴建敏,4003356074,吴建敏,,,0,0,0,0.0001,0.0009433962,0.1
1877,420000,湖北省,420100,武汉市,420115,江夏区,43000600,湖北省寄递事业部,43001800,武汉市寄递事业部,43020017,武汉市江夏区寄递事业部,43029901,武汉市江夏流芳揽投部,43029901,武汉市江夏流芳揽投部,C1101652963666,武汉中电通信有限责任公司,91101011286292,武汉中电通信有限责任公司,1100188271492,武汉中电通信有限责任公司(特快),商企类,生鲜特产,特产类,普通,2024-03-19,01611085,吴建敏,4003356074,吴建敏,,,0,0,0,0.0003,0.0777006664,52.2
1878,420000,湖北省,420100,武汉市,420115,江夏区,43000600,湖北省寄递事业部,43001800,武汉市寄递事业部,43020017,武汉市江夏区寄递事业部,43029901,武汉市江夏流芳揽投部,43029901,武汉市江夏流芳揽投部,C1101684565647,武汉光谷旅游开发投资有限公司,91101008321603,武汉光谷旅游开发投资有限公司,1100187248316,武汉光谷旅游开发投资有限公司,商企类,房产建筑,房地产、建筑建材、工程,普通,2024-03-07,01611085,吴建敏,4003356074,吴建敏,,,0,0,0,0.0001,0.0009433962,0.1
1879,420000,湖北省,420100,武汉市,420115,江夏区,43000600,湖北省寄递事业部,43001800,武汉市寄递事业部,43020017,武汉市江夏区寄递事业部,43029901,武汉市江夏流芳揽投部,43029901,武汉市江夏流芳揽投部,C1103489940133,武汉龙净环保工程有限公司,91101066640308,武汉龙净环保工程有限公司,1100206772332,武汉龙净环保工程有限公司(特快),商企类,能源、矿产、环保,环保,普通,2024-11-27,01611085,吴建敏,,,01611085,吴建敏,0.0026,0.0576415098,22.1,0.0058,0.1045937773,16.75
1880,420000,湖北省,420100,武汉市,420115,江夏区,43000600,湖北省寄递事业部,43001800,武汉市寄递事业部,43020017,武汉市江夏区寄递事业部,43029901,武汉市江夏流芳揽投部,43029901,武汉市江夏流芳揽投部,C1103743629264,中资环电器电子循环利用（深圳）有限公司,91101095761427,中资环电器电子循环利用（深圳）有限公司,1100216100068,中资环电器电子循环利用（深圳）有限公司(湖北),商企类,贸易、消费品、调换货,零售、批发,普通,2025-04-01,01650112,申邦艳,4003478967,申邦艳,01650112,申邦艳,0.0001,0.0011320755,0.45,0,0,0
1881,420000,湖北省,420100,武汉市,420115,江夏区,43000600,湖北省寄递事业部,43001800,武汉市寄递事业部,43020017,武汉市江夏区寄递事业部,43029901,武汉市江夏流芳揽投部,43029901,武汉市江夏流芳揽投部,P0000001904789,王成刚,80000002232942,王成刚,1030001006078,王成刚(邮政公事寄递),商企类,其他,其他,白银,2015-11-23,19601021,寄递武汉市,4012140468,寄递武汉市,19601021,寄递武汉市,0.0003,0.0028301886,0.44,0.0004,0.0016603774,3.37
1882,420000,湖北省,420100,武汉市,420116,黄陂区,43000600,湖北省寄递事业部,43001800,武汉市寄递事业部,43030012,武汉市黄陂区寄递事业部,43030003,武汉市黄陂盘龙城揽投部,43030003,武汉市黄陂盘龙城揽投部,C0000001709636,周大福珠宝金行（深圳）有限公司,90000004964216,周大福珠宝金行（深圳）有限公司,1100179700354,周大福(珠宝金行（深圳）有限公司)),商企类,保险类,贵品,钻石,2023-12-13,"01610334,01613124","曾志,马杰",5012888164,凌琳,"01610334,01613124","曾志,马杰",3.0451,28.9135135256998,7903.865,2.9401,33.3072469689001,7744.299
1883,420000,湖北省,420100,武汉市,420116,黄陂区,43000600,湖北省寄递事业部,43001800,武汉市寄递事业部,43030012,武汉市黄陂区寄递事业部,43030003,武汉市黄陂盘龙城揽投部,43030003,武汉市黄陂盘龙城揽投部,C0000008029302,武汉爱帝针纺实业有限公司,90000009979138,武汉爱帝针纺实业有限公司,1030001436659,爱帝针纺(特快专递),商企类,贸易、消费品、调换货,耐用消费品（皮革、家具、家电服饰、纺织）,普通,2017-05-26,04016245,王京津,,,,,0,0,0,0.0001,0.0009433962,0.05
1885,420000,湖北省,420100,武汉市,420116,黄陂区,43000600,湖北省寄递事业部,43001800,武汉市寄递事业部,43030012,武汉市黄陂区寄递事业部,43030003,武汉市黄陂盘龙城揽投部,43030003,武汉市黄陂盘龙城揽投部,C1100566439375,湖北益丰大药房连锁有限公司,91100973091955,湖北益丰大药房连锁有限公司,1100212142778,湖北益丰大药房连锁有限公司(特快),商企类,医药类,药品销售,普通,2025-02-06,01612922,张国华,,,,,0,0,0,0.0003,0.0221937511,22.33
1886,420000,湖北省,420100,武汉市,420116,黄陂区,43000600,湖北省寄递事业部,43001800,武汉市寄递事业部,43030012,武汉市黄陂区寄递事业部,43030003,武汉市黄陂盘龙城揽投部,43030003,武汉市黄陂盘龙城揽投部,C1100581459903,武汉鹤祥泰中医门诊部有限公司,91101205552686,武汉鹤祥泰中医门诊部有限公司,1100246560331,武汉鹤祥泰中医门诊部有限公司(特快),商企类,医药类,药品生产、医疗器械,,2026-06-17,04271818,马换换,,,OSQ700030,黄陂区寄递事业部商企营销中心（特快-争先队）,0.0003,0.002981132,2.08,0,0,0
1887,420000,湖北省,420100,武汉市,420116,黄陂区,43000600,湖北省寄递事业部,43001800,武汉市寄递事业部,43030012,武汉市黄陂区寄递事业部,43030003,武汉市黄陂盘龙城揽投部,43030003,武汉市黄陂盘龙城揽投部,C1100957431944,武汉盛博翔科技有限公司,91100893559191,武汉盛博翔科技有限公司,1100145498889,盛博翔科技(特快专递),商企类,生鲜特产,特产类,铂金,2023-02-07,03909126,张中君,,,03909126,张中君,0.0001,0.0015566038,2.34,0,0,0
1890,420000,湖北省,420100,武汉市,420116,黄陂区,43000600,湖北省寄递事业部,43001800,武汉市寄递事业部,43030012,武汉市黄陂区寄递事业部,43030003,武汉市黄陂盘龙城揽投部,43030003,武汉市黄陂盘龙城揽投部,C1101151589822,快宝(上海)网络技术有限公司,91101016932925,快宝(上海)网络技术有限公司-快宝上门取件武汉市,1100189814441,快宝(上海)网络技术有限公司(上海)网络技术有限公司(快宝上门取件武汉市),商企类,退换货（商企）,快宝退换货（商企）,普通,2024-04-10,"03916800,03881828","徐玉婷,申莉莉",,,03916800,徐玉婷,0.0002,0.002264151,0.29,0,0,0
1891,420000,湖北省,420100,武汉市,420116,黄陂区,43000600,湖北省寄递事业部,43001800,武汉市寄递事业部,43030012,武汉市黄陂区寄递事业部,43030003,武汉市黄陂盘龙城揽投部,43030003,武汉市黄陂盘龙城揽投部,C1101338377183,武汉宇骁宏迪汽车销售服务有限公司,91100953002810,武汉宇骁宏迪汽车销售服务有限公司,1100169985022,宇骁宏迪(王朝特快专递),商企类,生产加工制造业,汽车,普通,2023-08-31,03909126,张中君,,,03909126,张中君,0.0007,0.0138679247,2.7,0.0008,0.0126949541,0.51
1892,420000,湖北省,420100,武汉市,420116,黄陂区,43000600,湖北省寄递事业部,43001800,武汉市寄递事业部,43030012,武汉市黄陂区寄递事业部,43030003,武汉市黄陂盘龙城揽投部,43030003,武汉市黄陂盘龙城揽投部,C1101610455307,周大福珠宝金行（深圳）有限公司武汉黄陂分公司,91100984742275,周大福珠宝金行（深圳）有限公司武汉黄陂分公司,1100179718836,周大福珠宝金行(电商-特快专递),商企类,保险类,贵品,普通,2023-12-13,"01610334,01613124","曾志,马杰",4003369382,马杰,"01610334,01613124","曾志,马杰",0.0011,0.0112735847,3.24,0.0043,0.0517670753,13.34
1893,420000,湖北省,420100,武汉市,420116,黄陂区,43000600,湖北省寄递事业部,43001800,武汉市寄递事业部,43030012,武汉市黄陂区寄递事业部,43030003,武汉市黄陂盘龙城揽投部,43030003,武汉市黄陂盘龙城揽投部,C1102031239361,武汉广成楚迪新能源汽车有限公司,91101020331642,武汉广成楚迪新能源汽车有限公司,1100190765695,广成楚迪(海洋特快专递),商企类,生产加工制造业,汽车,普通,2024-04-26,03909126,张中君,,,,,0,0,0,0.0002,0.0032005366,7.62
1894,420000,湖北省,420100,武汉市,420116,黄陂区,43000600,湖北省寄递事业部,43001800,武汉市寄递事业部,43030012,武汉市黄陂区寄递事业部,43030003,武汉市黄陂盘龙城揽投部,43030003,武汉市黄陂盘龙城揽投部,C1102197391701,武汉黄陂区驰影物流信息部,91101087405669,武汉黄陂区驰影物流信息部,1100212558230,驰影物流(电商标快),商企类,生鲜特产,特产类,铂金,2025-02-13,03909126,张中君,,,03909126,张中君,0.0692,0.4024999945,2046.04,0,0,0
1895,420000,湖北省,420100,武汉市,420116,黄陂区,43000600,湖北省寄递事业部,43001800,武汉市寄递事业部,43030012,武汉市黄陂区寄递事业部,43030003,武汉市黄陂盘龙城揽投部,43030003,武汉市黄陂盘龙城揽投部,C1102860863364,武汉市华阳通胜汽车销售有限公司,91101065154464,武汉市华阳通胜汽车销售有限公司,1100205952061,华阳通胜(特快专递),商企类,其他,其他,普通,2024-11-19,03560905,韩空,,,03560905,韩空,0.004,0.0543396224,38.79,0.0034,0.0385900544,15.955
1896,420000,湖北省,420100,武汉市,420116,黄陂区,43000600,湖北省寄递事业部,43001800,武汉市寄递事业部,43030012,武汉市黄陂区寄递事业部,43030019,武汉市黄陂汉口北揽投部,43030019,武汉市黄陂汉口北揽投部,C0000008183640,武汉楚天威汉汽车销售有限责任公司,90000010155787,武汉楚天威汉汽车销售有限责任公司,1030001467631,楚天威汉(特快专递),商企类,生产加工制造业,汽车,普通,2017-07-10,04294195,肖运祥,,,04294195,肖运祥,0.0002,0.0018867924,0.2,0,0,0
1901,420000,湖北省,420100,武汉市,420116,黄陂区,43000600,湖北省寄递事业部,43001800,武汉市寄递事业部,43030012,武汉市黄陂区寄递事业部,43030019,武汉市黄陂汉口北揽投部,43030019,武汉市黄陂汉口北揽投部,C1101073595484,橙联（中国）有限公司,91101112480571,橙联（中国）有限公司-鄂州,1100220989642,橙联（中国）有限公司(特快专递),商企类,贸易、消费品、调换货,贸易、进出口,,2025-06-26,03925877,曹翩,4003478967,申邦艳,,,0.0019,0.0202830187,37.634,0,0,0
1902,420000,湖北省,420100,武汉市,420116,黄陂区,43000600,湖北省寄递事业部,43001800,武汉市寄递事业部,43030012,武汉市黄陂区寄递事业部,43030019,武汉市黄陂汉口北揽投部,43030019,武汉市黄陂汉口北揽投部,P0000001904789,王成刚,80000002232942,王成刚,1030001006078,王成刚(邮政公事寄递),商企类,其他,其他,白银,2015-11-23,19601021,寄递武汉市,4012140468,寄递武汉市,,,0,0,0,0.0002,0.000754717,0.2
1903,420000,湖北省,420100,武汉市,420116,黄陂区,43000600,湖北省寄递事业部,43001800,武汉市寄递事业部,43030012,武汉市黄陂区寄递事业部,43030023,武汉市黄陂横店揽投部,43030023,武汉市黄陂横店揽投部,C0000000546252,武汉天河机场有限责任公司,90000000665311,武汉天河机场有限责任公司,1100208463937,武汉天河机场有限责任公司(特快),商企类,其他,其他,普通,2024-12-24,03560905,韩空,4007190366,韩空,03560905,韩空,0.0054,0.0877264162,25.151,0.0058,0.1026726646,24.475
1907,420000,湖北省,420100,武汉市,420116,黄陂区,43000600,湖北省寄递事业部,43001800,武汉市寄递事业部,43030012,武汉市黄陂区寄递事业部,43030023,武汉市黄陂横店揽投部,43030023,武汉市黄陂横店揽投部,C1100566485860,武汉蓝色宝岛置业有限公司,91100603954087,武汉蓝色宝岛置业有限公司,1100101791236,武汉蓝色宝岛置业有限公司(特快专递),商企类,其他,其他,普通,2021-12-07,03909292,谌雄,,,03909292,谌雄,0.0001,0.0009433962,0.1,0,0,0
1908,420000,湖北省,420100,武汉市,420116,黄陂区,43000600,湖北省寄递事业部,43001800,武汉市寄递事业部,43030012,武汉市黄陂区寄递事业部,43030023,武汉市黄陂横店揽投部,43030023,武汉市黄陂横店揽投部,C1100625852347,武汉慕丹指南针工贸有限公司,91100580738519,武汉慕丹指南针工贸有限公司,1100096650435,武汉慕丹指南针工贸有限公司(特快专递),商企类,贸易、消费品、调换货,耐用消费品（皮革、家具、家电服饰、纺织）,普通,2021-09-27,04065536,余仲超,,,04065536,余仲超,0.0001,0.0009433962,0.1,0,0,0
1909,420000,湖北省,420100,武汉市,420116,黄陂区,43000600,湖北省寄递事业部,43001800,武汉市寄递事业部,43030012,武汉市黄陂区寄递事业部,43030023,武汉市黄陂横店揽投部,43030023,武汉市黄陂横店揽投部,C1100895450171,中国南方航空股份有限公司湖北分公司,91100881577277,中国南方航空股份有限公司湖北分公司-jh,1100142722358,中国南方航空股份有限公司湖北分公司(特快),商企类,交通运输、物流仓储,交通运输,普通,2023-01-12,04143834,万仲瑾,4012401312,吴涛,04143834,万仲瑾,0.0018,0.0330188683,5.6,0,0,0
1910,420000,湖北省,420100,武汉市,420116,黄陂区,43000600,湖北省寄递事业部,43001800,武汉市寄递事业部,43030012,武汉市黄陂区寄递事业部,43030023,武汉市黄陂横店揽投部,43030023,武汉市黄陂横店揽投部,C1100969981532,武汉天纵湖韵置业有限公司,91100898882779,武汉天纵湖韵置业有限公司,1100147073655,天纵湖韵(特快专递),商企类,房产建筑,房地产、建筑建材、工程,普通,2023-02-21,04016287,黄俊,,,04016287,黄俊,0.0001,0.0009433962,0.1,0,0,0
1913,420000,湖北省,420100,武汉市,420116,黄陂区,43000600,湖北省寄递事业部,43001800,武汉市寄递事业部,43030012,武汉市黄陂区寄递事业部,43030023,武汉市黄陂横店揽投部,43030023,武汉市黄陂横店揽投部,C1101110241664,湖北洁源检测有限公司,91100924104620,湖北洁源检测有限公司,1100154598082,洁源检测(特快专递),商企类,检测类,其他,普通,2023-05-22,04271818,马换换,,,04271818,马换换,0.0001,0.0009433962,0.1,0,0,0
1914,420000,湖北省,420100,武汉市,420116,黄陂区,43000600,湖北省寄递事业部,43001800,武汉市寄递事业部,43030012,武汉市黄陂区寄递事业部,43030023,武汉市黄陂横店揽投部,43030023,武汉市黄陂横店揽投部,C1101392337932,华南蓝天航空油料有限公司湖北分公司,91101040716955,华南油料-特快专递,1100196480718,华南油料(特快专递),商企类,生鲜特产,特产类,白银,2024-07-26,03560905,韩空,4007190366,韩空,03560905,韩空,0.0103,0.1508915137,30.9,0.0126,0.1873183996,25.2
1915,420000,湖北省,420100,武汉市,420116,黄陂区,43000600,湖北省寄递事业部,43001800,武汉市寄递事业部,43030012,武汉市黄陂区寄递事业部,43030023,武汉市黄陂横店揽投部,43030023,武汉市黄陂横店揽投部,C1101631120332,武汉万庆康置业有限公司,91100960541557,武汉万庆康置业有限公司,1100173331673,万庆康(特快专递),商企类,房产建筑,房地产、建筑建材、工程,白银,2023-09-27,03560905,韩空,,,,,0,0,0,0.0071,0.1331312531,60.886
1916,420000,湖北省,420100,武汉市,420116,黄陂区,43000600,湖北省寄递事业部,43001800,武汉市寄递事业部,43030012,武汉市黄陂区寄递事业部,43030025,武汉市黄陂巨龙大道揽投部,43030025,武汉市黄陂巨龙大道揽投部,C1100715860223,江苏中南物业服务有限公司武汉分公司,91100664856805,江苏中南物业服务有限公司武汉分公司,1100116152648,江苏中南物业服务有限公司武汉分公司(特快专递),商企类,房产建筑,物业管理、商业中心,白银,2022-06-08,03909126,张中君,4009134300,张中君,,,0,0,0,0.0754,0.8374123847,42.14
1917,420000,湖北省,420100,武汉市,420116,黄陂区,43000600,湖北省寄递事业部,43001800,武汉市寄递事业部,43030012,武汉市黄陂区寄递事业部,43030025,武汉市黄陂巨龙大道揽投部,43030025,武汉市黄陂巨龙大道揽投部,C1100957431944,武汉盛博翔科技有限公司,91100893559191,武汉盛博翔科技有限公司,1100145498889,盛博翔科技(特快专递),商企类,生鲜特产,特产类,铂金,2023-02-07,03909126,张中君,4009134300,张中君,,,0,0,0,0.3476,3.4082759684,1321.621
1919,420000,湖北省,420100,武汉市,420116,黄陂区,43000600,湖北省寄递事业部,43001800,武汉市寄递事业部,43030012,武汉市黄陂区寄递事业部,43030025,武汉市黄陂巨龙大道揽投部,43030025,武汉市黄陂巨龙大道揽投部,C1102197391701,武汉黄陂区驰影物流信息部,91101087405669,武汉黄陂区驰影物流信息部,1100212558230,驰影物流(电商标快),商企类,生鲜特产,特产类,铂金,2025-02-13,03909126,张中君,,,03909126,张中君,0.0104,0.048405659,241.8,0,0,0
1920,420000,湖北省,420100,武汉市,420116,黄陂区,43000600,湖北省寄递事业部,43001800,武汉市寄递事业部,43030012,武汉市黄陂区寄递事业部,43030026,武汉市黄陂长江新区揽投部,43030026,武汉市黄陂长江新区揽投部,C1100603259669,武汉晟之泽物业管理有限责任公司,91100559200362,武汉晟之泽物业管理有限责任公司,1100093623319,晟之泽物业管理(特快专递),商企类,房产建筑,物业管理、商业中心,黄金,2021-07-30,04016287,黄俊,,,04016287,黄俊,0.0425,0.5276226547,44.87,0,0,0
1922,420000,湖北省,420100,武汉市,420116,黄陂区,43000600,湖北省寄递事业部,43001800,武汉市寄递事业部,43030012,武汉市黄陂区寄递事业部,43030027,武汉市黄陂双凤揽投部,43030027,武汉市黄陂双凤揽投部,C0000001994092,湖北中邮物流有限责任公司,91100986812589,湖北中邮物流有限责任公司-武汉市移动小件业务（政企客户部）,1100180717264,湖北中邮物流有限责任公司(武汉市移动小件业务（政企客户部）),商企类,IT通讯类,通讯运营商,普通,2023-12-22,04196911,李萌,,,,,0,0,0,0.0001,0.0008,0.1
1924,420000,湖北省,420100,武汉市,420116,黄陂区,43000600,湖北省寄递事业部,43001800,武汉市寄递事业部,43030012,武汉市黄陂区寄递事业部,43030027,武汉市黄陂双凤揽投部,43030027,武汉市黄陂双凤揽投部,C1100490185481,上海禹璨信息技术有限公司,91100450451562,上海禹璨信息技术有限公司,1100237938879,上海禹璨信息技术有限公司(湖北武汉黄陂盘龙多多买菜社区团购项目),商企类,生鲜特产,其他类,,2025-12-05,04271818,马换换,4003356186,马丽,04271818,马换换,1.1603,11.4923301147998,5801.5,0,0,0
1925,420000,湖北省,420100,武汉市,420116,黄陂区,43000600,湖北省寄递事业部,43001800,武汉市寄递事业部,43030012,武汉市黄陂区寄递事业部,43030027,武汉市黄陂双凤揽投部,43030027,武汉市黄陂双凤揽投部,C1100490185481,上海禹璨信息技术有限公司,91101126908616,上海禹璨-黄陂多多买菜,1100226993621,上海禹璨信息技术有限公司(湖北武汉黄陂前川多多买菜社区团购项目),商企类,生鲜特产,其他类,,2025-08-28,04271818,马换换,4003356186,马丽,04271818,马换换,1.3544,11.5427725734002,6772,0,0,0
1926,420000,湖北省,420100,武汉市,420116,黄陂区,43000600,湖北省寄递事业部,43001800,武汉市寄递事业部,43030012,武汉市黄陂区寄递事业部,43030027,武汉市黄陂双凤揽投部,43030027,武汉市黄陂双凤揽投部,C1100660147051,湖北好实利贸易发展有限公司,91100614531204,湖北好实利贸易发展有限公司,1100103865296,湖北好实利贸易发展有限公司(特快专递),商企类,生鲜特产,茶类,白银,2022-01-04,03482997,张弟,4006862901,张弟,,,0,0,0,0.0052,0.1091700722,53.835
1929,420000,湖北省,420100,武汉市,420116,黄陂区,43000600,湖北省寄递事业部,43001800,武汉市寄递事业部,43030012,武汉市黄陂区寄递事业部,43030027,武汉市黄陂双凤揽投部,43030027,武汉市黄陂双凤揽投部,C1101151589822,快宝(上海)网络技术有限公司,91101016932925,快宝(上海)网络技术有限公司-快宝上门取件武汉市,1100189814441,快宝(上海)网络技术有限公司(上海)网络技术有限公司(快宝上门取件武汉市),商企类,退换货（商企）,快宝退换货（商企）,普通,2024-04-10,"03916800,03881828","徐玉婷,申莉莉",,,03916800,徐玉婷,0.0001,0.0011320755,0.1,0,0,0
1930,420000,湖北省,420100,武汉市,420116,黄陂区,43000600,湖北省寄递事业部,43001800,武汉市寄递事业部,43030012,武汉市黄陂区寄递事业部,43030202,武汉市黄陂名流揽投部,43030202,武汉市黄陂名流揽投部,C1100410040630,武汉赛维德劳务有限公司,91100367052746,武汉赛维德劳务有限公司,1100057800518,武汉赛维德劳务(武汉赛维德劳务有限公司),商企类,交通运输、物流仓储,交通运输,,2020-07-13,01616749,张俊华,,,01616749,张俊华,0.0001,0.0009433962,0.1,0,0,0
1932,420000,湖北省,420100,武汉市,420116,黄陂区,43000600,湖北省寄递事业部,43001800,武汉市寄递事业部,43030012,武汉市黄陂区寄递事业部,43034502,武汉市黄陂武湖揽投部,43034502,武汉市黄陂武湖揽投部,C0000001994092,湖北中邮物流有限责任公司,91100986812589,湖北中邮物流有限责任公司-武汉市移动小件业务（政企客户部）,1100180717264,湖北中邮物流有限责任公司(武汉市移动小件业务（政企客户部）),商企类,IT通讯类,通讯运营商,普通,2023-12-22,04196911,李萌,,,,,0,0,0,0.0005,0.004,1.35
1935,420000,湖北省,420100,武汉市,420116,黄陂区,43000600,湖北省寄递事业部,43001800,武汉市寄递事业部,43030012,武汉市黄陂区寄递事业部,43034502,武汉市黄陂武湖揽投部,43034502,武汉市黄陂武湖揽投部,C1100603259669,武汉晟之泽物业管理有限责任公司,91100559200362,武汉晟之泽物业管理有限责任公司,1100093623319,晟之泽物业管理(特快专递),商企类,房产建筑,物业管理、商业中心,黄金,2021-07-30,04016287,黄俊,4009737859,黄俊,,,0,0,0,0.0648,0.7492545735,66.92
1938,420000,湖北省,420100,武汉市,420116,黄陂区,43000600,湖北省寄递事业部,43001800,武汉市寄递事业部,43030012,武汉市黄陂区寄递事业部,43034502,武汉市黄陂武湖揽投部,43034502,武汉市黄陂武湖揽投部,C1101151589822,快宝(上海)网络技术有限公司,91101016932925,快宝(上海)网络技术有限公司-快宝上门取件武汉市,1100189814441,快宝(上海)网络技术有限公司(上海)网络技术有限公司(快宝上门取件武汉市),商企类,退换货（商企）,快宝退换货（商企）,普通,2024-04-10,"03916800,03881828","徐玉婷,申莉莉",,,03916800,徐玉婷,0.0002,0.0029245283,0.6,0,0,0
1939,420000,湖北省,420100,武汉市,420116,黄陂区,43000600,湖北省寄递事业部,43001800,武汉市寄递事业部,43030012,武汉市黄陂区寄递事业部,43036700,武汉市黄陂前川揽投部,43036700,武汉市黄陂前川揽投部,C0000001994092,湖北中邮物流有限责任公司,91100986812589,湖北中邮物流有限责任公司-武汉市移动小件业务（政企客户部）,1100180717264,湖北中邮物流有限责任公司(武汉市移动小件业务（政企客户部）),商企类,IT通讯类,通讯运营商,普通,2023-12-22,04196911,李萌,,,,,0,0,0,0.0003,0.0024,0.4
1940,420000,湖北省,420100,武汉市,420116,黄陂区,43000600,湖北省寄递事业部,43001800,武汉市寄递事业部,43030012,武汉市黄陂区寄递事业部,43036700,武汉市黄陂前川揽投部,43036700,武汉市黄陂前川揽投部,C0000001994092,湖北中邮物流有限责任公司,91100986813951,湖北中邮物流有限责任公司-武汉市移动小件业务（财务部）,1100180719211,湖北中邮物流有限责任公司(武汉市移动小件业务（财务部）),商企类,IT通讯类,通讯运营商,普通,2023-12-22,03351577,罗君,,,,,0,0,0,0.0002,0.0019811321,1.7
1942,420000,湖北省,420100,武汉市,420116,黄陂区,43000600,湖北省寄递事业部,43001800,武汉市寄递事业部,43030012,武汉市黄陂区寄递事业部,43036700,武汉市黄陂前川揽投部,43036700,武汉市黄陂前川揽投部,C1100418845271,中国电信股份有限公司湖北财务共享服务中心,91100376289568,中国电信股份有限公司湖北财务共享服务中心,1100060469995,中国电信股份有限公司湖北财务共享服务中心(武汉电信会计凭证),商企类,IT通讯类,通讯运营商,白银,2020-08-04,04143834,万仲瑾,4012401312,吴涛,04143834,万仲瑾,0.0001,0.0012179245,0.6,0.0001,0.0012179245,0.86
1943,420000,湖北省,420100,武汉市,420116,黄陂区,43000600,湖北省寄递事业部,43001800,武汉市寄递事业部,43030012,武汉市黄陂区寄递事业部,43036700,武汉市黄陂前川揽投部,43036700,武汉市黄陂前川揽投部,C1100660147051,湖北好实利贸易发展有限公司,91100614531204,湖北好实利贸易发展有限公司,1100103865296,湖北好实利贸易发展有限公司(特快专递),商企类,生鲜特产,茶类,白银,2022-01-04,03482997,张弟,4006862901,张弟,,,0,0,0,0.0008,0.0175686776,7.935
1946,420000,湖北省,420100,武汉市,420116,黄陂区,43000600,湖北省寄递事业部,43001800,武汉市寄递事业部,43030012,武汉市黄陂区寄递事业部,43036700,武汉市黄陂前川揽投部,43036700,武汉市黄陂前川揽投部,C1101151589822,快宝(上海)网络技术有限公司,91101016932925,快宝(上海)网络技术有限公司-快宝上门取件武汉市,1100189814441,快宝(上海)网络技术有限公司(上海)网络技术有限公司(快宝上门取件武汉市),商企类,退换货（商企）,快宝退换货（商企）,普通,2024-04-10,"03916800,03881828","徐玉婷,申莉莉",,,03916800,徐玉婷,0.0001,0.0009433962,0.2,0,0,0
1947,420000,湖北省,420100,武汉市,420116,黄陂区,43000600,湖北省寄递事业部,43001800,武汉市寄递事业部,43030012,武汉市黄陂区寄递事业部,43036700,武汉市黄陂前川揽投部,43036700,武汉市黄陂前川揽投部,C1101973200497,武汉长江文旅城经营管理有限公司,91100992001250,武汉长江文旅城经营管理有限公司,1100183338244,长江文旅城(特快专递),商企类,生鲜特产,特产类,普通,2024-01-12,04065536,余仲超,,,,,0,0,0,0.0042,0.0728931537,21.66
1948,420000,湖北省,420100,武汉市,420116,黄陂区,43000600,湖北省寄递事业部,43001800,武汉市寄递事业部,43030012,武汉市黄陂区寄递事业部,43036700,武汉市黄陂前川揽投部,43036700,武汉市黄陂前川揽投部,P0000001904789,王成刚,80000002232942,王成刚,1030001006078,王成刚(邮政公事寄递),商企类,其他,其他,白银,2015-11-23,19601021,寄递武汉市,4012140468,寄递武汉市,,,0,0,0,0.0002,0.000754717,0.04
1949,420000,湖北省,420100,武汉市,420117,新洲区,43000600,湖北省寄递事业部,43001800,武汉市寄递事业部,43040018,武汉市新洲区寄递事业部,43040007,武汉市新洲阳逻揽投部,43040007,武汉市新洲阳逻揽投部,C0000000546522,武昌船舶重工集团有限公司,91100913207374,武昌船舶重工集团有限公司-武昌船舶重工集团有限公司（新洲）,1100150822639,武昌船舶重工集团有限公司(标准特快),商企类,生产加工制造业,加工制造,白银,2023-04-11,04143830,孙威,,,,,0,0,0,0.0101,0.1458318377,16.63
1950,420000,湖北省,420100,武汉市,420117,新洲区,43000600,湖北省寄递事业部,43001800,武汉市寄递事业部,43040018,武汉市新洲区寄递事业部,43040007,武汉市新洲阳逻揽投部,43040007,武汉市新洲阳逻揽投部,C0000003987311,湖北大明金属科技有限公司,90000005082870,湖北大明金属科技有限公司,1030001390636,湖北大明金属科技有限公司(武汉大明金属有限公司),商企类,生产加工制造业,加工制造,白银,2015-11-23,04274758,陈龙,,,,,0,0,0,0.0084,0.1020799731,60.695
1951,420000,湖北省,420100,武汉市,420117,新洲区,43000600,湖北省寄递事业部,43001800,武汉市寄递事业部,43040018,武汉市新洲区寄递事业部,43040007,武汉市新洲阳逻揽投部,43040007,武汉市新洲阳逻揽投部,C0000008519104,武汉港集装箱有限公司,90000010550146,武汉港集装箱有限公司,1030001374683,武汉港集装箱有限公司(武汉港集装箱有限公司),商企类,交通运输、物流仓储,交通运输,普通,2017-09-14,"04290738,04290739","任凡,殷思源",,,,,0,0,0,0.0028,0.0401946073,12.63
1953,420000,湖北省,420100,武汉市,420117,新洲区,43000600,湖北省寄递事业部,43001800,武汉市寄递事业部,43040018,武汉市新洲区寄递事业部,43040007,武汉市新洲阳逻揽投部,43040007,武汉市新洲阳逻揽投部,C1100022146838,武汉钢铁江北集团有限公司,91100022598345,武汉钢铁江北集团有限公司,1030001894264,武汉钢铁江北集团有限公司(武汉钢铁江北集团有限公司),商企类,生产加工制造业,大型设备、机电设备、重工业,普通,2018-09-21,04274758,陈龙,,,,,0,0,0,0.001,0.0104635189,1
1954,420000,湖北省,420100,武汉市,420117,新洲区,43000600,湖北省寄递事业部,43001800,武汉市寄递事业部,43040018,武汉市新洲区寄递事业部,43040007,武汉市新洲阳逻揽投部,43040007,武汉市新洲阳逻揽投部,C1100915774814,武汉汉源既济电力有限公司,91100998842585,武汉汉源既济电力有限公司-（新洲）,1100185210010,武汉汉源既济电力有限公司(（新洲）),商企类,能源、矿产、环保,电气、电力、煤气、水利,普通,2024-02-07,03949561,金伟,,,,,0,0,0,0.0016,0.020268643,13.8
1955,420000,湖北省,420100,武汉市,420117,新洲区,43000600,湖北省寄递事业部,43001800,武汉市寄递事业部,43040018,武汉市新洲区寄递事业部,43040007,武汉市新洲阳逻揽投部,43040007,武汉市新洲阳逻揽投部,C1100926284766,武汉一冶钢结构有限责任公司,91100906949009,武汉一冶钢结构有限责任公司-（新洲）,1100149046769,武汉一冶钢结构有限责任公司(特快),商企类,生产加工制造业,加工制造,普通,2023-03-16,03949561,金伟,,,,,0,0,0,0.0016,0.0227078068,1.6
1956,420000,湖北省,420100,武汉市,420117,新洲区,43000600,湖北省寄递事业部,43001800,武汉市寄递事业部,43040018,武汉市新洲区寄递事业部,43040007,武汉市新洲阳逻揽投部,43040007,武汉市新洲阳逻揽投部,C1100940527975,武汉隽永粮油食品有限公司,91100932684914,武汉隽永粮油食品有限公司-武汉隽永粮油食品有限公司（新洲）,1100159113271,武汉隽永粮油食品有限公司(武汉隽永粮油食品有限公司),商企类,生鲜特产,果鲜类,白银,2023-06-21,03949561,金伟,,,,,0,0,0,0.0139,0.1916302295,1368.619
1957,420000,湖北省,420100,武汉市,420117,新洲区,43000600,湖北省寄递事业部,43001800,武汉市寄递事业部,43040018,武汉市新洲区寄递事业部,43040007,武汉市新洲阳逻揽投部,43040007,武汉市新洲阳逻揽投部,C1100940527975,武汉隽永粮油食品有限公司,91100932684914,武汉隽永粮油食品有限公司-武汉隽永粮油食品有限公司（新洲）,1100159113271,武汉隽永粮油食品有限公司(电商标快),商企类,其他,其他,白银,2023-06-21,03949561,金伟,,,03949561,金伟,0.0017,0.0267547171,190.24,0,0,0
1959,420000,湖北省,420100,武汉市,420117,新洲区,43000600,湖北省寄递事业部,43001800,武汉市寄递事业部,43040018,武汉市新洲区寄递事业部,43040007,武汉市新洲阳逻揽投部,43040007,武汉市新洲阳逻揽投部,C1101104520409,武汉海华塑料股份有限公司,91100922852594,武汉海华塑料股份有限公司,1100154013624,武汉海华塑料股份有限公司(武汉海华塑料股份有限公司),商企类,生产加工制造业,印刷、包装、造纸、办公设备、轻工业,普通,2023-05-17,01616791,梅志金,,,,,0,0,0,0.0001,0.0009433962,0.1
1960,420000,湖北省,420100,武汉市,420117,新洲区,43000600,湖北省寄递事业部,43001800,武汉市寄递事业部,43040018,武汉市新洲区寄递事业部,43040007,武汉市新洲阳逻揽投部,43040007,武汉市新洲阳逻揽投部,C1101128735414,武汉市长江新区阳逻婴之园食品经营部（个体工商户）,91100928253898,武汉市长江新区阳逻婴之园食品经营部（个体工商户）,1100156772101,武汉市长江新区阳逻婴之园食品经营部（个体工商户）(武汉市新洲区阳逻爱亲母婴生活馆),商企类,生鲜特产,其他类,黄金,2023-06-05,"01616872,03275934,04274758,01616791","叶想平,陈龙,胡汉涛,梅志金",,,"01616872,04274758,03275934,01616791","叶想平,陈龙,梅志金,胡汉涛",0.0058,0.0545283014,169.96,0.0044,0.0481995399,268.32
1961,420000,湖北省,420100,武汉市,420117,新洲区,43000600,湖北省寄递事业部,43001800,武汉市寄递事业部,43040018,武汉市新洲区寄递事业部,43040007,武汉市新洲阳逻揽投部,43040007,武汉市新洲阳逻揽投部,C1101179446969,武汉紫薇文旅集团有限公司,91101082307508,武汉紫薇文旅集团有限公司,1100211577634,武汉紫薇文旅集团有限公司(电商标快),商企类,传媒、娱乐、体育、旅游,旅游度假,普通,2025-01-22,01616873,袁治国,,,,,0,0,0,0.0066,0.0541958204,328.4
1962,420000,湖北省,420100,武汉市,420117,新洲区,43000600,湖北省寄递事业部,43001800,武汉市寄递事业部,43040018,武汉市新洲区寄递事业部,43040007,武汉市新洲阳逻揽投部,43040007,武汉市新洲阳逻揽投部,C1101432985116,中冶南方（武汉）重工制造有限公司武汉阳逻分公司,91100998851901,中冶南方（武汉）重工制造有限公司武汉阳逻分公司,1100185286204,中冶南方（武汉）重工制造有限公司武汉阳逻分公司(标快),商企类,生产加工制造业,大型设备、机电设备、重工业,普通,2024-02-08,03949561,金伟,,,,,0,0,0,0.0001,0.0009433962,0.1
1963,420000,湖北省,420100,武汉市,420117,新洲区,43000600,湖北省寄递事业部,43001800,武汉市寄递事业部,43040018,武汉市新洲区寄递事业部,43040007,武汉市新洲阳逻揽投部,43040007,武汉市新洲阳逻揽投部,C1101506544951,中国工商银行股份有限公司武汉新洲支行,91101085932213,中国工商银行股份有限公司武汉新洲支行,1100212205093,中国工商银行股份有限公司武汉新洲支行(特快专递),商企类,金融类,卡函寄递,普通,2025-02-08,04290738,任凡,,,04290738,任凡,0.0464,0.4414150823,46.95,0.0012,0.0164685389,1.5
1964,420000,湖北省,420100,武汉市,420117,新洲区,43000600,湖北省寄递事业部,43001800,武汉市寄递事业部,43040018,武汉市新洲区寄递事业部,43040007,武汉市新洲阳逻揽投部,43040007,武汉市新洲阳逻揽投部,C1101552304417,武汉齐达康能源装备有限公司,91100982789421,武汉齐达康能源装备有限公司,1100193023684,武汉齐达康能源装备有限公司(特快),商企类,能源、矿产、环保,能源、矿产、采掘、冶炼,普通,2024-06-03,03949561,金伟,,,,,0,0,0,0.0004,0.0072384455,0.4
1965,420000,湖北省,420100,武汉市,420117,新洲区,43000600,湖北省寄递事业部,43001800,武汉市寄递事业部,43040018,武汉市新洲区寄递事业部,43040007,武汉市新洲阳逻揽投部,43040007,武汉市新洲阳逻揽投部,C1101647125491,武汉兴佳备装饰设计工程有限公司,91100998852351,武汉兴佳备装饰设计工程有限公司,1100185286923,武汉兴佳备装饰设计工程有限公司(标快),商企类,生产加工制造业,加工制造,普通,2024-02-08,03949561,金伟,,,,,0,0,0,0.0017,0.0238338583,21.45
1966,420000,湖北省,420100,武汉市,420117,新洲区,43000600,湖北省寄递事业部,43001800,武汉市寄递事业部,43040018,武汉市新洲区寄递事业部,43040007,武汉市新洲阳逻揽投部,43040007,武汉市新洲阳逻揽投部,C1101985793868,正泰高压电气设备（武汉）有限公司,91100998851912,正泰高压电气设备（武汉）有限公司,1100185286215,正泰高压电气设备（武汉）有限公司(武汉正泰高压电气设备（武汉）有限公司),商企类,能源、矿产、环保,电气、电力、煤气、水利,普通,2024-02-08,03949561,金伟,,,,,0,0,0,0.0025,0.0713739659,106.3
1967,420000,湖北省,420100,武汉市,420117,新洲区,43000600,湖北省寄递事业部,43001800,武汉市寄递事业部,43040018,武汉市新洲区寄递事业部,43040007,武汉市新洲阳逻揽投部,43040007,武汉市新洲阳逻揽投部,C1103381454055,南京鸿牛科技有限公司,91101206872705,南京鸿牛-阳逻仓,1100246727257,南京鸿牛(极速鲜),商企类,生鲜特产,冷鲜类,,2026-06-24,04235867,胡栋,,,04235867,胡栋,0.2901,0.9821320256,4822.795,0,0,0
1968,420000,湖北省,420100,武汉市,420117,新洲区,43000600,湖北省寄递事业部,43001800,武汉市寄递事业部,43040018,武汉市新洲区寄递事业部,43040007,武汉市新洲阳逻揽投部,43040007,武汉市新洲阳逻揽投部,P0000001904789,王成刚,80000002232942,王成刚,1030001006078,王成刚(邮政公事寄递),商企类,其他,其他,白银,2015-11-23,19601021,寄递武汉市,4012140468,寄递武汉市,,,0,0,0,0.0001,0.0003773585,0.1
1969,420000,湖北省,420100,武汉市,420117,新洲区,43000600,湖北省寄递事业部,43001800,武汉市寄递事业部,43040018,武汉市新洲区寄递事业部,43040007,武汉市新洲阳逻揽投部,43040007,武汉市新洲阳逻揽投部,P0000002207472,沈友枝,80000002601458,沈友枝,1030002311449,沈友枝(武汉钢铁江北集团金属制品有限公司),商企类,生产加工制造业,加工制造,普通,2015-12-04,04049305,钱林森,,,,,0,0,0,0.0001,0.0009433962,0.1
1970,420000,湖北省,420100,武汉市,420117,新洲区,43000600,湖北省寄递事业部,43001800,武汉市寄递事业部,43040018,武汉市新洲区寄递事业部,43040007,武汉市新洲阳逻揽投部,43040007,武汉市新洲阳逻揽投部,P1100098601040,吴先华,81100100003040,吴先华,1100221122563,吴先华(特快专递),商企类,传媒、娱乐、体育、旅游,出版、影视、文化传播,普通,2025-06-27,04143830,孙威,,,,,0,0,0,0.0001,0.0009433962,0.1
1971,420000,湖北省,420100,武汉市,420117,新洲区,43000600,湖北省寄递事业部,43001800,武汉市寄递事业部,43040018,武汉市新洲区寄递事业部,43040007,武汉市新洲阳逻揽投部,43040007,武汉市新洲阳逻揽投部,P1100484019884,童耀,81100444310705,童耀,1100221380334,童耀(特快专递),商企类,传媒、娱乐、体育、旅游,出版、影视、文化传播,普通,2025-06-30,04143830,孙威,,,,,0,0,0,0.0001,0.0009433962,0.1
1972,420000,湖北省,420100,武汉市,420117,新洲区,43000600,湖北省寄递事业部,43001800,武汉市寄递事业部,43040018,武汉市新洲区寄递事业部,43040007,武汉市新洲阳逻揽投部,43040007,武汉市新洲阳逻揽投部,P1100723244431,薛莲,81100672526943,薛莲,1100221122305,薛莲(特快专递),商企类,传媒、娱乐、体育、旅游,出版、影视、文化传播,普通,2025-06-27,04143830,孙威,,,,,0,0,0,0.0001,0.0009433962,0.1
1973,420000,湖北省,420100,武汉市,420117,新洲区,43000600,湖北省寄递事业部,43001800,武汉市寄递事业部,43040018,武汉市新洲区寄递事业部,43040007,武汉市新洲阳逻揽投部,43040007,武汉市新洲阳逻揽投部,P1103740287564,陈亚林,81101094187798,陈亚林,1100221380255,陈亚林(特快专递),商企类,传媒、娱乐、体育、旅游,出版、影视、文化传播,普通,2025-06-30,04143830,孙威,,,,,0,0,0,0.0001,0.0009433962,0.1
1974,420000,湖北省,420100,武汉市,420117,新洲区,43000600,湖北省寄递事业部,43001800,武汉市寄递事业部,43040018,武汉市新洲区寄递事业部,43040007,武汉市新洲阳逻揽投部,43040007,武汉市新洲阳逻揽投部,P1103782554387,应炯,81101112718991,应炯,1100221122383,应炯(特快专递),商企类,传媒、娱乐、体育、旅游,出版、影视、文化传播,普通,2025-06-27,04143830,孙威,,,,,0,0,0,0.0001,0.0009433962,0.1
1975,420000,湖北省,420100,武汉市,420117,新洲区,43000600,湖北省寄递事业部,43001800,武汉市寄递事业部,43040018,武汉市新洲区寄递事业部,43040007,武汉市新洲阳逻揽投部,43040007,武汉市新洲阳逻揽投部,P1103782554613,姚桂兰,81101112719778,姚桂兰,1100221124149,姚桂兰(特快专递),商企类,传媒、娱乐、体育、旅游,出版、影视、文化传播,普通,2025-06-27,04143830,孙威,,,,,0,0,0,0.0001,0.0009433962,0.1
1976,420000,湖北省,420100,武汉市,420117,新洲区,43000600,湖北省寄递事业部,43001800,武汉市寄递事业部,43040018,武汉市新洲区寄递事业部,43040007,武汉市新洲阳逻揽投部,43040007,武汉市新洲阳逻揽投部,P8100354941207,张璐,88100390168578,张璐,1100221380288,张璐(特快专递),商企类,传媒、娱乐、体育、旅游,出版、影视、文化传播,普通,2025-06-30,04143830,孙威,,,,,0,0,0,0.0001,0.0009433962,0.1
1977,420000,湖北省,420100,武汉市,420117,新洲区,43000600,湖北省寄递事业部,43001800,武汉市寄递事业部,43040018,武汉市新洲区寄递事业部,43040007,武汉市新洲阳逻揽投部,43040007,武汉市新洲阳逻揽投部,P8100634135269,钟香桃,88100965340286,钟香桃,1100221124240,钟香桃(特快专递),商企类,传媒、娱乐、体育、旅游,出版、影视、文化传播,普通,2025-06-27,04143830,孙威,,,,,0,0,0,0.0001,0.0009433962,0.1
1978,420000,湖北省,420100,武汉市,420117,新洲区,43000600,湖北省寄递事业部,43001800,武汉市寄递事业部,43040018,武汉市新洲区寄递事业部,43040007,武汉市新洲阳逻揽投部,43040007,武汉市新洲阳逻揽投部,P8102151329013,骆云良,88102198020753,骆云良,1100221122136,骆云良(特快专递),商企类,传媒、娱乐、体育、旅游,出版、影视、文化传播,普通,2025-06-27,04143830,孙威,,,,,0,0,0,0.0001,0.0009433962,0.1
1979,420000,湖北省,420100,武汉市,420117,新洲区,43000600,湖北省寄递事业部,43001800,武汉市寄递事业部,43040018,武汉市新洲区寄递事业部,43040007,武汉市新洲阳逻揽投部,43040007,武汉市新洲阳逻揽投部,P8102163776281,陈春秀,88101907804402,陈春秀,1100221122530,陈春秀(特快专递),商企类,传媒、娱乐、体育、旅游,出版、影视、文化传播,普通,2025-06-27,04143830,孙威,,,,,0,0,0,0.0001,0.0009433962,0.1
1980,420000,湖北省,420100,武汉市,420117,新洲区,43000600,湖北省寄递事业部,43001800,武汉市寄递事业部,43040018,武汉市新洲区寄递事业部,43040007,武汉市新洲阳逻揽投部,43040007,武汉市新洲阳逻揽投部,P8102258599728,李选国,88102013611418,李选国,1100221122024,李选国(特快专递),商企类,传媒、娱乐、体育、旅游,出版、影视、文化传播,普通,2025-06-27,04143830,孙威,,,,,0,0,0,0.0001,0.0009433962,0.1
1981,420000,湖北省,420100,武汉市,420117,新洲区,43000600,湖北省寄递事业部,43001800,武汉市寄递事业部,43040018,武汉市新洲区寄递事业部,43040007,武汉市新洲阳逻揽投部,43040007,武汉市新洲阳逻揽投部,P8102476343413,汪玲芳,88102994832949,汪玲芳,1100221123856,汪玲芳(特快专递),商企类,传媒、娱乐、体育、旅游,出版、影视、文化传播,普通,2025-06-27,04143830,孙威,,,,,0,0,0,0.0001,0.0009433962,0.1
1982,420000,湖北省,420100,武汉市,420117,新洲区,43000600,湖北省寄递事业部,43001800,武汉市寄递事业部,43040018,武汉市新洲区寄递事业部,43040007,武汉市新洲阳逻揽投部,43040007,武汉市新洲阳逻揽投部,P8102723148860,胡冰洁,88103003195471,胡冰洁,1100221124464,胡冰洁(特快专递),商企类,传媒、娱乐、体育、旅游,出版、影视、文化传播,普通,2025-06-27,04143830,孙威,,,,,0,0,0,0.0001,0.0009433962,0.1
1983,420000,湖北省,420100,武汉市,420117,新洲区,43000600,湖北省寄递事业部,43001800,武汉市寄递事业部,43040018,武汉市新洲区寄递事业部,43040007,武汉市新洲阳逻揽投部,43040007,武汉市新洲阳逻揽投部,P8103294000546,吴群,88103269351019,吴群,1100221122529,吴群(特快专递),商企类,传媒、娱乐、体育、旅游,出版、影视、文化传播,普通,2025-06-27,04143830,孙威,,,,,0,0,0,0.0001,0.0009433962,0.1
1984,420000,湖北省,420100,武汉市,420117,新洲区,43000600,湖北省寄递事业部,43001800,武汉市寄递事业部,43040018,武汉市新洲区寄递事业部,43040007,武汉市新洲阳逻揽投部,43040007,武汉市新洲阳逻揽投部,P8105024812630,雷春华,88105169002002,雷春华,1100221121955,雷春华(特快专递),商企类,传媒、娱乐、体育、旅游,出版、影视、文化传播,普通,2025-06-27,04143830,孙威,,,,,0,0,0,0.0001,0.0009433962,0.1
1985,420000,湖北省,420100,武汉市,420117,新洲区,43000600,湖北省寄递事业部,43001800,武汉市寄递事业部,43040018,武汉市新洲区寄递事业部,43040007,武汉市新洲阳逻揽投部,43040007,武汉市新洲阳逻揽投部,P8105164598816,李平,81100560136621,李平,1100221121944,李平(特快专递),商企类,传媒、娱乐、体育、旅游,出版、影视、文化传播,普通,2025-06-27,04143830,孙威,,,,,0,0,0,0.0001,0.0009433962,0.1
1986,420000,湖北省,420100,武汉市,420117,新洲区,43000600,湖北省寄递事业部,43001800,武汉市寄递事业部,43040018,武汉市新洲区寄递事业部,43040007,武汉市新洲阳逻揽投部,43040007,武汉市新洲阳逻揽投部,P8105169048204,朱子艳,88105237019376,朱子艳,1100221124543,朱子艳(特快专递),商企类,传媒、娱乐、体育、旅游,出版、影视、文化传播,普通,2025-06-27,04143830,孙威,,,,,0,0,0,0.0001,0.0009433962,0.1
1987,420000,湖北省,420100,武汉市,420117,新洲区,43000600,湖北省寄递事业部,43001800,武汉市寄递事业部,43040018,武汉市新洲区寄递事业部,43040007,武汉市新洲阳逻揽投部,43040007,武汉市新洲阳逻揽投部,P8105464966267,祁斌,88105511518320,祁斌,1100221122439,祁斌(特快专递),商企类,传媒、娱乐、体育、旅游,出版、影视、文化传播,普通,2025-06-27,04143830,孙威,,,,,0,0,0,0.0001,0.0009433962,0.1
1988,420000,湖北省,420100,武汉市,420117,新洲区,43000600,湖北省寄递事业部,43001800,武汉市寄递事业部,43040018,武汉市新洲区寄递事业部,43040007,武汉市新洲阳逻揽投部,43040007,武汉市新洲阳逻揽投部,P8105492293654,姚金璧,88105602443362,姚金璧,1100221124420,姚金璧(特快专递),商企类,传媒、娱乐、体育、旅游,出版、影视、文化传播,普通,2025-06-27,04143830,孙威,,,,,0,0,0,0.0001,0.0009433962,0.1
1989,420000,湖北省,420100,武汉市,420117,新洲区,43000600,湖北省寄递事业部,43001800,武汉市寄递事业部,43040018,武汉市新洲区寄递事业部,43040007,武汉市新洲阳逻揽投部,43040007,武汉市新洲阳逻揽投部,P8105496322909,林佩,88105524785353,林佩,1100221124442,林佩(特快专递),商企类,传媒、娱乐、体育、旅游,出版、影视、文化传播,普通,2025-06-27,04143830,孙威,,,,,0,0,0,0.0001,0.0009433962,0.1
1990,420000,湖北省,420100,武汉市,420117,新洲区,43000600,湖北省寄递事业部,43001800,武汉市寄递事业部,43040018,武汉市新洲区寄递事业部,43040007,武汉市新洲阳逻揽投部,43040007,武汉市新洲阳逻揽投部,P8105581061634,陈细珍,88105718738659,陈细珍,1100221124509,陈细珍(特快专递),商企类,传媒、娱乐、体育、旅游,出版、影视、文化传播,普通,2025-06-27,04143830,孙威,,,,,0,0,0,0.0001,0.0009433962,0.1
1991,420000,湖北省,420100,武汉市,420117,新洲区,43000600,湖北省寄递事业部,43001800,武汉市寄递事业部,43040018,武汉市新洲区寄递事业部,43040007,武汉市新洲阳逻揽投部,43040007,武汉市新洲阳逻揽投部,P8105603426072,张祖明,88105726598562,张祖明,1100221124363,张祖明(特快专递),商企类,传媒、娱乐、体育、旅游,出版、影视、文化传播,普通,2025-06-27,04143830,孙威,,,,,0,0,0,0.0001,0.0009433962,0.1
1992,420000,湖北省,420100,武汉市,420117,新洲区,43000600,湖北省寄递事业部,43001800,武汉市寄递事业部,43040018,武汉市新洲区寄递事业部,43040007,武汉市新洲阳逻揽投部,43040007,武汉市新洲阳逻揽投部,P8105851011943,陈利,88105867465774,陈利,1100221122507,陈利(特快专递),商企类,传媒、娱乐、体育、旅游,出版、影视、文化传播,普通,2025-06-27,04143830,孙威,,,,,0,0,0,0.0001,0.0009433962,0.1
1993,420000,湖北省,420100,武汉市,420117,新洲区,43000600,湖北省寄递事业部,43001800,武汉市寄递事业部,43040018,武汉市新洲区寄递事业部,43040007,武汉市新洲阳逻揽投部,43040007,武汉市新洲阳逻揽投部,P8106748296539,曾菊平,88106737676135,曾菊平,1100221124598,曾菊平(特快专递),商企类,传媒、娱乐、体育、旅游,出版、影视、文化传播,普通,2025-06-27,04143830,孙威,,,,,0,0,0,0.0001,0.0009433962,0.1
1994,420000,湖北省,420100,武汉市,420117,新洲区,43000600,湖北省寄递事业部,43001800,武汉市寄递事业部,43040018,武汉市新洲区寄递事业部,43040019,武汉市新洲陆港揽投部,43040019,武汉市新洲陆港揽投部,C0000000546522,武昌船舶重工集团有限公司,91100913207374,武昌船舶重工集团有限公司-武昌船舶重工集团有限公司（新洲）,1100150822639,武昌船舶重工集团有限公司(标准特快),商企类,生产加工制造业,加工制造,白银,2023-04-11,04143830,孙威,,,04143830,孙威,0.0035,0.0524716986,13.2,0,0,0
1995,420000,湖北省,420100,武汉市,420117,新洲区,43000600,湖北省寄递事业部,43001800,武汉市寄递事业部,43040018,武汉市新洲区寄递事业部,43040019,武汉市新洲陆港揽投部,43040019,武汉市新洲陆港揽投部,C0000003987311,湖北大明金属科技有限公司,90000005082870,湖北大明金属科技有限公司,1030001390636,湖北大明金属科技有限公司(特快专递),商企类,生产加工制造业,加工制造,白银,2015-11-23,04290739,殷思源,,,04290739,殷思源,0.0076,0.0875471715,43.93,0,0,0
1996,420000,湖北省,420100,武汉市,420117,新洲区,43000600,湖北省寄递事业部,43001800,武汉市寄递事业部,43040018,武汉市新洲区寄递事业部,43040019,武汉市新洲陆港揽投部,43040019,武汉市新洲陆港揽投部,C0000008519104,武汉港集装箱有限公司,90000010550146,武汉港集装箱有限公司,1030001374683,武汉港集装箱有限公司(武汉港集装箱有限公司),商企类,交通运输、物流仓储,交通运输,普通,2017-09-14,"04290738,04290739","任凡,殷思源",,,"04290738,04290739","任凡,殷思源",0.0029,0.03490566,9.33,0,0,0
1998,420000,湖北省,420100,武汉市,420117,新洲区,43000600,湖北省寄递事业部,43001800,武汉市寄递事业部,43040018,武汉市新洲区寄递事业部,43040019,武汉市新洲陆港揽投部,43040019,武汉市新洲陆港揽投部,C1100915774814,武汉汉源既济电力有限公司,91100998842585,武汉汉源既济电力有限公司-（新洲）,1100185210010,武汉汉源既济电力有限公司(特快专递),商企类,能源、矿产、环保,电气、电力、煤气、水利,普通,2024-02-07,03949561,金伟,,,03949561,金伟,0.003,0.0352830193,8.4,0,0,0
1999,420000,湖北省,420100,武汉市,420117,新洲区,43000600,湖北省寄递事业部,43001800,武汉市寄递事业部,43040018,武汉市新洲区寄递事业部,43040019,武汉市新洲陆港揽投部,43040019,武汉市新洲陆港揽投部,C1100940527975,武汉隽永粮油食品有限公司,91100932684914,武汉隽永粮油食品有限公司-武汉隽永粮油食品有限公司（新洲）,1100159113271,武汉隽永粮油食品有限公司(电商标快),商企类,其他,其他,白银,2023-06-21,03949561,金伟,,,03949561,金伟,0.0282,0.3125188661,1886.48,0,0,0
2001,420000,湖北省,420100,武汉市,420117,新洲区,43000600,湖北省寄递事业部,43001800,武汉市寄递事业部,43040018,武汉市新洲区寄递事业部,43040019,武汉市新洲陆港揽投部,43040019,武汉市新洲陆港揽投部,C1101151589822,快宝(上海)网络技术有限公司,91101016932925,快宝(上海)网络技术有限公司-快宝上门取件武汉市,1100189814441,快宝(上海)网络技术有限公司(上海)网络技术有限公司(快宝上门取件武汉市),商企类,退换货（商企）,快宝退换货（商企）,普通,2024-04-10,"03916800,03881828","徐玉婷,申莉莉",,,03916800,徐玉婷,0.0008,0.0120754718,6.1,0,0,0
2002,420000,湖北省,420100,武汉市,420117,新洲区,43000600,湖北省寄递事业部,43001800,武汉市寄递事业部,43040018,武汉市新洲区寄递事业部,43040019,武汉市新洲陆港揽投部,43040019,武汉市新洲陆港揽投部,C1101179446969,武汉紫薇文旅集团有限公司,91101082307508,武汉紫薇文旅集团有限公司,1100211577634,武汉紫薇文旅集团有限公司(电商标快),商企类,传媒、娱乐、体育、旅游,旅游度假,普通,2025-01-22,01616873,袁治国,,,01616873,袁治国,0.0079,0.065754718,397.72,0,0,0
2003,420000,湖北省,420100,武汉市,420117,新洲区,43000600,湖北省寄递事业部,43001800,武汉市寄递事业部,43040018,武汉市新洲区寄递事业部,43040019,武汉市新洲陆港揽投部,43040019,武汉市新洲陆港揽投部,C1101432985116,中冶南方（武汉）重工制造有限公司武汉阳逻分公司,91100998851901,中冶南方（武汉）重工制造有限公司武汉阳逻分公司,1100185286204,中冶南方（武汉）重工制造有限公司武汉阳逻分公司(标快),商企类,生产加工制造业,大型设备、机电设备、重工业,普通,2024-02-08,03949561,金伟,,,03949561,金伟,0.0005,0.0049056603,0.5,0,0,0
2004,420000,湖北省,420100,武汉市,420117,新洲区,43000600,湖北省寄递事业部,43001800,武汉市寄递事业部,43040018,武汉市新洲区寄递事业部,43040019,武汉市新洲陆港揽投部,43040019,武汉市新洲陆港揽投部,C1101552304417,武汉齐达康能源装备有限公司,91100982789421,武汉齐达康能源装备有限公司,1100193023684,武汉齐达康能源装备有限公司(特快),商企类,能源、矿产、环保,能源、矿产、采掘、冶炼,普通,2024-06-03,03949561,金伟,,,03949561,金伟,0.0016,0.0656603771,102.6,0,0,0
2005,420000,湖北省,420100,武汉市,420117,新洲区,43000600,湖北省寄递事业部,43001800,武汉市寄递事业部,43040018,武汉市新洲区寄递事业部,43040019,武汉市新洲陆港揽投部,43040019,武汉市新洲陆港揽投部,C1101647125491,武汉兴佳备装饰设计工程有限公司,91100998852351,武汉兴佳备装饰设计工程有限公司,1100185286923,武汉兴佳备装饰设计工程有限公司(特快),商企类,生产加工制造业,加工制造,普通,2024-02-08,03949561,金伟,,,03949561,金伟,0.0022,0.037033019,46.6,0,0,0
2006,420000,湖北省,420100,武汉市,420117,新洲区,43000600,湖北省寄递事业部,43001800,武汉市寄递事业部,43040018,武汉市新洲区寄递事业部,43040019,武汉市新洲陆港揽投部,43040019,武汉市新洲陆港揽投部,C1101985793868,正泰高压电气设备（武汉）有限公司,91100998851912,正泰高压电气设备（武汉）有限公司,1100185286215,正泰高压电气设备（武汉）有限公司(特快专递),商企类,能源、矿产、环保,电气、电力、煤气、水利,普通,2024-02-08,03949561,金伟,,,03949561,金伟,0.0119,0.7325471695,791.75,0,0,0
2007,420000,湖北省,420100,武汉市,420117,新洲区,43000600,湖北省寄递事业部,43001800,武汉市寄递事业部,43040018,武汉市新洲区寄递事业部,43040019,武汉市新洲陆港揽投部,43040019,武汉市新洲陆港揽投部,P0000004690908,梅火咏,88102655318762,梅火咏,1100240011707,梅火咏(特快),商企类,传媒、娱乐、体育、旅游,出版、影视、文化传播,,2025-12-26,04143830,孙威,,,04143830,孙威,0.0001,0.0009433962,0.1,0,0,0
2008,420000,湖北省,420100,武汉市,420117,新洲区,43000600,湖北省寄递事业部,43001800,武汉市寄递事业部,43040018,武汉市新洲区寄递事业部,43040019,武汉市新洲陆港揽投部,43040019,武汉市新洲陆港揽投部,P0000004690964,张元发,80000005320257,张元发,1100240011763,张元发(特快),商企类,传媒、娱乐、体育、旅游,出版、影视、文化传播,,2025-12-26,04143830,孙威,,,04143830,孙威,0.0001,0.0009433962,0.1,0,0,0
2009,420000,湖北省,420100,武汉市,420117,新洲区,43000600,湖北省寄递事业部,43001800,武汉市寄递事业部,43040018,武汉市新洲区寄递事业部,43040019,武汉市新洲陆港揽投部,43040019,武汉市新洲陆港揽投部,P0000004695161,宋梅,88102780369903,宋梅,1100240011729,宋梅(特快),商企类,传媒、娱乐、体育、旅游,出版、影视、文化传播,,2025-12-26,04143830,孙威,,,04143830,孙威,0.0001,0.0009433962,0.1,0,0,0
2010,420000,湖北省,420100,武汉市,420117,新洲区,43000600,湖北省寄递事业部,43001800,武汉市寄递事业部,43040018,武汉市新洲区寄递事业部,43040019,武汉市新洲陆港揽投部,43040019,武汉市新洲陆港揽投部,P0000004695587,程胜英,88100460102237,程胜英,1100240011752,程胜英(特快),商企类,传媒、娱乐、体育、旅游,出版、影视、文化传播,,2025-12-26,04143830,孙威,,,04143830,孙威,0.0001,0.0009433962,0.1,0,0,0
2011,420000,湖北省,420100,武汉市,420117,新洲区,43000600,湖北省寄递事业部,43001800,武汉市寄递事业部,43040018,武汉市新洲区寄递事业部,43040019,武汉市新洲陆港揽投部,43040019,武汉市新洲陆港揽投部,P0000004695947,刘佑喜,88104429368454,刘佑喜,1100240011730,刘佑喜(特快),商企类,传媒、娱乐、体育、旅游,出版、影视、文化传播,,2025-12-26,04143830,孙威,,,04143830,孙威,0.0001,0.0009433962,0.1,0,0,0
2012,420000,湖北省,420100,武汉市,420117,新洲区,43000600,湖北省寄递事业部,43001800,武汉市寄递事业部,43040018,武汉市新洲区寄递事业部,43040019,武汉市新洲陆港揽投部,43040019,武汉市新洲陆港揽投部,P0000004697231,陈慧娟,88103494027266,陈慧娟,1100240011695,陈慧娟(特快),商企类,传媒、娱乐、体育、旅游,出版、影视、文化传播,,2025-12-26,04143830,孙威,,,04143830,孙威,0.0001,0.0009433962,0.1,0,0,0
2013,420000,湖北省,420100,武汉市,420117,新洲区,43000600,湖北省寄递事业部,43001800,武汉市寄递事业部,43040018,武汉市新洲区寄递事业部,43040019,武汉市新洲陆港揽投部,43040019,武汉市新洲陆港揽投部,P0000004697242,王小平,88100365876992,王小平,1100240011741,王小平(特快),商企类,传媒、娱乐、体育、旅游,出版、影视、文化传播,,2025-12-26,04143830,孙威,,,04143830,孙威,0.0001,0.0009433962,0.1,0,0,0
2014,420000,湖北省,420100,武汉市,420117,新洲区,43000600,湖北省寄递事业部,43001800,武汉市寄递事业部,43040018,武汉市新洲区寄递事业部,43040019,武汉市新洲陆港揽投部,43040019,武汉市新洲陆港揽投部,P0000006320135,郑先章,80000006995504,郑先章,1100240011785,郑先章(特快),商企类,传媒、娱乐、体育、旅游,出版、影视、文化传播,,2025-12-26,04143830,孙威,,,04143830,孙威,0.0001,0.0009433962,0.1,0,0,0
2015,420000,湖北省,420100,武汉市,420117,新洲区,43000600,湖北省寄递事业部,43001800,武汉市寄递事业部,43040018,武汉市新洲区寄递事业部,43040019,武汉市新洲陆港揽投部,43040019,武汉市新洲陆港揽投部,P0000008054838,张惠斌,88102151604176,张惠斌,1100240011774,张惠斌(特快),商企类,传媒、娱乐、体育、旅游,出版、影视、文化传播,,2025-12-26,04143830,孙威,,,04143830,孙威,0.0001,0.0009433962,0.1,0,0,0
2016,420000,湖北省,420100,武汉市,420117,新洲区,43000600,湖北省寄递事业部,43001800,武汉市寄递事业部,43040018,武汉市新洲区寄递事业部,43040019,武汉市新洲陆港揽投部,43040019,武汉市新洲陆港揽投部,P0000008706001,肖水子,80000009444258,肖水子,1100240011796,肖水子(特快),商企类,传媒、娱乐、体育、旅游,出版、影视、文化传播,,2025-12-26,04143830,孙威,,,04143830,孙威,0.0001,0.0009433962,0.1,0,0,0
2017,420000,湖北省,420100,武汉市,420117,新洲区,43000600,湖北省寄递事业部,43001800,武汉市寄递事业部,43040018,武汉市新洲区寄递事业部,43040019,武汉市新洲陆港揽投部,43040019,武汉市新洲陆港揽投部,P8103447260779,陈雪梅,88103130676140,陈雪梅,1100240011662,陈雪梅(特快),商企类,传媒、娱乐、体育、旅游,出版、影视、文化传播,,2025-12-26,04143830,孙威,,,04143830,孙威,0.0001,0.0009433962,0.1,0,0,0
2018,420000,湖北省,420100,武汉市,420117,新洲区,43000600,湖北省寄递事业部,43001800,武汉市寄递事业部,43040018,武汉市新洲区寄递事业部,43040019,武汉市新洲陆港揽投部,43040019,武汉市新洲陆港揽投部,P8106200011290,沈珍,88106111294755,沈珍,1100240011718,沈珍(特快),商企类,传媒、娱乐、体育、旅游,出版、影视、文化传播,,2025-12-26,04143830,孙威,,,04143830,孙威,0.0001,0.0009433962,0.1,0,0,0
2019,420000,湖北省,420100,武汉市,420117,新洲区,43000600,湖北省寄递事业部,43001800,武汉市寄递事业部,43040018,武汉市新洲区寄递事业部,43040021,武汉市新洲邾城南街揽投部,43040021,武汉市新洲邾城南街揽投部,C0000001994092,湖北中邮物流有限责任公司,91100986812589,湖北中邮物流有限责任公司-武汉市移动小件业务（政企客户部）,1100180717264,湖北中邮物流有限责任公司(武汉市移动小件业务（政企客户部）),商企类,IT通讯类,通讯运营商,普通,2023-12-22,04196911,李萌,,,,,0,0,0,0.0004,0.0032,0.04
2020,420000,湖北省,420100,武汉市,420117,新洲区,43000600,湖北省寄递事业部,43001800,武汉市寄递事业部,43040018,武汉市新洲区寄递事业部,43040021,武汉市新洲邾城南街揽投部,43040021,武汉市新洲邾城南街揽投部,C0000001994092,湖北中邮物流有限责任公司,91100986819980,湖北中邮物流有限责任公司-武汉市移动小件业务（高校部）,1100180728750,湖北中邮物流有限责任公司(武汉市移动小件业务（高校部）),商企类,IT通讯类,通讯运营商,白银,2023-12-22,04017737,戢杏娥,,,,,0,0,0,0.0002,0.0018584906,3.01
2022,420000,湖北省,420100,武汉市,420117,新洲区,43000600,湖北省寄递事业部,43001800,武汉市寄递事业部,43040018,武汉市新洲区寄递事业部,43040021,武汉市新洲邾城南街揽投部,43040021,武汉市新洲邾城南街揽投部,C1100418845271,中国电信股份有限公司湖北财务共享服务中心,91100376289568,中国电信股份有限公司湖北财务共享服务中心,1100060469995,中国电信股份有限公司湖北财务共享服务中心(武汉电信会计凭证),商企类,IT通讯类,通讯运营商,白银,2020-08-04,04143834,万仲瑾,4012401312,吴涛,04143834,万仲瑾,0.0001,0.0009433962,0.692,0.0001,0.0012179245,0.78
2023,420000,湖北省,420100,武汉市,420117,新洲区,43000600,湖北省寄递事业部,43001800,武汉市寄递事业部,43040018,武汉市新洲区寄递事业部,43040021,武汉市新洲邾城南街揽投部,43040021,武汉市新洲邾城南街揽投部,C1100498373411,中国农业银行股份有限公司武汉新洲支行,91100458654891,中国农业银行股份有限公司武汉新洲支行,1100242050016,中国农业银行股份有限公司武汉新洲支行(特快),商企类,金融类,其他,,2026-01-16,03275934,胡汉涛,,,03275934,胡汉涛,0.0312,0.308679238400001,15.288,0,0,0
2025,420000,湖北省,420100,武汉市,420117,新洲区,43000600,湖北省寄递事业部,43001800,武汉市寄递事业部,43040018,武汉市新洲区寄递事业部,43040021,武汉市新洲邾城南街揽投部,43040021,武汉市新洲邾城南街揽投部,C1101144449188,武汉市新洲区冬爱食品经营部,91100935393284,武汉市新洲区冬爱食品经营部,1100160859911,武汉市新洲区冬爱食品经营部(武汉市新洲区冬爱食品经营部),商企类,贸易、消费品、调换货,快速消费品（食品、饮料、烟酒、日化）,普通,2023-07-01,04016280,程志宏,,,,,0,0,0,0.0225,0.2230022011,5.925
2026,420000,湖北省,420100,武汉市,420117,新洲区,43000600,湖北省寄递事业部,43001800,武汉市寄递事业部,43040018,武汉市新洲区寄递事业部,43040021,武汉市新洲邾城南街揽投部,43040021,武汉市新洲邾城南街揽投部,C1101506544951,中国工商银行股份有限公司武汉新洲支行,91101085932213,中国工商银行股份有限公司武汉新洲支行,1100212205093,中国工商银行股份有限公司武汉新洲支行(特快专递),商企类,金融类,卡函寄递,普通,2025-02-08,04290738,任凡,,,04290738,任凡,0.0041,0.0425471691,18.135,0.002,0.0206521979,8.97
2027,420000,湖北省,420100,武汉市,420117,新洲区,43000600,湖北省寄递事业部,43001800,武汉市寄递事业部,43040018,武汉市新洲区寄递事业部,43046600,武汉市新洲直投揽投部,43046600,武汉市新洲直投揽投部,C1101138458732,武汉市帆成丰硕生物科技有限公司,91100932694623,武汉市帆成丰硕生物科技有限公司,1100159127502,武汉市帆成丰硕生物科技有限公司(武汉市帆成丰硕生物科技有限公司),商企类,贸易、消费品、调换货,零售、批发,普通,2023-06-21,04016280,程志宏,,,,,0,0,0,0.0001,0.0009433962,0.1
